num__operating_hours,num__temperature_c,num__vibration_mm_s,num__pressure_bar,num__days_since_maintenance,num__error_count_30d,num__energy_kw,cat__machine_type_A,cat__machine_type_B,cat__machine_type_C,cat__environment_humedo,cat__environment_polvoriento,cat__environment_seco,failure_next_7_days
-0.2494813316667316,0.14704011819338556,0.5246267575054689,-0.6845713322539794,0.23251915753382435,-0.7218398305181921,-1.9948820789620145,1.0,0.0,0.0,0.0,0.0,1.0,0
-1.9038759451377747,0.9173251310633708,0.5720449014324841,1.5067202408403346,0.7732551743536072,-1.372067878666936,-0.3000802378637126,0.0,0.0,1.0,0.0,0.0,1.0,0
-0.7776132709277617,-0.2963492487827028,0.012510803093703803,-0.6549592839689203,-1.2695253336322392,1.2288443139280396,0.31238420952036916,0.0,1.0,0.0,0.0,0.0,1.0,0
1.186391400393843,-0.4330510643383338,0.36340506815361706,-1.0695279599597367,0.853364213882464,-0.7218398305181921,0.6301595547263014,0.0,1.0,0.0,0.0,0.0,1.0,0
-1.2366438349583766,-0.5554883426185941,-0.36683434832241846,-0.9806918151045612,0.2525464174160385,0.5786162657792957,1.3431170599960198,0.0,1.0,0.0,0.0,0.0,1.0,0
-0.4801183892539614,-0.0158133490337572,-2.083371158480372,-0.8622436219643279,-0.6086257575191713,-1.372067878666936,-0.6531639547591924,0.0,1.0,0.0,1.0,0.0,0.0,0
1.5651028334748194,-0.31655734325614404,0.5056594999346624,0.3370443335805322,0.5329280557670371,1.2288443139280396,2.593848226383468,0.0,0.0,1.0,0.0,0.0,1.0,1
0.12070460706763526,-0.21908300520778065,1.8144002723202843,0.5739407198609988,1.2539094115267475,0.5786162657792957,-1.241184144819741,1.0,0.0,0.0,0.0,0.0,1.0,0
-2.226498599622635,0.6510537685897958,1.0177754543464277,-0.12194241483787067,1.0736640725868198,-0.7218398305181921,0.1602866083961629,1.0,0.0,0.0,0.0,0.0,1.0,0
-2.2372676451130893,0.5202955102322371,-1.713509635849653,1.0773455407069894,-0.40835315869702943,-0.07161178236944823,-0.29329016638495276,1.0,0.0,0.0,1.0,0.0,0.0,0
-0.4343499459195306,-1.9878856273536767,-1.931633097913923,0.026117826587420245,2.4755722643418125,-0.7218398305181921,-0.4223015244813784,0.0,1.0,0.0,0.0,1.0,0.0,0
0.5635816028625686,-1.030972918464264,-0.06335822718952074,0.1445660197276535,0.21249189765161017,-1.372067878666936,-0.9722973142608752,1.0,0.0,0.0,0.0,0.0,1.0,0
0.04262902726184152,-0.9394421376139729,-0.6797940982407195,0.17417806801271116,0.23251915753382435,1.2288443139280396,-1.4869847323508252,1.0,0.0,0.0,0.0,1.0,0.0,1
-0.22659710999951618,0.44897282385538545,-0.2150962877559698,0.011311802444891415,0.6130370952958938,-0.7218398305181921,-1.3620474171416552,1.0,0.0,0.0,0.0,0.0,1.0,0
1.3730548555617175,0.8400588874884504,0.012510803093703803,-1.2175882013850277,-0.5685712377547429,1.8790723620767835,-1.503280903899847,0.0,1.0,0.0,0.0,0.0,1.0,0
-1.6131117168955085,1.5889470944453812,-1.391066257145949,-1.9726954326540138,-1.4898251923365953,-0.7218398305181921,-0.11674830793721332,0.0,0.0,1.0,0.0,0.0,1.0,0
-2.195537593837579,-0.718341809845736,1.1220953709858617,-0.5217050666861582,1.754590908582102,-0.7218398305181921,1.2032415875335796,0.0,1.0,0.0,0.0,0.0,1.0,0
0.7138995295001601,1.235899796879971,0.09786346216233119,0.8700612027115819,-0.6086257575191713,0.5786162657792957,-0.25798179469540505,1.0,0.0,0.0,0.0,1.0,0.0,1
-0.04845914917825117,0.1933998643383385,-0.11077637111653585,-1.4396785635229654,-0.8689801359879556,-0.07161178236944823,-0.5418067825075411,0.0,1.0,0.0,0.0,0.0,1.0,0
0.16333207880068357,0.2944403367055428,1.6152440678268203,0.1297599955851247,-0.7688438365768847,1.2288443139280396,-2.0831530081858847,0.0,1.0,0.0,1.0,0.0,0.0,0
-1.8231081039593675,-0.06930536381639549,0.7237829619989332,1.3882720477001014,1.0536368127046059,-1.372067878666936,1.6106458762591331,0.0,0.0,1.0,1.0,0.0,0.0,0
-1.5161903074814196,0.5856746394110165,-1.078106507227648,0.011311802444891415,-0.08791700058160255,-1.372067878666936,-0.46983202483269315,0.0,0.0,1.0,0.0,1.0,0.0,0
0.09871780585795771,1.48909533351779,-2.348912764471658,-0.46248097011604167,-0.18805329999267345,-0.07161178236944823,0.3707788242376994,1.0,0.0,0.0,0.0,0.0,1.0,0
-0.08256112656468981,-2.0829825425228106,1.5867931814706115,0.6035527681460564,0.35268271682710944,-1.372067878666936,0.5378145826151759,0.0,0.0,1.0,0.0,0.0,1.0,1
0.4680063241347867,1.0147994691117341,1.3402188330501315,-0.003494221697638729,1.7746181684643163,-0.07161178236944823,-0.33946265244051593,1.0,0.0,0.0,1.0,0.0,0.0,0
-0.17903382575000965,0.3788388489181486,-0.43321974982024014,1.0625395165644607,0.3927372365915378,-0.7218398305181921,0.8569479421168597,0.0,0.0,1.0,0.0,1.0,0.0,0
1.4870272536690257,0.7104893405705046,-1.391066257145949,-0.9954978392470913,1.0135822929401774,-0.7218398305181921,-1.9269813641744222,1.0,0.0,0.0,1.0,0.0,0.0,0
0.8112696491430178,-0.41046554698566473,-0.30044894682459716,-0.5957351873988037,0.3126281970626811,-0.07161178236944823,1.3064506740107196,0.0,0.0,1.0,1.0,0.0,0.0,0
1.3748496964767933,-0.5138834422320969,0.9229391664923974,0.04092385072994907,-0.9691164353990265,-1.372067878666936,-0.41551145300261955,1.0,0.0,0.0,1.0,0.0,0.0,0
-0.13191925172927205,-0.1608361446666866,0.4392740984368416,0.8108371061414653,-0.3883258988148153,0.5786162657792957,1.5848436046398484,0.0,0.0,1.0,0.0,1.0,0.0,0
-0.6919096172328961,-0.5792625714108763,-0.044390969618714596,0.7664190337138775,0.052273818593896716,1.8790723620767835,-0.6667440977167101,1.0,0.0,0.0,1.0,0.0,0.0,0
-1.6947769785314535,-0.10853284132366312,-1.70402600706425,-0.8770496461068581,0.19246463776939599,-0.07161178236944823,-0.5064984108179924,0.0,1.0,0.0,0.0,0.0,1.0,0
0.3441623009945622,1.408262955624027,1.0746772270588465,0.7516130095713487,-0.08791700058160255,-0.7218398305181921,0.4834940107851023,1.0,0.0,0.0,0.0,1.0,0.0,0
1.1011364569277462,-0.833646819488311,1.036742711917234,-0.3588388011183372,0.012219298829468357,0.5786162657792957,2.1524935802641196,0.0,0.0,1.0,0.0,0.0,1.0,0
-1.5875352338556794,-0.7112095412080507,-0.755663128523944,-2.120755674079306,2.3754359649307415,0.5786162657792957,-0.152056679626761,0.0,1.0,0.0,0.0,0.0,1.0,0
0.5438383527967358,0.522672933111465,0.30650329544119825,0.10014794730006571,-1.5098524522188095,-1.372067878666936,0.559542811347205,0.0,0.0,1.0,0.0,0.0,1.0,0
-0.418645087912618,0.8412475989280634,-0.594441439172092,0.07053589901500805,-0.1279715203460309,0.5786162657792957,-0.8989645422902757,0.0,0.0,1.0,0.0,0.0,1.0,0
-0.20416159856106972,0.07334000893730605,0.5910121590032906,-0.6845713322539794,0.1724373778871818,-0.7218398305181921,-1.8998210782593858,1.0,0.0,0.0,0.0,0.0,1.0,0
-0.406081201507088,-2.169758477614645,0.9039719089215908,0.5443286715759398,-1.1493617743389541,-0.07161178236944823,0.6722579978946088,1.0,0.0,0.0,0.0,0.0,1.0,0
0.33339325550410787,-1.2806023207832413,-0.43321974982024014,-1.2323942255275566,1.8146726882287447,-1.372067878666936,0.3449765526184137,0.0,0.0,1.0,0.0,0.0,1.0,0
-1.3093348920189432,1.02787529494749,-0.14871088625814813,-0.003494221697638729,0.052273818593896716,-0.07161178236944823,-1.1895796015811706,0.0,1.0,0.0,0.0,0.0,1.0,0
0.5662738642351822,-1.2948668580586111,-1.4669352874291732,0.6035527681460564,0.6530916150603221,-1.372067878666936,-1.4747626036890582,0.0,1.0,0.0,1.0,0.0,0.0,0
-0.6488334352710788,0.6855264003386077,-0.6987613558115255,-0.19597253555051744,-0.3482713790503869,-0.07161178236944823,0.5391725969109274,1.0,0.0,0.0,0.0,0.0,1.0,0
0.6865282055452554,0.6569973257878664,0.2401178939433774,-1.7209930222310184,1.2138548917623193,-0.07161178236944823,-0.2484756946251421,1.0,0.0,0.0,1.0,0.0,0.0,0
0.5012108810636875,-0.5709415913335779,-0.025423712047908463,0.6775828888587019,-1.1894162941033826,-0.07161178236944823,0.9221326283129477,1.0,0.0,0.0,0.0,0.0,1.0,0
0.01839867490831933,1.3440725378848606,-0.03490734083331174,-0.7734074771091536,-1.6300160115120945,1.2288443139280396,0.843367799159341,1.0,0.0,0.0,0.0,0.0,1.0,0
-0.6102443555969509,1.1705206677011917,0.10734709094773447,0.07053589901500805,-0.6086257575191713,-0.07161178236944823,0.9886753288047885,1.0,0.0,0.0,0.0,0.0,1.0,0
-0.025126217282266834,2.11198012787562,1.30228431790852,0.17417806801271116,-0.808898356341313,1.8790723620767835,0.6763320407818645,0.0,0.0,1.0,0.0,0.0,1.0,0
-0.10589405846067415,0.5167293759133944,1.2928006891231163,0.5295226474334109,-0.5285167179903145,-0.07161178236944823,0.5894191258537463,0.0,1.0,0.0,0.0,1.0,0.0,0
1.1531868434649422,0.3075161625412987,-0.8504994163779747,0.20379011629777014,-0.8489528761057414,-0.07161178236944823,-0.6884723264487401,0.0,1.0,0.0,0.0,0.0,1.0,0
-0.3558256558849679,0.20647569017409437,-0.16767814382895427,0.11495397144259453,-0.6687075371658138,-0.7218398305181921,-1.3145169167903406,0.0,1.0,0.0,1.0,0.0,0.0,0
0.2930093349149042,2.3794402017888094,-0.8979175603049897,2.3210515686794375,0.21249189765161017,-0.7218398305181921,-0.6735341691954699,1.0,0.0,0.0,0.0,0.0,1.0,0
-0.23691744526120156,0.6058827338844577,-1.70402600706425,0.44068650257823666,-0.42838041857924364,0.5786162657792957,-0.2376115802591276,0.0,1.0,0.0,1.0,0.0,0.0,0
1.255941485853027,-0.2844621343865617,1.2738334315523105,-0.8178255495367415,-0.3482713790503869,-0.07161178236944823,-1.9419195214276925,0.0,1.0,0.0,0.0,0.0,1.0,0
1.2254291902967398,2.7027697133638653,1.510924151187387,1.417884095985159,1.5743455696421744,1.2288443139280396,1.5644733902035708,0.0,0.0,1.0,1.0,0.0,0.0,1
0.7453092455139851,0.8959283251503165,-0.30044894682459716,0.35185035772306106,0.6130370952958938,-0.7218398305181921,0.6152213974730311,0.0,1.0,0.0,0.0,0.0,1.0,0
0.38364880112622796,0.04362222294695163,-1.2772627117211124,1.5067202408403346,1.0135822929401774,0.5786162657792957,-0.582547211380096,1.0,0.0,0.0,0.0,0.0,1.0,0
-0.5734501168378987,-1.8499951003584318,-0.3573507195370156,2.0397371099713846,-0.5685712377547429,0.5786162657792957,-1.5576014757299206,0.0,1.0,0.0,0.0,0.0,1.0,0
0.4648653525334042,-0.32844445765228514,-1.1350082799400663,-0.06271831826775535,1.9348362475220298,2.5293004102255274,-0.6192135973653963,1.0,0.0,0.0,0.0,0.0,1.0,0
-2.1484230198168413,0.09830294916920301,0.09786346216233119,-0.10713639069534185,-0.48846219822588616,-0.7218398305181921,0.2838659093095813,0.0,0.0,1.0,0.0,1.0,0.0,0
0.3791616988385387,0.27304353079248683,0.6384303029303058,-1.4989026600930822,-0.8890073958701697,-0.7218398305181921,0.9981814288750513,0.0,1.0,0.0,1.0,0.0,0.0,0
-0.1534573427101807,-0.2654427513527336,2.506705173654708,-0.9806918151045612,0.8133096941180356,-0.7218398305181921,-1.3837756458736843,0.0,1.0,0.0,0.0,0.0,1.0,0
0.9588953144079956,-0.535280248145153,2.0514909919553608,-0.6253472356838627,0.9935550330579632,-1.372067878666936,0.09917596508733047,1.0,0.0,0.0,1.0,0.0,0.0,0
-0.0004471546999757102,0.9113815738653003,-0.006456454477102331,1.0329274682794016,-0.6687075371658138,1.2288443139280396,-0.024403335826087915,1.0,0.0,0.0,0.0,1.0,0.0,0
0.6820411032575661,-0.7040772725703653,-0.7082449845969289,-1.2620062738126154,-0.6286530174013855,-0.7218398305181921,0.48621003937660545,1.0,0.0,0.0,0.0,0.0,1.0,0
-1.4340763356167054,-0.48059952192289984,-0.3478670907516123,1.891676868546092,0.052273818593896716,-0.07161178236944823,-0.214525337231346,0.0,1.0,0.0,0.0,0.0,1.0,0
0.14089656736223707,1.4142065128220975,-0.7461794997385411,-0.403256873545925,0.2525464174160385,-0.7218398305181921,0.34226052402691054,0.0,1.0,0.0,0.0,0.0,1.0,0
1.3245941508546732,-0.21076202513048223,-0.3194162043954033,1.417884095985159,2.41549048469517,-0.7218398305181921,1.0389218577476063,1.0,0.0,0.0,1.0,0.0,0.0,0
2.427523893168702,-0.5638093226958926,0.11683071973313733,1.2105997579897516,1.3139911911733901,3.179528458374271,-0.10045213638819153,1.0,0.0,0.0,1.0,0.0,0.0,0
-0.7888310266469849,0.9446654941744973,1.719563984466254,-1.7061869980884896,-0.9691164353990265,-0.07161178236944823,-0.09502007920518427,0.0,0.0,1.0,0.0,0.0,1.0,0
0.3298035736739564,-0.6291884518746728,1.3307352042647287,0.2778202370104156,1.4742092702311036,-0.07161178236944823,-0.3720549955385605,0.0,1.0,0.0,1.0,0.0,0.0,0
-0.45992642895935953,0.2980064710243855,-1.4195171435021583,2.3506636169644963,-0.42838041857924364,0.5786162657792957,0.016337093046467042,0.0,1.0,0.0,0.0,0.0,1.0,0
-0.3096085023217682,-0.4413720444156322,-0.6892777270261227,-0.2551966321206341,-0.2681623395215302,0.5786162657792957,-0.39649925286209364,1.0,0.0,0.0,0.0,0.0,1.0,1
0.6730668986821875,0.1743804813045104,2.0799418783115704,-1.5581267566631987,-0.6687075371658138,1.2288443139280396,-1.4435282748867662,1.0,0.0,0.0,1.0,0.0,0.0,0
-2.010220269356011,0.8935509022710886,-0.6039250679574949,-0.7734074771091536,0.4928735360026087,1.2288443139280396,-1.5290831755191316,1.0,0.0,0.0,0.0,0.0,1.0,0
-0.7798568220716063,0.34674364004856634,0.9893245679902191,0.6479708405736442,-1.4497706725721669,-1.372067878666936,-0.5988433829291179,1.0,0.0,0.0,0.0,0.0,1.0,1
1.3402990088615856,0.6367892313144252,0.3254705530120048,0.4702985508632943,-0.027835220934960006,-1.372067878666936,0.8990463852851661,0.0,1.0,0.0,1.0,0.0,0.0,0
-1.1648501983553479,0.18983373001949583,-0.2719980604683882,-0.2996147045482206,-0.6286530174013855,0.5786162657792957,-1.9772278931172407,1.0,0.0,0.0,0.0,0.0,1.0,0
0.3760207272371562,-0.6981337153722948,0.8470701362091728,-0.5661231391137461,1.0536368127046059,-0.07161178236944823,-1.7395753913606682,0.0,1.0,0.0,0.0,0.0,1.0,1
0.5321718868487436,-0.6018480887635471,1.0746772270588465,-1.4248725393804367,-1.2895525935144534,0.5786162657792957,0.8162075132443037,0.0,0.0,1.0,1.0,0.0,0.0,0
-0.4702467642210449,0.6795828431405355,-0.8504994163779747,-2.757414712208059,1.4942365301133178,-0.07161178236944823,0.21732320881774062,0.0,1.0,0.0,0.0,0.0,1.0,0
0.24006152792017052,-0.07168278669562336,0.15476523487474916,-0.07752434241028419,-1.469797932454381,-0.07161178236944823,0.7265785697246824,0.0,1.0,0.0,0.0,0.0,1.0,0
-0.22300742816936475,-2.4621814917597327,-0.755663128523944,-0.03310626998269639,-1.0492254749278833,0.5786162657792957,0.15757057980465974,1.0,0.0,0.0,0.0,0.0,1.0,0
2.2125916935883847,0.09235939197113247,-0.8979175603049897,-0.06271831826775535,0.2525464174160385,-0.07161178236944823,-1.6825387909390905,1.0,0.0,0.0,0.0,0.0,1.0,0
-0.997929993253306,1.1728980905804194,-1.400549885931352,-0.03310626998269639,-0.22810781975710182,-0.7218398305181921,0.33139640966089506,1.0,0.0,0.0,0.0,0.0,1.0,0
-2.2372676451130893,0.6605634601067091,-1.400549885931352,-1.0103038633896202,-0.027835220934960006,-0.07161178236944823,-0.9492110712330946,0.0,1.0,0.0,0.0,0.0,1.0,0
1.783624714885288,1.302467637498365,0.733266590784336,1.1217636131345772,-0.027835220934960006,-0.07161178236944823,-1.6730326908688276,1.0,0.0,0.0,0.0,1.0,0.0,0
-0.2620452180722616,0.6843376888989929,-0.2435471741121788,0.2334021645828278,-0.7688438365768847,-0.07161178236944823,-0.9003225565860282,1.0,0.0,0.0,0.0,1.0,0.0,0
0.8368461321828468,0.25402414775866045,-1.391066257145949,0.1889840921552413,-1.1894162941033826,0.5786162657792957,-0.004033121389810436,0.0,1.0,0.0,0.0,0.0,1.0,0
-0.5169126280130136,-0.5138834422320969,0.36340506815361706,-0.09233036655281301,0.5729825755314654,0.5786162657792957,1.4870665753457157,1.0,0.0,0.0,0.0,0.0,1.0,0
0.0008989759863310783,1.3345628463679473,0.021994431879106657,-0.8030195253942126,-1.589961491747666,1.2288443139280396,0.8515158849338523,1.0,0.0,0.0,0.0,0.0,1.0,0
-1.1249149879949132,-0.12636351291787645,-1.8842149539869077,-0.06271831826775535,-0.3883258988148153,0.5786162657792957,0.13720036536838132,0.0,1.0,0.0,0.0,0.0,1.0,0
0.00942447033294074,-0.972726057923169,1.4350551209041627,-0.8474375978217991,-0.06788974069938837,-0.7218398305181921,0.27707583783082146,0.0,0.0,1.0,0.0,0.0,1.0,0
0.434353056977117,-1.4375122308123125,-0.7366958709531378,-0.04791229412522521,1.4541820103488894,0.5786162657792957,-1.0714323578507603,0.0,1.0,0.0,0.0,0.0,1.0,0
-1.3959359661713464,-1.6467254441844075,-0.8030812724509595,-0.13674843898040082,-1.2094435539855968,-1.372067878666936,0.8705280850743783,0.0,1.0,0.0,0.0,1.0,0.0,0
0.38634106249884154,-0.845533933884453,0.5530776438616783,2.11376723068403,-0.4484076784614578,0.5786162657792957,1.1013905153521912,1.0,0.0,0.0,1.0,0.0,0.0,0
-0.05788206398239869,-0.9228001774593743,-1.7893786661328774,1.7880346995483878,-0.06788974069938837,-0.7218398305181921,1.1000325010564398,0.0,0.0,1.0,0.0,0.0,1.0,0
-1.959516013505122,-0.5043737507151838,0.7996519922821577,1.8768708444035633,0.19246463776939599,-0.7218398305181921,-1.577971690166198,1.0,0.0,0.0,1.0,0.0,0.0,0
0.39935365913314047,0.21241924737216492,-0.7461794997385411,0.4999105991483533,2.4755722643418125,-1.372067878666936,-0.15341469392251356,0.0,1.0,0.0,1.0,0.0,0.0,1
0.4558911479580256,-2.1840230148900157,-0.03490734083331174,-1.4396785635229654,-0.6687075371658138,-1.372067878666936,0.7089243838799081,1.0,0.0,0.0,0.0,1.0,0.0,0
-0.9651741465531741,2.1809253913732416,-1.741960522205862,0.2334021645828278,1.0135822929401774,1.8790723620767835,-0.3516847811022821,1.0,0.0,0.0,1.0,0.0,0.0,0
-2.2354728041980136,1.6364955520299491,0.0694125758061222,0.8552551785690518,-0.48846219822588616,-1.372067878666936,-0.7781012699683614,1.0,0.0,0.0,1.0,0.0,0.0,0
-0.02781847865488041,2.7015810019242505,-1.3626153707897397,0.35185035772306106,1.3340184510556043,0.5786162657792957,1.2820064166871865,1.0,0.0,0.0,0.0,1.0,0.0,0
0.14672980033623317,-0.7005111382515227,-0.7651467573093472,-0.8474375978217991,1.7345636486998879,-0.7218398305181921,-1.0646422863720006,1.0,0.0,0.0,0.0,0.0,1.0,0
1.4174771682098415,0.6997909376139767,1.6911130981100446,-1.0103038633896202,1.0135822929401774,0.5786162657792957,-1.7205631912201425,0.0,0.0,1.0,1.0,0.0,0.0,0
-0.6205646908586363,-0.16677970186475716,-0.5565069240304797,0.5887467440035276,0.5129007958848228,-1.372067878666936,-2.127967479945695,1.0,0.0,0.0,0.0,1.0,0.0,0
-1.3923462843411951,0.07571743181653393,-0.9643029618028114,-0.7289894046815658,-0.8289256162235272,-0.7218398305181921,0.22682930888800357,0.0,1.0,0.0,1.0,0.0,0.0,0
-0.1947386837569222,-1.5409301260587456,0.33495418179740766,-0.5513171149712159,2.054999806815315,0.5786162657792957,0.35855669557593234,1.0,0.0,0.0,1.0,0.0,0.0,0
0.02692416925492899,2.545859803334793,0.10734709094773447,-0.7289894046815658,-0.16802604011045927,0.5786162657792957,-0.33946265244051593,0.0,1.0,0.0,0.0,0.0,1.0,0
0.5797351710982501,-1.2806023207832413,0.9324227952778003,0.9588973475667563,-0.40835315869702943,1.2288443139280396,1.0226256861985845,1.0,0.0,0.0,1.0,0.0,0.0,0
-1.7710577174221716,-0.4461268901740897,-0.006456454477102331,0.15937204387018233,-1.2294708138678108,-0.7218398305181921,0.5744809686004761,0.0,1.0,0.0,1.0,0.0,0.0,0
1.5565773391282096,3.50396122366382,1.3971206057625503,-1.202782177242499,1.1337458522334625,-0.7218398305181921,0.45497571057431346,0.0,0.0,1.0,1.0,0.0,0.0,0
0.015706413535705753,0.545258450464134,0.1263143485185406,-0.2551966321206341,-0.808898356341313,-0.07161178236944823,0.5147283395873943,1.0,0.0,0.0,0.0,1.0,0.0,0
1.3048509007888403,-1.0095761125512088,-0.015940083262505608,1.1513756614196349,0.0723010784761109,1.2288443139280396,-1.5277251612233802,0.0,1.0,0.0,0.0,0.0,1.0,1
-1.3259371704833935,-1.8440515431603612,0.09786346216233119,0.3222383094380034,-0.588598497636957,0.5786162657792957,-0.623287640252651,0.0,1.0,0.0,1.0,0.0,0.0,0
0.7385785920824512,-0.6684159293819404,0.44875772722224444,0.3222383094380034,1.954863507404244,1.2288443139280396,0.3449765526184137,0.0,0.0,1.0,0.0,0.0,1.0,0
-0.7165886798151873,0.023414128473510428,-1.248811825364903,-1.4248725393804367,0.11235559824053926,0.5786162657792957,0.08831185072131498,1.0,0.0,0.0,0.0,0.0,1.0,0
-1.099787215183853,0.109001352125731,-0.03490734083331174,0.3370443335805322,-0.588598497636957,-0.7218398305181921,-1.6024159474897313,1.0,0.0,0.0,0.0,0.0,1.0,0
0.3737771760933115,1.1146512300393254,-0.5280560376742708,0.6479708405736442,1.193827631880105,0.5786162657792957,0.2757178235350699,1.0,0.0,0.0,0.0,0.0,1.0,0
-0.05833077421116762,-0.1739119705024425,0.7996519922821577,1.7140045788357423,-0.468434938343672,-0.7218398305181921,1.09324242957768,0.0,0.0,1.0,0.0,0.0,1.0,0
-1.1294020902826023,0.6046940224448428,0.8660373937799786,0.38146240600812004,2.3153541852840993,0.5786162657792957,-0.9016805708817798,1.0,0.0,0.0,0.0,0.0,1.0,1
-2.017848343245083,0.7675474896719856,-0.4901215225326585,0.38146240600812004,-0.909034655752384,-0.07161178236944823,-0.6029174258163735,0.0,1.0,0.0,1.0,0.0,0.0,0
-1.1033768970140045,-0.8990259486670904,0.012510803093703803,1.447496144270218,-0.7488165766946705,-1.372067878666936,0.141274408255637,1.0,0.0,0.0,0.0,0.0,1.0,0
0.32217549978488463,-0.10734412988404833,0.07889620459152506,-2.0467255533666604,-1.1093072545745257,-0.7218398305181921,-0.7618050984193396,1.0,0.0,0.0,0.0,0.0,1.0,0
-0.609795645368182,0.9137589967445281,0.14528160608934632,-0.4476749459735128,0.7131733947069647,-1.372067878666936,-1.0592102291889933,0.0,1.0,0.0,1.0,0.0,0.0,0
0.790628978619647,0.6605634601067091,-0.17716177261435753,-0.34403277697580836,1.0135822929401774,-0.7218398305181921,-0.9206927710223056,1.0,0.0,0.0,1.0,0.0,0.0,0
-0.2831345988244013,0.27542095367171643,-0.8789503027341836,-0.12194241483787067,0.2725736772982527,-0.7218398305181921,-0.04205752167086225,0.0,1.0,0.0,0.0,0.0,1.0,0
-1.2613228975406676,-0.6137352031596882,-0.3478670907516123,-1.025109887532149,0.2725736772982527,0.5786162657792957,1.3770674173898159,0.0,1.0,0.0,0.0,0.0,1.0,0
0.04038547611799687,-1.1415230823483824,1.2358989164106984,0.0557298748724779,-0.909034655752384,-1.372067878666936,-0.38156109560882345,1.0,0.0,0.0,0.0,1.0,0.0,0
0.33967519870687285,-0.43067364145910425,-1.2962299692919181,-1.5581267566631987,-0.48846219822588616,-0.7218398305181921,0.29608803797134736,0.0,0.0,1.0,1.0,0.0,0.0,0
0.4177507785126666,-0.35935095508225434,0.40133958329522934,-1.2768122979551444,-1.4497706725721669,-0.7218398305181921,-0.02576135012183949,1.0,0.0,0.0,0.0,0.0,1.0,0
-0.240507127091353,0.3277242570147399,-1.874731325201505,0.20379011629777014,0.5729825755314654,-0.07161178236944823,0.8012693559910334,0.0,1.0,0.0,0.0,1.0,0.0,0
-0.18127737689385431,0.4240098836234885,-0.414252492249434,0.17417806801271116,-0.30821685928595854,-0.07161178236944823,0.26756973776055853,0.0,1.0,0.0,0.0,0.0,1.0,0
-0.28717299088332165,0.49176643568149575,0.24960152272878025,-0.07752434241028419,0.012219298829468357,0.5786162657792957,1.261636202250909,1.0,0.0,0.0,0.0,0.0,1.0,0
-0.3114033432368439,-0.7623241331114603,0.0694125758061222,-0.5217050666861582,0.9334732534113207,1.2288443139280396,2.9998945008132707,0.0,0.0,1.0,0.0,0.0,1.0,0
0.6304394269491392,-0.27019759711119107,-1.087590136013051,0.2334021645828278,1.6544546091710313,-0.07161178236944823,0.49300011085536527,0.0,0.0,1.0,0.0,0.0,1.0,0
-0.48460549154165067,2.6932600218469522,0.5341103862908718,0.3370443335805322,1.3540457109378186,0.5786162657792957,0.4210253531805173,0.0,0.0,1.0,0.0,0.0,1.0,0
-1.8554152404307303,0.245703167681362,-0.44270337860564296,-0.41806289768845384,-0.30821685928595854,0.5786162657792957,0.46719783923607955,0.0,0.0,1.0,0.0,0.0,1.0,0
-0.44242673003737126,-1.4743622854403524,-0.9168848178757959,0.8552551785690518,0.9535005132935349,-0.7218398305181921,-0.6694601263082142,1.0,0.0,0.0,0.0,1.0,0.0,0
-1.3416420284903061,-0.3438977063672706,0.05044531823531607,-0.5661231391137461,-1.4297434126899526,-0.7218398305181921,0.02448517882097842,1.0,0.0,0.0,0.0,0.0,1.0,0
-0.5047974518362525,-0.07168278669562336,-0.4237361210348368,-0.5661231391137461,1.3139911911733901,1.2288443139280396,-1.1814315158066602,0.0,1.0,0.0,0.0,0.0,1.0,0
-0.6869738047164379,0.8852299221937885,-1.391066257145949,-0.12194241483787067,0.4327917563559662,-1.372067878666936,-0.49835032504348203,1.0,0.0,0.0,1.0,0.0,0.0,0
-0.749793236744088,-0.7896644962225859,0.7427502195697389,-0.1663604872654585,-0.5685712377547429,1.8790723620767835,-0.2172413658228501,0.0,1.0,0.0,1.0,0.0,0.0,0
-2.2372676451130893,-0.6113577802804603,-0.025423712047908463,-0.6845713322539794,0.0723010784761109,-0.7218398305181921,-1.353899331367144,1.0,0.0,0.0,0.0,0.0,1.0,0
0.6528749383875857,0.7734910468700562,0.7617174771405454,0.9144792751391684,-0.42838041857924364,-1.372067878666936,-0.6164975687738922,0.0,1.0,0.0,0.0,0.0,1.0,0
-0.5958856282763452,0.2231176503286929,-2.0928547872657752,0.3074322852954733,-1.2895525935144534,-0.7218398305181921,-1.38784968876094,0.0,1.0,0.0,1.0,0.0,0.0,0
-1.0903643003797054,-0.6137352031596882,1.7954330147494786,1.003315419994344,3.2366081398659516,-1.372067878666936,3.1112516730649213,0.0,0.0,1.0,0.0,0.0,1.0,1
1.4955527480156352,-1.2045247886479338,-0.015940083262505608,0.55913469571847,-0.5485439778725287,-0.7218398305181921,0.8976883709894146,1.0,0.0,0.0,0.0,0.0,1.0,0
-0.1826235075801611,-1.5861011607640847,0.42030684086603504,-0.5661231391137461,2.095054326579743,0.5786162657792957,0.2825078950138287,1.0,0.0,0.0,1.0,0.0,0.0,0
0.16737047085960394,-0.033644020627970526,-0.6418595830991072,-0.6401532598263915,0.4528190162381803,2.5293004102255274,0.8107754560612964,0.0,1.0,0.0,1.0,0.0,0.0,0
0.10365361837441593,0.2552128591982752,1.0651935982734435,0.11495397144259453,0.09232833835832507,-1.372067878666936,-0.6422998403931769,0.0,0.0,1.0,1.0,0.0,0.0,0
-0.9844686863902381,0.0792835661353766,-0.8884339315195869,-1.1435580806723822,-1.0692527348100973,-0.07161178236944823,0.17250873705792996,1.0,0.0,0.0,0.0,1.0,0.0,0
0.6910153078329446,-0.7456821729568617,1.1884807724836832,0.04092385072994907,-0.8890073958701697,-0.7218398305181921,1.01176157183257,0.0,0.0,1.0,0.0,0.0,1.0,0
-1.0979923742687774,0.12564331228032954,0.9798409392048153,-0.2700026562631629,1.534291049877746,-0.7218398305181921,0.6953442409223894,0.0,1.0,0.0,0.0,0.0,1.0,0
0.5514664266858076,0.019847994154667762,0.3539214393682142,-1.2323942255275566,-0.14799878022824509,0.5786162657792957,0.22275526600074788,1.0,0.0,0.0,0.0,0.0,1.0,0
-1.290040352181879,1.694742412571043,0.22115063637257085,0.7664190337138775,-0.40835315869702943,-0.7218398305181921,-0.9899515001056495,1.0,0.0,0.0,0.0,0.0,1.0,0
1.0293428203247175,-2.468125048957804,1.2453825451961011,-0.5957351873988037,1.3340184510556043,-0.7218398305181921,1.021267671902833,0.0,1.0,0.0,0.0,1.0,0.0,0
-0.9831225557039314,1.0587817923774592,-0.4901215225326585,0.7664190337138775,-0.688734797048028,1.2288443139280396,0.49843216803837254,0.0,0.0,1.0,0.0,0.0,1.0,0
0.7475527966578298,0.24213703336251935,0.894488280136188,-0.7289894046815658,0.1724373778871818,-0.07161178236944823,0.06250957910203023,1.0,0.0,0.0,0.0,0.0,1.0,0
0.7058227453823194,-0.44969302449293236,-0.25303080289758206,-1.202782177242499,-0.9891436952812407,0.5786162657792957,-1.154271229891623,1.0,0.0,0.0,0.0,0.0,1.0,0
1.1042774285291288,-2.1364745573054487,-1.713509635849653,0.10014794730006571,-0.30821685928595854,1.2288443139280396,-1.3919237316481956,0.0,1.0,0.0,0.0,0.0,1.0,0
-0.31409560460945746,1.867105571315099,-1.5333206889269946,2.0397371099713846,-1.1493617743389541,-0.7218398305181921,-0.1181063222329649,0.0,1.0,0.0,0.0,0.0,1.0,0
0.5653764437776444,-0.880006565633264,0.09786346216233119,0.42588047843570653,-0.8890073958701697,-1.372067878666936,1.1285508012672285,1.0,0.0,0.0,0.0,0.0,1.0,0
-0.5088358438951729,-0.9751034808023978,-0.9927538481590205,0.1889840921552413,0.032246558711682534,-0.7218398305181921,1.6785465910467254,1.0,0.0,0.0,0.0,1.0,0.0,0
0.6591568815903507,0.8780976535561031,0.9134555377069945,1.1661816855621638,-0.6486802772835996,1.2288443139280396,-0.3000802378637126,1.0,0.0,0.0,0.0,0.0,1.0,1
1.5067705037348584,-1.4969478027930214,0.4961758711492596,-0.3144207286907507,0.2525464174160385,-1.372067878666936,0.45225968198280936,1.0,0.0,0.0,0.0,1.0,0.0,1
-1.3842695002233543,-0.3997671440291367,0.17373249244555572,0.7368069854288185,-0.007807961052745825,-0.7218398305181921,-0.8568660991219691,1.0,0.0,0.0,0.0,0.0,1.0,0
-0.1583931552266389,-0.7397386157587912,0.6858484468573209,1.0329274682794016,-0.007807961052745825,-0.7218398305181921,3.1261898303181916,0.0,0.0,1.0,0.0,0.0,1.0,0
-1.5951633077447511,-0.6910014467346095,-0.7461794997385411,-2.120755674079306,2.3954632248129557,0.5786162657792957,-0.17378490835879104,0.0,1.0,0.0,0.0,0.0,1.0,0
1.4771556286361092,-0.5970932430050897,0.44875772722224444,-0.43286892183098397,-0.7488165766946705,-0.7218398305181921,0.32324832388638464,1.0,0.0,0.0,0.0,0.0,1.0,0
-0.482361940397806,-0.07524892101446604,-1.2677790829357092,-1.8690532636563106,1.293963931291176,-0.7218398305181921,-0.5227945823670151,0.0,1.0,0.0,1.0,0.0,0.0,0
-0.4078760424221637,-0.812250013575256,-2.339429135686255,1.58075036155298,-0.6286530174013855,-1.372067878666936,-1.9826599503002478,1.0,0.0,0.0,0.0,0.0,1.0,0
-1.6871489046423818,0.0673964517392355,-0.3288998331808066,-0.19597253555051744,-1.5098524522188095,-0.07161178236944823,-1.61599609044725,1.0,0.0,0.0,0.0,0.0,1.0,0
1.0257531384945662,1.02787529494749,-0.5185724088888675,-0.2107785596930463,1.5943728295243886,-0.07161178236944823,-1.243900173411244,1.0,0.0,0.0,1.0,0.0,0.0,0
-1.673238887550545,0.56665525637719,0.031478060664509935,0.0557298748724779,-0.007807961052745825,-0.07161178236944823,0.6804060836691193,0.0,0.0,1.0,0.0,0.0,1.0,0
1.1944681845116836,0.5357487589472208,-0.5185724088888675,-0.003494221697638729,0.3927372365915378,0.5786162657792957,0.9017624138766703,0.0,1.0,0.0,1.0,0.0,0.0,0
1.0903674114372919,-0.8574210482805941,1.0177754543464277,-0.34403277697580836,0.012219298829468357,0.5786162657792957,2.0954569798425418,0.0,0.0,1.0,0.0,0.0,1.0,0
0.0879487603675034,0.47155834120805457,-0.7935976436655562,1.4030780718426303,-0.9891436952812407,0.5786162657792957,-1.796611991782245,1.0,0.0,0.0,0.0,0.0,1.0,0
-0.24589164983658016,-0.3724267809180102,-0.36683434832241846,-0.018300245840167557,3.8574531962145913,-0.07161178236944823,0.949292914227985,0.0,1.0,0.0,0.0,0.0,1.0,0
-0.47563128696627205,-0.0003601003187734442,-2.083371158480372,-0.9214677185344445,-0.6086257575191713,-1.372067878666936,-0.7047684979977619,0.0,1.0,0.0,1.0,0.0,0.0,0
0.27102253370522666,-1.017897092628508,-0.08232548476032686,-1.3804544669528487,-1.0892799946923115,-1.372067878666936,-1.5453793470681545,0.0,1.0,0.0,0.0,0.0,1.0,0
0.7278095465919969,0.8887960565126312,-0.33838346196620944,0.35185035772306106,0.6130370952958938,-0.7218398305181921,0.5853450829664907,0.0,1.0,0.0,0.0,0.0,1.0,0
2.2574627164652776,-0.062173095178710155,0.4582413560076473,-0.5513171149712159,-0.6687075371658138,0.5786162657792957,-0.8622981563049764,1.0,0.0,0.0,0.0,0.0,1.0,0
0.9046013767269552,-1.904675826580684,1.2833170603377135,-1.3952604910953776,0.11235559824053926,-0.7218398305181921,0.550036711276942,1.0,0.0,0.0,0.0,0.0,1.0,1
-0.8808166235446154,-0.7468708843964756,0.20218337880176512,-0.743795428824096,-0.7888710964590989,-0.7218398305181921,0.7143564410629154,1.0,0.0,0.0,0.0,0.0,1.0,0
0.7367837511673755,1.061159215256687,0.10734709094773447,0.3222383094380034,0.19246463776939599,1.2288443139280396,1.4313879892198895,0.0,0.0,1.0,1.0,0.0,0.0,0
-1.106517868615387,-0.3962010097102941,-2.6334216280337497,-1.3064243462402034,-0.3282441191681727,0.5786162657792957,-0.13983455096499492,1.0,0.0,0.0,1.0,0.0,0.0,0
0.29211191445736634,-0.021756906231827744,2.3644507418736618,-1.7209930222310184,-1.3095798533966676,0.5786162657792957,-0.3571168382852903,0.0,1.0,0.0,1.0,0.0,0.0,0
-0.25621198509826554,-0.6470191234688852,-1.11604102236926,-1.3952604910953776,-1.4297434126899526,3.179528458374271,-0.8392119132771948,0.0,1.0,0.0,0.0,1.0,0.0,0
0.4720447161937071,-1.2615829377494148,0.9324227952778003,0.6479708405736442,-1.2895525935144534,-1.372067878666936,0.8623799992998669,1.0,0.0,0.0,0.0,0.0,1.0,0
-1.2487590111351377,0.19815471009679425,0.1263143485185406,-1.7950231429436652,0.2725736772982527,-1.372067878666936,1.2697842880254204,0.0,1.0,0.0,1.0,0.0,0.0,0
-2.062719366121976,0.00796087975852667,0.003027174308300525,0.38146240600812004,0.5729825755314654,-0.7218398305181921,0.13448433677687816,0.0,0.0,1.0,0.0,0.0,1.0,0
-0.4774261278813478,1.166954533382349,0.31598692422660196,-0.3144207286907507,1.293963931291176,-0.07161178236944823,-0.7645211270108437,1.0,0.0,0.0,0.0,1.0,0.0,0
-0.1292269903566585,0.18864501857988106,-0.006456454477102331,-0.2700026562631629,-0.22810781975710182,-0.07161178236944823,0.9438608570449778,0.0,0.0,1.0,0.0,0.0,1.0,0
-1.621637211242118,-0.1097215527632779,0.05044531823531607,0.9885093958518152,-1.6099887516298803,-0.07161178236944823,-1.2669864164390257,1.0,0.0,0.0,1.0,0.0,0.0,0
0.0682055103016705,-0.12636351291787645,-0.22457991654137266,0.24820818872535794,0.19246463776939599,-0.7218398305181921,0.8854662423276485,0.0,0.0,1.0,0.0,1.0,0.0,0
-1.036070362698665,-0.23929109968122186,-0.2150962877559698,-0.6401532598263915,-0.909034655752384,-1.372067878666936,1.326820888446998,0.0,1.0,0.0,1.0,0.0,0.0,0
-1.0086990387437604,-0.3962010097102941,-0.6892777270261227,-1.3952604910953776,-0.1279715203460309,0.5786162657792957,-1.8414264635420565,1.0,0.0,0.0,0.0,0.0,1.0,0
0.05025710115091332,-0.1537038760290013,-0.30044894682459716,0.2334021645828278,0.23251915753382435,-0.7218398305181921,0.9126265282426848,0.0,0.0,1.0,0.0,1.0,0.0,0
-0.6205646908586363,0.1731917698648973,-0.935852075446602,-0.1663604872654585,2.3353814451663135,-0.7218398305181921,-1.5834037473492053,1.0,0.0,0.0,0.0,0.0,1.0,0
1.8320854195923324,0.8923621908314738,0.6479139317157087,0.3370443335805322,-0.40835315869702943,0.5786162657792957,-0.3014382521594641,1.0,0.0,0.0,0.0,0.0,1.0,0
0.20102373801727363,-0.22264913952662332,-0.5565069240304797,-1.7506050705160774,2.695872123046169,1.2288443139280396,0.19423696578995903,0.0,1.0,0.0,0.0,0.0,1.0,0
0.6524262281588168,0.1636820783479841,-0.5849578103866888,-1.2768122979551444,-1.2294708138678108,0.5786162657792957,0.624727497543294,0.0,1.0,0.0,1.0,0.0,0.0,0
0.15390916399653604,0.6783941317009223,0.16424886366015287,-0.8178255495367415,-0.6687075371658138,1.2288443139280396,-0.15613072251401672,0.0,1.0,0.0,0.0,0.0,1.0,0
0.5671712846927202,-1.4387009422519266,0.09786346216233119,0.8848672268541108,-1.0892799946923115,-0.07161178236944823,0.4183093245890132,0.0,1.0,0.0,0.0,0.0,1.0,0
-1.239784806559759,0.24808059056058987,-0.26251443168298494,-0.2551966321206341,-0.6486802772835996,0.5786162657792957,-1.9785859074129926,1.0,0.0,0.0,0.0,0.0,1.0,0
-0.1296757005854274,-1.410171867701187,0.8375865074237699,0.2630142128678868,0.33265545694489523,-0.7218398305181921,-2.314015438463698,0.0,1.0,0.0,0.0,0.0,1.0,0
0.4998647503773807,-0.5638093226958926,0.5910121590032906,1.0181214441368729,-0.6086257575191713,-0.7218398305181921,1.913483064211795,0.0,0.0,1.0,0.0,0.0,1.0,0
0.3167909770396575,1.0730463296528283,-0.8125649012363624,-1.7654110946586061,0.032246558711682534,0.5786162657792957,-0.09502007920518427,0.0,1.0,0.0,1.0,0.0,0.0,0
-0.2602503771571859,-0.5959045315654748,-1.1255246511546633,-1.4248725393804367,-1.4497706725721669,3.179528458374271,-0.854150070530465,0.0,1.0,0.0,0.0,1.0,0.0,0
-0.7260115946193347,1.9942976953538152,-1.429000772287561,-2.2095918189344803,-1.6500432713943087,0.5786162657792957,-0.09230405061368016,0.0,1.0,0.0,1.0,0.0,0.0,0
0.5442870630255047,0.9042493052276149,-0.13922725747274525,-0.1811665114079873,-0.8890073958701697,1.2288443139280396,-1.5888358045322135,1.0,0.0,0.0,0.0,0.0,1.0,0
-1.1998495961993243,-0.8740630084351926,0.5435940150762747,0.08534192315753687,-0.42838041857924364,0.5786162657792957,1.252130102180646,1.0,0.0,0.0,1.0,0.0,0.0,0
0.12205073775394205,0.3824049832369913,-0.5849578103866888,1.2105997579897516,-0.14799878022824509,-0.07161178236944823,1.7043488626660102,0.0,1.0,0.0,0.0,0.0,1.0,0
-1.8419539335676625,0.18983373001949583,-0.12025999990193913,1.0625395165644607,2.075027066697529,-1.372067878666936,0.3381864811396549,0.0,0.0,1.0,0.0,0.0,1.0,0
0.09198715242642377,0.501276127198409,0.24960152272878025,-1.7506050705160774,0.6931461348247505,0.5786162657792957,-0.9926675286971536,0.0,1.0,0.0,0.0,0.0,1.0,0
0.5622354721762619,0.8626444048411194,-1.040171992086036,0.21859614044029896,1.3540457109378186,-0.7218398305181921,1.2331179020401202,0.0,1.0,0.0,1.0,0.0,0.0,0
0.3908281647865308,0.22549507320792078,-0.8220485300217653,0.5147166232908821,2.4555450044595983,-1.372067878666936,-0.2104512943440903,0.0,1.0,0.0,1.0,0.0,0.0,1
0.02961643062754257,1.2287675282422856,0.9513900528486068,-0.37364482526086734,-0.28818959940374433,1.2288443139280396,0.49707415374262093,0.0,0.0,1.0,0.0,0.0,1.0,0
-0.15300863248141175,0.4893890128022679,0.7522338483551426,-0.07752434241028419,-0.48846219822588616,0.5786162657792957,0.7143564410629154,0.0,0.0,1.0,1.0,0.0,0.0,0
-1.036519072927434,-0.07643763245408082,0.6858484468573209,-0.28480868040569174,-1.2695253336322392,1.2288443139280396,-0.6422998403931769,1.0,0.0,0.0,0.0,0.0,1.0,0
0.2683302723326131,-0.9418195604932007,0.16424886366015287,1.314241926987456,0.1724373778871818,-0.7218398305181921,-2.409076439166327,1.0,0.0,0.0,0.0,0.0,1.0,1
1.1047261387578977,-0.028889174869513076,0.6573975605011115,0.55913469571847,0.35268271682710944,0.5786162657792957,0.6817640979648718,1.0,0.0,0.0,0.0,0.0,1.0,0
0.8507561492746836,0.4347082865800165,0.733266590784336,2.7060081963851963,-0.18805329999267345,0.5786162657792957,2.319529338641596,0.0,0.0,1.0,0.0,0.0,1.0,0
-0.36255630931650185,1.0671027724547577,-0.101292742331133,0.38146240600812004,1.093691332469034,1.8790723620767835,2.672613055537077,0.0,0.0,1.0,0.0,1.0,0.0,0
0.40294334096329193,-1.0844649332469023,1.2453825451961011,0.1445660197276535,0.753227914471393,1.8790723620767835,-0.3285985380745014,0.0,0.0,1.0,0.0,1.0,0.0,0
0.22435666991325798,-0.37718162667646765,-0.006456454477102331,-2.3724580845023016,1.514263789995532,-0.7218398305181921,-0.3000802378637126,0.0,1.0,0.0,0.0,0.0,1.0,0
0.5281334947898233,-0.7825322275849015,1.6342113253976267,0.7368069854288185,0.052273818593896716,-1.372067878666936,0.7578128985269744,1.0,0.0,0.0,1.0,0.0,0.0,0
0.09961522631549558,-0.6803030437780824,0.5246267575054689,-0.8622436219643279,-0.06788974069938837,-0.07161178236944823,1.5658314044993225,1.0,0.0,0.0,0.0,0.0,1.0,0
1.809201197925117,-0.812250013575256,-1.4859025449999794,-0.9806918151045612,0.7332006545891788,0.5786162657792957,-0.5662510398310743,1.0,0.0,0.0,0.0,0.0,1.0,1
0.6959511203494029,-0.16677970186475716,0.37288869693901994,-0.8030195253942126,-0.8489528761057414,-1.372067878666936,0.3734948528292026,0.0,1.0,0.0,0.0,0.0,1.0,0
0.5985810007065452,-1.1153714306768705,-0.3194162043954033,-1.5581267566631987,0.6130370952958938,-0.7218398305181921,0.44818563909555365,0.0,1.0,0.0,0.0,0.0,1.0,0
-1.6674056545765488,0.5500132962225915,-0.7651467573093472,-0.5068990425436295,0.1724373778871818,-0.7218398305181921,-0.5350167110287813,0.0,1.0,0.0,0.0,1.0,0.0,0
0.4886469946581575,-0.18698779633819837,-0.2719980604683882,1.891676868546092,-0.5084894581081003,0.5786162657792957,-0.19279710849931694,0.0,1.0,0.0,0.0,0.0,1.0,0
1.1289564911114198,1.074235041092443,-1.3057135980773213,0.07053589901500805,-0.22810781975710182,-1.372067878666936,-0.6137815401823881,1.0,0.0,0.0,0.0,0.0,1.0,0
-1.2985658465284888,0.8186620815753943,-2.0928547872657752,0.29262626115294443,-0.08791700058160255,0.5786162657792957,-0.969581285669372,0.0,1.0,0.0,0.0,0.0,1.0,0
1.91689165282966,1.222823971044215,1.5867931814706115,-1.4989026600930822,0.3727099767093236,-0.07161178236944823,1.2127476876038426,1.0,0.0,0.0,1.0,0.0,0.0,1
-0.3131981841519196,0.7140554748893473,1.9092365601743155,0.7220009612862897,-0.2681623395215302,-0.07161178236944823,-0.10316816497969468,1.0,0.0,0.0,0.0,0.0,1.0,1
-0.4078760424221637,0.040056088628108964,-1.1729427950816784,-1.1435580806723822,2.9962810212793816,-0.7218398305181921,-1.4489603320697735,1.0,0.0,0.0,1.0,0.0,0.0,0
-1.6135604271242774,-1.8761467520299435,-1.429000772287561,-1.1139460323873247,-0.3482713790503869,-1.372067878666936,0.2336193803667624,1.0,0.0,0.0,0.0,0.0,1.0,0
0.3441623009945622,0.07571743181653393,-0.5375396664596737,0.48510457500582316,-0.7287893168124563,-1.372067878666936,1.0131195861283215,0.0,1.0,0.0,0.0,0.0,1.0,0
0.13551204461700994,0.08166098901460447,1.036742711917234,-2.1947857947919513,-0.9891436952812407,-0.07161178236944823,0.10053397938308203,1.0,0.0,0.0,0.0,0.0,1.0,0
0.065064538700288,0.00796087975852667,1.3781533481917436,-1.039915911674678,-1.029198215045669,-0.07161178236944823,-0.33131456666600456,1.0,0.0,0.0,1.0,0.0,0.0,0
1.7472791863550048,-0.43186235289871905,2.6015414615087384,0.5147166232908821,0.8733914737646782,-0.7218398305181921,0.465839824940328,0.0,0.0,1.0,0.0,0.0,1.0,0
1.6772803906670517,0.42995344082155906,0.9229391664923974,-0.6549592839689203,-0.3883258988148153,0.5786162657792957,-0.2824260520189382,0.0,1.0,0.0,0.0,0.0,1.0,0
-0.5393481394514601,-1.2913007237397691,1.150546257342071,0.4110744542931777,3.116444580572667,-0.07161178236944823,1.117686686901214,0.0,0.0,1.0,0.0,0.0,1.0,0
0.8583842231637554,-0.23334754248315132,1.928203817745121,-0.2551966321206341,-0.7287893168124563,-0.7218398305181921,1.0375638434518548,0.0,1.0,0.0,0.0,0.0,1.0,0
-0.959789623807947,0.3824049832369913,-1.1729427950816784,-0.4476749459735128,0.052273818593896716,-0.7218398305181921,-0.7753852413768583,0.0,0.0,1.0,0.0,0.0,1.0,0
-2.2372676451130893,0.1113787750049589,-1.3626153707897397,-1.2472002496700867,-1.1894162941033826,-1.372067878666936,0.11411412234060068,0.0,1.0,0.0,0.0,0.0,1.0,0
-0.7098580263836533,0.7532829523966149,1.3212515754793257,-2.1503677223643636,0.3126281970626811,1.2288443139280396,0.4373215247295391,1.0,0.0,0.0,1.0,0.0,0.0,0
-1.890414638274707,0.20647569017409437,-0.39528523467862786,-0.46248097011604167,-0.28818959940374433,0.5786162657792957,0.47127188212333526,0.0,0.0,1.0,0.0,0.0,1.0,0
1.2604285881407162,0.030546397111195757,-0.5185724088888675,-0.8770496461068581,0.3927372365915378,0.5786162657792957,0.3762108814207067,0.0,1.0,0.0,0.0,0.0,1.0,0
0.06685937961536371,-0.5257705566282397,0.2401178939433774,-0.8326315736792702,-0.6687075371658138,-0.7218398305181921,0.043497378961504324,0.0,0.0,1.0,0.0,0.0,1.0,0
-0.6003727305640345,-0.8978372372274764,-0.129743628687342,-0.743795428824096,-0.2681623395215302,-0.07161178236944823,2.2828629526562967,0.0,0.0,1.0,0.0,0.0,1.0,0
1.102482587614053,-0.996500286715453,2.0799418783115704,-0.5513171149712159,0.41276449647375196,0.5786162657792957,0.25806363769029556,0.0,0.0,1.0,1.0,0.0,0.0,0
-2.226947309851404,0.3229694112562825,-1.1065573935838573,-0.8326315736792702,0.09232833835832507,-1.372067878666936,-0.8473599990517062,0.0,1.0,0.0,0.0,0.0,1.0,0
-0.11800923463743525,-0.5495447854205219,-1.1255246511546633,-2.9350870019184088,-1.0492254749278833,0.5786162657792957,0.26213768057755127,0.0,1.0,0.0,1.0,0.0,0.0,0
0.9746001724149082,-1.1962038085706346,1.6911130981100446,0.1889840921552413,-1.1493617743389541,-0.07161178236944823,0.35991470987168395,0.0,1.0,0.0,0.0,0.0,1.0,0
0.6362726599231353,0.07334000893730605,1.4350551209041627,0.011311802444891415,-0.7688438365768847,-0.07161178236944823,-1.5087129610828542,1.0,0.0,0.0,0.0,0.0,1.0,1
0.2930093349149042,-0.051474692222182164,1.1220953709858617,0.07053589901500805,0.41276449647375196,0.5786162657792957,-1.472046575097554,1.0,0.0,0.0,0.0,1.0,0.0,1
-0.5595400997460619,1.0575930809378444,0.20218337880176512,0.07053589901500805,0.0723010784761109,1.8790723620767835,-0.9600751855991091,1.0,0.0,0.0,0.0,0.0,1.0,0
-0.11217600166343916,-1.9914517616725185,-1.1824264238670819,0.7664190337138775,3.1564991003370952,-0.7218398305181921,0.9560829857067439,1.0,0.0,0.0,0.0,1.0,0.0,0
-0.006729097902740723,0.10543521780688835,-0.4237361210348368,-0.9806918151045612,0.7131733947069647,0.5786162657792957,0.32189030959063214,0.0,1.0,0.0,0.0,0.0,1.0,0
0.4572372786443324,-0.01819077191298508,1.0557099694880399,-1.9134713360838984,0.5930098354136796,-0.07161178236944823,-0.8269897846154277,0.0,1.0,0.0,1.0,0.0,0.0,0
0.26339445981615484,-0.009869791835686655,-1.2582954541503062,0.4554925267207655,-1.12933451445674,1.2288443139280396,1.2100316590123394,0.0,0.0,1.0,1.0,0.0,0.0,0
-0.23018679182966761,1.825500670928602,1.0841608558442493,-0.09233036655281301,-1.1093072545745257,3.829756506523015,1.7437312772428144,0.0,0.0,1.0,1.0,0.0,0.0,0
1.732920459034399,-0.5329028252659234,-0.9927538481590205,-0.03310626998269639,1.093691332469034,-0.7218398305181921,-0.6327937403229139,0.0,1.0,0.0,0.0,1.0,0.0,0
-0.40967088333723944,0.40736792346888995,-1.1444919087254695,1.625168433980568,1.173800371997891,1.8790723620767835,2.381997996246181,1.0,0.0,0.0,0.0,1.0,0.0,0
-0.7529342083454705,0.6795828431405355,-1.4859025449999794,0.8996732509966395,-0.16802604011045927,-0.7218398305181921,-0.34082066673626754,1.0,0.0,0.0,1.0,0.0,0.0,0
-0.8727398394267747,-1.041671321420792,-1.4953861737853829,-0.5809291632562749,0.09232833835832507,1.2288443139280396,-0.6898303407444917,0.0,1.0,0.0,0.0,0.0,1.0,0
0.7287069670495347,0.1922111528987237,0.8755210225653822,-0.7882135012516824,0.1724373778871818,-0.07161178236944823,0.047571421848760016,1.0,0.0,0.0,0.0,0.0,1.0,0
-0.5326174860199261,0.12207717796148689,-2.0738875296949693,0.4554925267207655,0.8333369540002498,-1.372067878666936,-1.0931605865827894,1.0,0.0,0.0,0.0,1.0,0.0,0
-0.749793236744088,-2.6143365560303473,-0.5280560376742708,-1.9726954326540138,0.052273818593896716,-1.372067878666936,-0.41007939581961134,1.0,0.0,0.0,0.0,0.0,1.0,0
-0.1292269903566585,0.06264160598077806,1.776465757178673,-2.0467255533666604,-1.009170955163455,0.5786162657792957,-1.2873566308753033,0.0,1.0,0.0,1.0,0.0,0.0,0
0.6865282055452554,-0.46276885032868825,-0.23406354532677592,-1.202782177242499,-0.9490891755168124,0.5786162657792957,-1.1922956301726746,1.0,0.0,0.0,0.0,0.0,1.0,0
0.4235840114866627,-0.7516257301549323,-0.16767814382895427,0.6479708405736442,-0.30821685928595854,-0.07161178236944823,-0.43588166743889706,0.0,1.0,0.0,0.0,0.0,1.0,0
0.24724089158047338,0.5535794305414342,-2.8230942037418107,0.7071949371437608,-0.48846219822588616,-0.7218398305181921,0.0516454647360157,1.0,0.0,0.0,0.0,0.0,1.0,0
-1.087223328778323,-1.7394449364743134,1.3971206057625503,-0.6697653081114492,-0.48846219822588616,-0.7218398305181921,0.5228764253619057,0.0,0.0,1.0,0.0,0.0,1.0,0
1.7194591521713312,-0.5079398850340264,-0.8315321588071685,1.1365696372771061,-0.7287893168124563,-0.07161178236944823,-0.8432859561644505,1.0,0.0,0.0,0.0,0.0,1.0,0
0.8633200356802136,1.1859739164161753,0.7427502195697389,-0.7586014529666248,0.3126281970626811,-0.07161178236944823,-1.8129081633312678,1.0,0.0,0.0,0.0,0.0,1.0,1
1.522475361741771,0.5333713360679929,-0.14871088625814813,1.4771081925552758,0.09232833835832507,-0.07161178236944823,-0.7943974415173841,0.0,0.0,1.0,0.0,1.0,0.0,0
-0.8471633563869457,-0.4580140045702308,-1.2677790829357092,0.8848672268541108,0.3126281970626811,1.2288443139280396,-0.7156326123637764,1.0,0.0,0.0,0.0,0.0,1.0,0
1.299915088272382,-1.017897092628508,-0.006456454477102331,1.1217636131345772,0.0723010784761109,1.2288443139280396,-1.5847617616449579,0.0,1.0,0.0,0.0,0.0,1.0,1
-0.19608481444322898,0.43233086370078694,-0.4237361210348368,0.1889840921552413,-0.2681623395215302,-0.07161178236944823,0.3069521523373619,0.0,1.0,0.0,0.0,0.0,1.0,0
1.4677327138319616,-0.5792625714108763,0.41082321208063216,-0.41806289768845384,-0.7488165766946705,-0.7218398305181921,0.31238420952036916,1.0,0.0,0.0,0.0,0.0,1.0,0
0.5451844834830426,-0.121608667159419,0.6763648180719181,1.595556385695509,1.7345636486998879,1.2288443139280396,-0.7278547410255435,1.0,0.0,0.0,0.0,0.0,1.0,1
-0.8884446974336873,-0.46633498464753087,0.14528160608934632,0.15937204387018233,1.0536368127046059,0.5786162657792957,1.4694123895009414,1.0,0.0,0.0,0.0,0.0,1.0,0
-0.14268829721972637,-0.8883275457105633,-0.6703104694553166,-0.13674843898040082,1.854727207993173,-0.7218398305181921,0.17386675135368154,0.0,0.0,1.0,0.0,1.0,0.0,0
-0.6295388954340149,0.591618196609087,1.7385312420370607,1.3438539752725136,-1.0692527348100973,-0.7218398305181921,0.4495436533913062,0.0,0.0,1.0,1.0,0.0,0.0,0
-0.5492197644843765,0.041244800067723755,-0.48063789374725524,0.3666563818655899,0.19246463776939599,-0.07161178236944823,-1.7803158202332232,1.0,0.0,0.0,1.0,0.0,0.0,0
-2.2372676451130893,0.9304009568991267,-1.2393281965795002,-0.4476749459735128,-1.2094435539855968,-0.07161178236944823,1.0131195861283215,0.0,0.0,1.0,1.0,0.0,0.0,0
-0.7978052312223635,-0.996500286715453,-1.4574516586437705,1.0329274682794016,-0.7488165766946705,-0.07161178236944823,-1.010321714541927,1.0,0.0,0.0,0.0,1.0,0.0,0
1.8015731240360453,1.4272823386578533,1.52040777997279,-1.4989026600930822,0.1724373778871818,2.5293004102255274,-0.6164975687738922,1.0,0.0,0.0,0.0,0.0,1.0,1
-0.4455677016387538,-1.4529654795272973,1.6816294693246419,1.106957588992047,0.8333369540002498,1.2288443139280396,1.9623715788588614,0.0,0.0,1.0,1.0,0.0,0.0,0
0.13326849347316527,2.810942454368755,0.7901683634967549,-0.5957351873988037,2.1751633661086,-0.7218398305181921,-0.9125446852477943,0.0,1.0,0.0,0.0,0.0,1.0,1
-0.5326174860199261,0.5024648386380237,-1.068622878442245,0.9144792751391684,0.0723010784761109,-0.7218398305181921,0.21189115163473335,1.0,0.0,0.0,0.0,0.0,1.0,0
-1.1926702325390215,-0.5590544769374368,0.7617174771405454,1.58075036155298,-1.1093072545745257,0.5786162657792957,0.9234906426086993,1.0,0.0,0.0,0.0,0.0,1.0,0
-0.030510740027493988,1.302467637498365,0.05044531823531607,-0.7882135012516824,-1.569934231865452,1.2288443139280396,0.8297876562018224,1.0,0.0,0.0,0.0,0.0,1.0,0
1.6732419986081315,0.22549507320792078,-0.6797940982407195,-0.403256873545925,-0.9691164353990265,-0.07161178236944823,-0.8622981563049764,0.0,1.0,0.0,1.0,0.0,0.0,0
1.102033877385284,0.024602839913125212,0.30650329544119825,1.358659999415044,-1.0692527348100973,1.2288443139280396,-0.4209435101856268,0.0,1.0,0.0,0.0,0.0,1.0,0
-0.25486585441195875,1.7945941734986344,0.33495418179740766,0.11495397144259453,-0.7688438365768847,0.5786162657792957,-0.3326725809617571,0.0,1.0,0.0,0.0,0.0,1.0,0
0.5685174153790269,-1.1272585450730126,0.7427502195697389,1.1365696372771061,-0.7287893168124563,-0.07161178236944823,-1.2859986165795516,0.0,1.0,0.0,0.0,0.0,1.0,0
1.618499350698322,-1.2425635547155875,1.6436949541830297,-0.6401532598263915,1.3340184510556043,1.2288443139280396,-0.1724268940630385,1.0,0.0,0.0,0.0,0.0,1.0,0
-1.1410685562305944,-0.9655937892854846,-0.8125649012363624,-0.03310626998269639,-0.8689801359879556,-0.07161178236944823,-0.4304496102558898,0.0,1.0,0.0,1.0,0.0,0.0,0
0.5635816028625686,1.131293190193924,0.31598692422660196,-0.6993773563965082,2.275299665519671,-0.7218398305181921,-1.2805665593965443,0.0,1.0,0.0,1.0,0.0,0.0,0
-1.2747842044037356,-0.15608129890823086,0.5625612726470812,-0.8474375978217991,0.23251915753382435,-0.07161178236944823,0.3300383953651435,1.0,0.0,0.0,0.0,0.0,1.0,0
0.9898563201930517,0.7853781612661973,-0.4237361210348368,-1.2620062738126154,-0.6687075371658138,-0.7218398305181921,1.2575621593636532,1.0,0.0,0.0,0.0,1.0,0.0,0
-0.6268466340614013,0.3705178688408502,0.22115063637257085,-0.46248097011604167,1.3340184510556043,-0.07161178236944823,0.727936584020434,1.0,0.0,0.0,0.0,0.0,1.0,0
1.3811316396795583,0.2682886850340311,-0.101292742331133,-0.32922675283327957,-0.9691164353990265,0.5786162657792957,0.47262989641908776,1.0,0.0,0.0,1.0,0.0,0.0,0
1.701510743020574,-0.2761411543092616,-1.2677790829357092,0.8848672268541108,-1.249498073750025,-0.07161178236944823,-0.6585960119421996,0.0,1.0,0.0,0.0,1.0,0.0,0
-2.2372676451130893,0.6308456741163546,1.1220953709858617,-0.13674843898040082,1.0536368127046059,-0.7218398305181921,0.22003923740924378,1.0,0.0,0.0,0.0,0.0,1.0,0
0.39980236936190944,-0.3795590495556955,1.4445387496895654,0.7960310819989351,0.3927372365915378,-0.07161178236944823,1.7478053201300692,0.0,0.0,1.0,0.0,0.0,1.0,0
-0.22928937137212976,0.28849677950747227,1.662662211753836,1.2402118062748106,1.0336095528223916,-1.372067878666936,0.780899141554756,1.0,0.0,0.0,1.0,0.0,0.0,0
-0.10903503006205666,1.3571483637206165,-0.3858016058932246,-0.24039060797810394,-0.588598497636957,-1.372067878666936,-1.072790372146512,1.0,0.0,0.0,1.0,0.0,0.0,0
0.3203806588698089,0.6855264003386077,-0.755663128523944,0.9292852992816986,-0.3482713790503869,1.8790723620767835,1.3390430171087642,1.0,0.0,0.0,0.0,0.0,1.0,0
1.3362606168026654,-0.9810470380004683,0.3539214393682142,0.011311802444891415,0.7131733947069647,-0.7218398305181921,0.5934931687410011,0.0,1.0,0.0,1.0,0.0,0.0,0
0.8655635868240582,-0.7468708843964756,-2.0454366433387596,0.2778202370104156,-0.9290619156345982,-0.07161178236944823,0.4291734389550287,0.0,1.0,0.0,0.0,0.0,1.0,0
-0.1458292688211089,0.5619004106187326,-1.1350082799400663,-0.8178255495367415,-0.688734797048028,-0.07161178236944823,-1.0863705151040306,1.0,0.0,0.0,0.0,0.0,1.0,0
-1.4776012278072916,0.350309774367409,-0.622892325528301,0.3962684301506489,0.5529553156492513,-1.372067878666936,2.2937270670223113,1.0,0.0,0.0,1.0,0.0,0.0,0
0.7888341377045713,-0.3320105919711278,0.39185595450982563,-0.9806918151045612,2.956226501514953,1.2288443139280396,0.1439904368471411,1.0,0.0,0.0,0.0,1.0,0.0,0
0.22480538014202692,-1.3923411961069736,0.13579797730394347,0.7220009612862897,0.15241011800496762,0.5786162657792957,0.8596639707083628,1.0,0.0,0.0,0.0,0.0,1.0,0
-1.6907385864725333,0.28374193374901485,-2.557552597750525,0.2334021645828278,-0.6286530174013855,-1.372067878666936,-0.7957554558131357,0.0,1.0,0.0,0.0,0.0,1.0,0
-0.2633913487585684,-0.5875835514881764,-0.7177286133823317,-0.5809291632562749,0.1724373778871818,-0.07161178236944823,0.6926282123308863,1.0,0.0,0.0,0.0,0.0,1.0,0
0.5721070972091784,-1.2045247886479338,0.7522338483551426,0.48510457500582316,-0.3482713790503869,0.5786162657792957,0.8379357419763337,0.0,0.0,1.0,0.0,1.0,0.0,0
-1.246066749762524,0.2694773964736459,-2.6334216280337497,0.2778202370104156,-0.7488165766946705,-0.07161178236944823,-0.5635350112395702,0.0,1.0,0.0,1.0,0.0,0.0,0
1.3106841337628363,-0.19293135353626892,-0.3099325756100005,1.4326901201276894,2.41549048469517,-0.7218398305181921,1.0552180292966291,1.0,0.0,0.0,1.0,0.0,0.0,0
0.22076698808310655,0.8828524993145607,0.6194630453594993,-1.1287520565298534,-1.12933451445674,-0.07161178236944823,-1.4258740890419919,0.0,0.0,1.0,0.0,1.0,0.0,0
-1.137927584629212,0.4228211721838737,0.7806847347113511,0.5443286715759398,-0.22810781975710182,1.8790723620767835,-0.7305707696170476,1.0,0.0,0.0,0.0,0.0,1.0,0
0.23781797677632585,-1.0452374557396347,-0.06335822718952074,-1.3952604910953776,-1.0692527348100973,-1.372067878666936,-1.500564875308343,0.0,1.0,0.0,0.0,0.0,1.0,0
0.4756343980238585,-0.09664572692752202,0.5435940150762747,0.24820818872535794,-1.3696616330433102,-0.07161178236944823,1.2887964881659462,0.0,1.0,0.0,0.0,0.0,1.0,0
0.13461462415947206,0.09711423772958992,-1.1350082799400663,-1.6913809739459609,-0.40835315869702943,-1.372067878666936,0.33682846684390333,0.0,1.0,0.0,0.0,0.0,1.0,0
0.41685335805512874,-0.33557672628997043,0.5530776438616783,-0.13674843898040082,0.9935550330579632,0.5786162657792957,0.7306526126119381,0.0,1.0,0.0,1.0,0.0,0.0,0
-0.8870985667473804,0.19696599865718117,0.44875772722224444,1.8768708444035633,-0.16802604011045927,-0.07161178236944823,0.19695299438146313,0.0,0.0,1.0,1.0,0.0,0.0,0
0.04576999886322403,0.5131632415945517,0.2590851515141831,-1.6913809739459609,0.753227914471393,0.5786162657792957,-1.0211858289079414,0.0,1.0,0.0,0.0,0.0,1.0,0
1.3012612189586887,-1.5563833747737303,-0.2814816892537911,0.1297599955851247,-0.2681623395215302,-0.07161178236944823,0.9764532001430214,1.0,0.0,0.0,0.0,0.0,1.0,0
-1.233951573585763,-0.8716855855559648,0.46772498479305014,0.11495397144259453,-0.468434938343672,0.5786162657792957,1.2562041450679018,1.0,0.0,0.0,1.0,0.0,0.0,0
-0.9584434931216402,0.3824049832369913,0.10734709094773447,0.7812250578564063,-0.3482713790503869,-1.372067878666936,0.6328755833178055,0.0,1.0,0.0,0.0,0.0,1.0,0
0.30557322132043424,-0.31655734325614404,0.7142993332135303,-0.32922675283327957,2.6357903433995262,-0.07161178236944823,0.24312548043702537,0.0,1.0,0.0,1.0,0.0,0.0,0
-1.208375090545934,-1.1118052963580278,0.05044531823531607,1.4623021684127469,-1.2895525935144534,-0.7218398305181921,0.5948511830367537,0.0,0.0,1.0,1.0,0.0,0.0,0
0.1758959652062136,-1.8511838117980457,-1.5048698025707856,0.7664190337138775,0.5129007958848228,-0.07161178236944823,-1.8047600775567563,1.0,0.0,0.0,0.0,1.0,0.0,0
-0.44063188912229556,-0.6208674717973736,-0.30044894682459716,0.10014794730006571,0.973527773175749,1.2288443139280396,0.7034923266969009,1.0,0.0,0.0,0.0,0.0,1.0,0
1.2711976336311706,-0.27257501999041894,0.30650329544119825,0.7960310819989351,1.754590908582102,1.2288443139280396,-0.27835200913168257,0.0,1.0,0.0,0.0,0.0,1.0,0
0.7830009047305753,2.4400644852091316,0.9513900528486068,-0.2700026562631629,1.4341547504666752,2.5293004102255274,0.8487998563423482,0.0,0.0,1.0,1.0,0.0,0.0,0
-1.4569605572839208,0.6118262910825282,0.7427502195697389,-0.5957351873988037,0.5329280557670371,0.5786162657792957,1.9963219362526574,1.0,0.0,0.0,1.0,0.0,0.0,0
0.033206112457694004,0.7390184151212443,0.581528530217887,-0.1811665114079873,0.7732551743536072,-0.07161178236944823,1.1475630014077545,0.0,1.0,0.0,0.0,0.0,1.0,0
0.4074304432509812,-0.37480420379723806,0.13579797730394347,1.9509009651162088,0.23251915753382435,-0.07161178236944823,-0.03390943589635087,0.0,1.0,0.0,0.0,0.0,1.0,0
-1.2554896645666715,0.4858228784834252,-0.8789503027341836,0.10014794730006571,0.7131733947069647,-0.7218398305181921,-0.09366206490943173,1.0,0.0,0.0,1.0,0.0,0.0,0
0.8678071379679029,0.9422880712952695,-1.1350082799400663,0.11495397144259453,-0.36829863893260106,-0.7218398305181921,-0.6667440977167101,0.0,1.0,0.0,0.0,0.0,1.0,0
2.1318238524099775,0.5131632415945517,-0.6703104694553166,0.4702985508632943,0.8934187336468923,0.5786162657792957,-0.8215577274324205,1.0,0.0,0.0,0.0,0.0,1.0,0
-1.9819515249435684,-0.9929341523966103,-0.9453357042320053,-1.2768122979551444,0.7332006545891788,-0.7218398305181921,0.12769426529811836,1.0,0.0,0.0,1.0,0.0,0.0,0
0.7538347398605948,-0.7599467102322316,-0.7651467573093472,1.314241926987456,-1.349634373161096,1.2288443139280396,-1.5711816186874392,0.0,1.0,0.0,0.0,0.0,1.0,0
2.8578370025581052,0.05194320302425006,0.7617174771405454,-1.6173508532333154,0.41276449647375196,2.5293004102255274,-0.43588166743889706,1.0,0.0,0.0,0.0,0.0,1.0,0
-1.3838207899945854,1.8088587107740033,-0.03490734083331174,-0.5068990425436295,-0.20808055987488763,-0.7218398305181921,-0.7577310555320839,1.0,0.0,0.0,0.0,0.0,1.0,0
-0.36614599114665325,0.2777983765509443,-0.5280560376742708,0.3074322852954733,-0.8689801359879556,-0.7218398305181921,-1.7395753913606682,0.0,1.0,0.0,1.0,0.0,0.0,0
-2.2372676451130893,-2.1757020348127165,-0.6513432118845105,-0.03310626998269639,0.4528190162381803,-0.7218398305181921,-0.9179767424308015,1.0,0.0,0.0,0.0,0.0,1.0,0
1.121328417222348,0.49295514712111055,-0.20561265897056652,-1.2175882013850277,0.7932824342358215,0.5786162657792957,0.47398791071483937,1.0,0.0,0.0,1.0,0.0,0.0,0
-0.5873601339297355,1.9110878945808225,-0.8410157875925713,0.35185035772306106,0.7332006545891788,-0.7218398305181921,0.696702255218142,1.0,0.0,0.0,0.0,0.0,1.0,0
0.6739643191397253,0.7045457833724341,0.8470701362091728,0.07053589901500805,0.13238285812275344,-1.372067878666936,-0.6463738832804325,1.0,0.0,0.0,0.0,0.0,1.0,0
1.6929852486739643,0.29206291382631494,-0.6797940982407195,-0.3588388011183372,-1.0492254749278833,-0.07161178236944823,-0.7971134701088873,0.0,1.0,0.0,1.0,0.0,0.0,0
-0.6403079409244692,-2.363518442271756,-1.0212047345152298,-0.6105412115413326,-1.2094435539855968,0.5786162657792957,-1.9364874642446852,1.0,0.0,0.0,0.0,0.0,1.0,0
1.91689165282966,0.006772168318911886,-0.8030812724509595,-0.46248097011604167,0.052273818593896716,-0.7218398305181921,-1.5548854471384175,0.0,1.0,0.0,1.0,0.0,0.0,0
0.5797351710982501,0.6153924254013708,2.1273600222385856,-2.8314448329207043,0.47284627612039454,-1.372067878666936,-1.300936773832822,0.0,1.0,0.0,0.0,0.0,1.0,1
-0.16557251888694177,-0.984613172319311,-0.4996051513180614,0.3370443335805322,-0.14799878022824509,-0.07161178236944823,-0.5852632399716001,1.0,0.0,0.0,0.0,1.0,0.0,0
0.3114064542944303,0.5761649478941032,-2.842061461312617,0.7220009612862897,-0.48846219822588616,-0.7218398305181921,0.09781795079157793,1.0,0.0,0.0,0.0,0.0,1.0,0
-0.34640274108082036,-1.0666342616526898,0.6668811892865143,0.55913469571847,0.1724373778871818,-0.07161178236944823,0.9791692287345255,1.0,0.0,0.0,0.0,0.0,1.0,0
1.0594064056522359,-2.4978428349481585,1.207448030054489,-0.5809291632562749,1.3540457109378186,-0.7218398305181921,1.0199096576070805,0.0,1.0,0.0,0.0,1.0,0.0,0
1.8554183514883167,0.857889559082662,0.9703573104194125,-0.891855670249387,-1.009170955163455,-0.07161178236944823,0.6994182838096451,0.0,1.0,0.0,0.0,0.0,1.0,1
-0.908636657728289,-1.420870270657714,0.2875360378703925,-1.2323942255275566,-1.009170955163455,-0.07161178236944823,0.571764940008972,0.0,1.0,0.0,1.0,0.0,0.0,0
-0.7062683445535018,1.0112333347928915,1.7480148708224634,-1.7061869980884896,-0.9490891755168124,-0.07161178236944823,-0.07193383617740268,0.0,0.0,1.0,0.0,0.0,1.0,0
1.5318982765459186,-0.948951829130886,0.11683071973313733,0.8848672268541108,0.0723010784761109,0.5786162657792957,-0.7835333271513687,1.0,0.0,0.0,0.0,0.0,1.0,0
-0.8660091859952408,-0.4746559647248293,-1.220360939008694,0.8700612027115819,0.33265545694489523,1.2288443139280396,-0.7210646695467846,1.0,0.0,0.0,0.0,0.0,1.0,0
-0.775369719783917,-0.37718162667646765,-1.2108773102232908,1.2698238545598681,-0.4484076784614578,0.5786162657792957,-1.5752556615746949,1.0,0.0,0.0,0.0,0.0,1.0,0
1.2599798779119473,-0.2464233683189072,0.8755210225653822,-1.0695279599597367,0.4928735360026087,2.5293004102255274,-1.7422914199521713,0.0,1.0,0.0,0.0,0.0,1.0,1
0.7322966488796862,-0.34746384068611325,-0.006456454477102331,-0.13674843898040082,-0.808898356341313,1.2288443139280396,0.10460802227033773,0.0,1.0,0.0,1.0,0.0,0.0,0
-1.2438231986186794,-0.2678201742319632,1.2169316588398917,3.3574732586564777,1.2338821516445333,-1.372067878666936,0.3734948528292026,0.0,0.0,1.0,0.0,0.0,1.0,0
0.13012752187178278,1.4225274928993958,-0.727212242167735,-0.403256873545925,0.2725736772982527,-0.7218398305181921,0.3259643524778878,0.0,1.0,0.0,0.0,0.0,1.0,0
0.6685797963944982,-0.121608667159419,-0.12025999990193913,0.011311802444891415,1.093691332469034,0.5786162657792957,0.3178162667033774,0.0,0.0,1.0,1.0,0.0,0.0,1
-0.6591537705327642,-0.11447639852173366,0.2780524090849897,0.6923889130012321,0.23251915753382435,-0.7218398305181921,0.43596351043378756,0.0,1.0,0.0,0.0,1.0,0.0,0
0.6542210690738924,1.130104478754309,-1.2867463405065154,-0.7734074771091536,-0.808898356341313,0.5786162657792957,0.07473170776379633,0.0,1.0,0.0,1.0,0.0,0.0,1
-0.5761423782105123,-0.9786696151212405,-2.1782074463344028,1.0329274682794016,0.8333369540002498,-0.7218398305181921,-0.8840263850370055,0.0,1.0,0.0,1.0,0.0,0.0,0
0.453198886585412,-1.5563833747737303,-1.1729427950816784,-0.5661231391137461,-0.20808055987488763,1.2288443139280396,-1.8441424921335599,1.0,0.0,0.0,0.0,0.0,1.0,0
0.6272984553477566,0.6748279973820797,-0.6608268406699133,0.7220009612862897,0.35268271682710944,3.179528458374271,0.08966986501706752,0.0,1.0,0.0,0.0,0.0,1.0,1
0.6071064950531548,-0.834835530927925,0.13579797730394347,0.44068650257823666,-0.8890073958701697,-1.372067878666936,1.1516370442950101,1.0,0.0,0.0,0.0,0.0,1.0,0
1.012740541860267,-0.2630653284735057,0.6573975605011115,-1.7950231429436652,-0.5685712377547429,0.5786162657792957,1.1801553445057982,0.0,0.0,1.0,0.0,0.0,1.0,0
-0.6981915604356611,0.339611371410881,1.4540223784749682,0.8108371061414653,1.6544546091710313,-0.07161178236944823,0.21324916593048493,0.0,0.0,1.0,0.0,0.0,1.0,0
1.4704249752045753,-1.1070504505995713,0.5435940150762747,1.0477334924219306,0.2525464174160385,-0.07161178236944823,-0.005391135685562011,1.0,0.0,0.0,0.0,0.0,1.0,0
1.0176763543767253,0.6011278881260003,-0.20561265897056652,1.003315419994344,1.8346999481109587,-0.7218398305181921,1.4273139463326339,0.0,0.0,1.0,0.0,0.0,1.0,1
0.3751233067796183,-0.8633646054786654,0.5530776438616783,2.11376723068403,-0.5084894581081003,0.5786162657792957,1.0864523580989212,1.0,0.0,0.0,1.0,0.0,0.0,0
-0.9925454705080788,-0.2808960000677191,-1.1729427950816784,0.3074322852954733,1.3340184510556043,1.2288443139280396,2.716069513001135,0.0,1.0,0.0,0.0,0.0,1.0,0
2.29829534728325,0.9684397229667812,0.05992894702071892,0.7220009612862897,-1.2895525935144534,-0.07161178236944823,1.576695518865337,0.0,0.0,1.0,0.0,0.0,1.0,0
-1.9451572861845163,-0.4140316813045057,-0.006456454477102331,0.011311802444891415,0.7131733947069647,-1.372067878666936,-1.7735257487544644,1.0,0.0,0.0,0.0,0.0,1.0,0
0.028719010170004708,-0.9822357494400831,1.416087863333356,-0.8326315736792702,-0.04786248081717419,-0.7218398305181921,0.26213768057755127,0.0,0.0,1.0,0.0,0.0,1.0,0
-0.21672548496659974,-0.17866681626089995,-0.17716177261435753,-0.8030195253942126,0.012219298829468357,-0.07161178236944823,0.3762108814207067,1.0,0.0,0.0,0.0,0.0,1.0,0
1.6041406233777162,-0.6838691780969242,1.8428511586764937,-0.10713639069534185,-0.08791700058160255,0.5786162657792957,-0.42365953877713,1.0,0.0,0.0,0.0,0.0,1.0,0
0.2503818631818559,-0.18817650777781314,-0.3099325756100005,0.7071949371437608,-0.28818959940374433,-0.7218398305181921,0.8067014131740408,0.0,0.0,1.0,0.0,0.0,1.0,0
0.9889588997355139,1.949126660648477,-0.2150962877559698,-0.9954978392470913,-1.1894162941033826,-0.7218398305181921,1.3634872744322972,1.0,0.0,0.0,1.0,0.0,0.0,0
-0.596783048733883,-1.353113718599706,1.2169316588398917,0.44068650257823666,-0.18805329999267345,0.5786162657792957,4.0921497445252616e-05,0.0,1.0,0.0,0.0,0.0,1.0,0
-1.3923462843411951,1.074235041092443,-1.1634591662962757,-1.0695279599597367,-0.909034655752384,0.5786162657792957,-1.472046575097554,0.0,1.0,0.0,0.0,0.0,1.0,0
1.5027321116759382,0.8150959472565517,-0.6703104694553166,-1.039915911674678,-1.249498073750025,1.2288443139280396,0.4060871959272471,1.0,0.0,0.0,0.0,0.0,1.0,0
-1.6422778817654888,-1.7275578220781713,-0.20561265897056652,-2.1947857947919513,-0.688734797048028,0.5786162657792957,-0.04613156455811697,0.0,1.0,0.0,1.0,0.0,0.0,0
-2.1793840256018973,-0.49010921343981306,-0.17716177261435753,1.8176467478334468,0.8133096941180356,-0.07161178236944823,-1.4706885608018025,1.0,0.0,0.0,1.0,0.0,0.0,0
0.021090936280932907,-0.8265145508506258,1.8713020450327031,-0.9214677185344445,0.032246558711682534,-0.07161178236944823,0.01090503586345978,0.0,1.0,0.0,0.0,0.0,1.0,0
-0.769087776581152,0.12326588940110167,1.5867931814706115,0.9292852992816986,0.3727099767093236,-0.7218398305181921,-0.4114374101153639,1.0,0.0,0.0,0.0,1.0,0.0,0
-1.0261987376657487,-0.23334754248315132,-0.3858016058932246,1.1513756614196349,0.0723010784761109,-0.07161178236944823,-0.1330444794862351,1.0,0.0,0.0,0.0,1.0,0.0,0
-1.1038256072427735,-0.39025745251222355,-0.25303080289758206,0.5147166232908821,0.2525464174160385,2.5293004102255274,0.7238625411331783,0.0,0.0,1.0,0.0,0.0,1.0,0
-1.3066426306463295,2.5220855745425093,1.5583422951144021,-0.3588388011183372,-0.007807961052745825,-0.7218398305181921,0.141274408255637,0.0,0.0,1.0,0.0,0.0,1.0,0
-0.2099948315350658,-1.2532619576721156,0.8470701362091728,1.8620648202610346,0.5729825755314654,-0.7218398305181921,0.32053229529488053,0.0,0.0,1.0,0.0,0.0,1.0,0
-0.31544173529576425,-0.5376576710243808,1.3212515754793257,1.2698238545598681,0.3727099767093236,-0.7218398305181921,0.5120123109958912,0.0,0.0,1.0,0.0,0.0,1.0,0
-0.266083610131182,-0.616112626038916,-1.0591392496568417,-1.3952604910953776,-1.4097161528077384,3.179528458374271,-0.8378538989814432,0.0,1.0,0.0,0.0,1.0,0.0,0
1.121328417222348,1.4356033187351518,0.19269975001636144,-0.19597253555051744,0.0723010784761109,3.179528458374271,0.005472978680452516,0.0,0.0,1.0,0.0,0.0,1.0,0
0.9795359849313664,0.9006831709087723,0.031478060664509935,-0.9954978392470913,2.054999806815315,3.179528458374271,0.6654679264158491,0.0,1.0,0.0,1.0,0.0,0.0,0
-0.5447326621966873,1.4629436818462782,-0.053874598404117874,0.6775828888587019,-1.3696616330433102,0.5786162657792957,2.8763151998998535,0.0,0.0,1.0,0.0,0.0,1.0,0
1.0428041271877855,-0.03126659774874096,-0.2435471741121788,0.4110744542931777,-0.4484076784614578,1.8790723620767835,0.08152177924255613,0.0,1.0,0.0,0.0,0.0,1.0,1
-0.724216753704259,0.044810934386566414,0.211667007587168,1.1661816855621638,0.9334732534113207,-0.7218398305181921,-0.7808172985598655,0.0,1.0,0.0,1.0,0.0,0.0,0
-0.4015940992193987,1.3714129009959872,-0.06335822718952074,1.417884095985159,-0.5685712377547429,-0.07161178236944823,-1.8971050496678818,1.0,0.0,0.0,1.0,0.0,0.0,0
-0.4321063947756859,-0.2797072886281043,0.44875772722224444,0.3074322852954733,-1.0692527348100973,-0.07161178236944823,1.2100316590123394,0.0,0.0,1.0,0.0,0.0,1.0,1
-0.4303115538606102,0.14822882963299863,-1.9790512418409385,-2.135561698221835,1.0135822929401774,-0.7218398305181921,-0.3992152814535968,0.0,1.0,0.0,1.0,0.0,0.0,0
-1.6633672625176286,-0.2975379602223176,1.1126117422004587,0.7960310819989351,-0.007807961052745825,-1.372067878666936,0.6749740264861119,0.0,1.0,0.0,0.0,0.0,1.0,0
1.0410092862727096,1.6293632833922638,1.6436949541830297,1.7288106029782724,-0.5685712377547429,-0.07161178236944823,-1.2642703878475225,1.0,0.0,0.0,0.0,0.0,1.0,0
-0.011664910419198949,-0.11447639852173366,-0.20561265897056652,-0.6697653081114492,0.09232833835832507,-1.372067878666936,0.04213936466575275,1.0,0.0,0.0,0.0,0.0,1.0,1
1.3479270827506575,0.30395002822245604,-0.015940083262505608,-0.403256873545925,-0.9490891755168124,0.5786162657792957,0.5581847970514534,1.0,0.0,0.0,1.0,0.0,0.0,0
-1.0562623229932668,-0.3391428606088131,-0.3288998331808066,0.4702985508632943,0.2525464174160385,2.5293004102255274,0.7102823981756606,0.0,0.0,1.0,0.0,0.0,1.0,0
0.13685817530331673,0.8899847679522459,0.3539214393682142,1.106957588992047,-1.12933451445674,-0.7218398305181921,1.1339828584502358,0.0,0.0,1.0,0.0,0.0,1.0,0
-0.6528718273299993,2.006184809749958,-1.4195171435021583,-2.2095918189344803,-1.589961491747666,0.5786162657792957,-0.11267426504995763,0.0,1.0,0.0,1.0,0.0,0.0,0
0.8920374903214251,0.04956578014502218,-1.571255204068607,0.0557298748724779,-0.468434938343672,-0.07161178236944823,-0.8215577274324205,0.0,1.0,0.0,0.0,0.0,1.0,0
-0.42627316180168984,-0.6434529891500426,-0.39528523467862786,0.1445660197276535,0.973527773175749,1.2288443139280396,0.6736160121903604,1.0,0.0,0.0,0.0,0.0,1.0,0
0.5756967790393298,0.5547681419810473,0.268568780299586,0.10014794730006571,-1.4497706725721669,-1.372067878666936,0.5418886255024316,0.0,0.0,1.0,0.0,0.0,1.0,0
-0.5541555770008347,-0.22146042808701025,-2.0738875296949693,-0.7289894046815658,0.33265545694489523,-0.7218398305181921,0.17794079424093723,1.0,0.0,0.0,0.0,0.0,1.0,0
0.19833147664466005,0.2789870879905591,-1.391066257145949,1.1217636131345772,-0.8289256162235272,-0.07161178236944823,0.34090250973115804,1.0,0.0,0.0,0.0,0.0,1.0,0
-1.366769801301366,0.26115641639634574,-0.5185724088888675,0.5739407198609988,-0.9490891755168124,-0.07161178236944823,-1.1868635729896673,1.0,0.0,0.0,1.0,0.0,0.0,0
1.562410572102206,-0.56856416845435,1.2833170603377135,-0.03310626998269639,-0.36829863893260106,1.8790723620767835,0.927564685495955,0.0,0.0,1.0,0.0,0.0,1.0,0
-0.6806918615136729,0.6082601567636855,0.6289466741449021,-0.6845713322539794,0.9334732534113207,1.2288443139280396,0.4183093245890132,0.0,0.0,1.0,1.0,0.0,0.0,0
-0.06371529695639477,1.3607144980394592,-1.429000772287561,-0.714183380539037,0.0723010784761109,-0.07161178236944823,0.1643606512834186,1.0,0.0,0.0,1.0,0.0,0.0,1
-1.4421531197345463,0.2789870879905591,-0.09180911354573014,-0.5365110908286871,-0.8289256162235272,-1.372067878666936,1.1407729299289946,1.0,0.0,0.0,1.0,0.0,0.0,0
0.12115331729640419,-0.1097215527632779,0.9134555377069945,0.3222383094380034,-0.14799878022824509,1.8790723620767835,0.5160863538831459,0.0,0.0,1.0,0.0,0.0,1.0,0
-0.1539060529389496,1.235899796879971,0.0694125758061222,0.011311802444891415,0.29260093718046687,-0.7218398305181921,0.26756973776055853,1.0,0.0,0.0,0.0,0.0,1.0,0
0.2046134198474251,2.0014299639915003,2.1652945373801975,1.4326901201276894,-1.0692527348100973,-1.372067878666936,-0.844643970460202,0.0,0.0,1.0,1.0,0.0,0.0,0
0.17365241406236895,-1.9629226871217789,-0.9643029618028114,-1.1287520565298534,0.5329280557670371,0.5786162657792957,-0.14255057955649805,1.0,0.0,0.0,1.0,0.0,0.0,0
-0.47832354833888563,0.5155406644737797,-1.049655620871439,0.9292852992816986,0.13238285812275344,-0.7218398305181921,0.24991555191578516,1.0,0.0,0.0,0.0,0.0,1.0,0
-0.2817884681380945,0.06501902886000593,0.5246267575054689,-0.06271831826775535,-0.16802604011045927,-0.7218398305181921,1.651386305131689,0.0,1.0,0.0,0.0,1.0,0.0,0
1.127610360425113,-0.5447899396620661,-0.7746303860947501,-0.5217050666861582,-1.3095798533966676,-0.07161178236944823,-1.3498252884798883,1.0,0.0,0.0,0.0,0.0,1.0,0
0.5963374495627005,-1.155787619623753,0.7142993332135303,0.44068650257823666,-0.36829863893260106,0.5786162657792957,0.8175655275400563,0.0,0.0,1.0,0.0,1.0,0.0,0
2.0968244545660006,-0.24285723400006454,1.577309552685208,-0.1811665114079873,-0.14799878022824509,0.5786162657792957,-0.4250175530728825,0.0,1.0,0.0,0.0,1.0,0.0,1
0.14807593102253996,1.0433285436624737,-1.3720989995751427,-0.8178255495367415,-0.48846219822588616,-0.07161178236944823,0.027201207412482536,0.0,0.0,1.0,0.0,0.0,1.0,0
1.9698394598243938,1.1883513392954033,0.04096168944991279,-0.3144207286907507,-1.349634373161096,0.5786162657792957,1.5413871471757894,0.0,0.0,1.0,0.0,1.0,0.0,0
-0.4397344686647577,0.9708171458460091,0.4392740984368416,-0.8178255495367415,-0.588598497636957,-0.7218398305181921,-0.2634138518784123,0.0,0.0,1.0,0.0,0.0,1.0,0
0.9445365870873899,0.7235651664062606,0.5720449014324841,-0.13674843898040082,1.3941002307022468,-1.372067878666936,1.6269420478081558,0.0,0.0,1.0,0.0,1.0,0.0,0
2.088298960219391,0.4240098836234885,-0.7177286133823317,0.5295226474334109,0.8333369540002498,0.5786162657792957,-0.8079775844749028,1.0,0.0,0.0,0.0,0.0,1.0,0
-0.41191443448108406,-0.6529626806669558,-0.39528523467862786,0.1297599955851247,1.0135822929401774,1.2288443139280396,0.6559618263455861,1.0,0.0,0.0,0.0,0.0,1.0,0
1.6997159021054982,0.22668378464753558,0.5910121590032906,1.2105997579897516,0.5129007958848228,-0.07161178236944823,0.2648537091690554,0.0,1.0,0.0,0.0,0.0,1.0,0
0.2992912781176692,0.06501902886000593,-1.2867463405065154,-2.0467255533666604,-0.5285167179903145,-0.07161178236944823,0.0027569500889493667,0.0,1.0,0.0,0.0,0.0,1.0,0
-0.9422899248859588,-0.17510068194205727,0.7617174771405454,-0.5661231391137461,1.8346999481109587,-0.7218398305181921,0.16164462269191449,1.0,0.0,0.0,0.0,0.0,1.0,0
0.8606277743076001,0.5702213906960311,-0.4996051513180614,-1.4544845876654942,-0.5685712377547429,-1.372067878666936,-1.3864916744651885,0.0,1.0,0.0,1.0,0.0,0.0,0
-0.17723898483493394,0.3205919883770546,-0.4616706361764491,1.0477334924219306,0.3727099767093236,-0.7218398305181921,0.8854662423276485,0.0,0.0,1.0,0.0,1.0,0.0,0
-0.035446552543952216,0.31583714261859885,-0.044390969618714596,-0.403256873545925,0.1724373778871818,1.2288443139280396,-1.5671075758001836,1.0,0.0,0.0,0.0,1.0,0.0,1
-0.14134216653341958,-0.29040569158463225,0.6194630453594993,-2.402070132787359,-1.1693890342211684,0.5786162657792957,-0.33674662384901183,0.0,1.0,0.0,0.0,0.0,1.0,0
-0.17589285414862715,-0.9239888888989882,0.7712011059259483,0.3962684301506489,-0.28818959940374433,-0.07161178236944823,-0.08143993624766563,1.0,0.0,0.0,1.0,0.0,0.0,0
0.5900555063599355,-0.9584615206477992,-0.08232548476032686,0.08534192315753687,0.2725736772982527,-1.372067878666936,-0.9831614286268907,1.0,0.0,0.0,0.0,0.0,1.0,0
0.38050782952484546,1.5283228110250577,0.211667007587168,1.5215262649828636,-0.007807961052745825,-0.7218398305181921,0.6396656547965642,1.0,0.0,0.0,1.0,0.0,0.0,0
0.06461582847151907,-0.8597984711598228,0.05992894702071892,0.6035527681460564,0.4528190162381803,-0.7218398305181921,-0.6803242406742287,1.0,0.0,0.0,0.0,0.0,1.0,0
-0.7358832196522512,0.3241581226958973,1.4540223784749682,0.7960310819989351,1.6945091289354595,-0.07161178236944823,0.18608888001544766,0.0,0.0,1.0,0.0,0.0,1.0,0
0.9530620814339995,1.6781004524164445,-0.11077637111653585,0.4554925267207655,-0.8689801359879556,-0.7218398305181921,0.26077966628179966,1.0,0.0,0.0,1.0,0.0,0.0,0
-0.539796849680229,0.15298367539145608,-0.8030812724509595,0.011311802444891415,-0.9691164353990265,-0.07161178236944823,1.5210169327395118,0.0,0.0,1.0,1.0,0.0,0.0,0
2.83495278089089,0.1624933669083693,1.2738334315523105,-0.6105412115413326,0.032246558711682534,1.2288443139280396,-0.4657579819454375,0.0,1.0,0.0,1.0,0.0,0.0,0
-1.3636288296999837,-0.9560840977685714,-0.7082449845969289,-0.47728699425857046,-0.16802604011045927,0.5786162657792957,-0.685756297857236,1.0,0.0,0.0,1.0,0.0,0.0,0
-0.9983787034820749,1.1467464389089077,-1.391066257145949,-0.003494221697638729,-0.22810781975710182,-0.7218398305181921,0.3164582524076249,1.0,0.0,0.0,0.0,0.0,1.0,0
-0.5815269009557394,-2.3492539049963863,-1.0117211057298265,-0.5957351873988037,-1.2094435539855968,0.5786162657792957,-1.9785859074129926,1.0,0.0,0.0,0.0,0.0,1.0,0
0.25442025524077627,-0.442560755855247,-0.006456454477102331,-2.3724580845023016,1.5543183097599602,-0.7218398305181921,-0.29736420927220847,0.0,1.0,0.0,0.0,0.0,1.0,0
-0.21403322359398616,2.2332286947162654,-0.5659905528158831,0.1297599955851247,-0.4484076784614578,0.5786162657792957,0.5255924539534088,0.0,0.0,1.0,0.0,0.0,1.0,0
-1.0288909990383621,0.3586307544447091,0.05044531823531607,0.7960310819989351,-0.42838041857924364,-1.372067878666936,0.6749740264861119,0.0,1.0,0.0,0.0,0.0,1.0,0
0.5272360743322854,1.5140582737496886,-0.6703104694553166,-0.13674843898040082,2.1751633661086,2.5293004102255274,0.27028576635206264,1.0,0.0,0.0,0.0,0.0,1.0,0
-1.1482479198908975,-0.7242853670438066,-0.6323759543137043,0.4702985508632943,-1.3095798533966676,-1.372067878666936,-1.3308130883393623,1.0,0.0,0.0,0.0,0.0,1.0,0
-1.6207397907845802,0.06264160598077806,-1.9506003554847295,-0.07752434241028419,-1.0892799946923115,-1.372067878666936,-0.5893372828588549,0.0,1.0,0.0,1.0,0.0,0.0,0
0.2414076586064773,-1.0737665302903743,-0.006456454477102331,-1.336036394525261,-1.0692527348100973,-1.372067878666936,-1.500564875308343,0.0,1.0,0.0,0.0,0.0,1.0,0
-1.0163271126328322,-0.0883247468502219,0.6858484468573209,-0.24039060797810394,-1.2695253336322392,1.2288443139280396,-0.6518059404634399,1.0,0.0,0.0,0.0,0.0,1.0,0
0.7681934671812005,-0.9869905951985397,0.3539214393682142,-0.8326315736792702,-1.3296071132788818,1.2288443139280396,0.2594216519860481,0.0,1.0,0.0,0.0,0.0,1.0,0
-0.24589164983658016,-0.9406308490535867,0.05992894702071892,-0.07752434241028419,-0.027835220934960006,-0.7218398305181921,-0.17650093695029417,1.0,0.0,0.0,0.0,0.0,1.0,0
-1.6808669614396168,0.5619004106187326,-0.7177286133823317,-0.4920930184010993,0.1724373778871818,-0.7218398305181921,-0.5431647968032927,0.0,1.0,0.0,0.0,1.0,0.0,0
-0.9808790045600867,-0.6220561832369866,0.19269975001636144,-0.6253472356838627,-0.8489528761057414,0.5786162657792957,-1.3457512455926324,1.0,0.0,0.0,0.0,0.0,1.0,0
-0.46934934376350707,1.4688872390443488,-0.101292742331133,1.0329274682794016,0.8133096941180356,-0.7218398305181921,1.0918844152819283,1.0,0.0,0.0,0.0,0.0,1.0,0
0.555504818744728,-0.26900888567157627,0.8091356210675605,1.7288106029782724,-0.30821685928595854,-0.07161178236944823,2.7052053986351203,0.0,0.0,1.0,0.0,1.0,0.0,0
0.012565441934323246,0.86858796203919,0.04096168944991279,1.1217636131345772,-0.6486802772835996,-0.7218398305181921,-0.5730411113098332,0.0,0.0,1.0,1.0,0.0,0.0,0
-0.15300863248141175,0.06026418310155017,0.211667007587168,-1.0843339841022657,0.6130370952958938,-0.7218398305181921,0.48892606796810956,0.0,1.0,0.0,1.0,0.0,0.0,0
-1.7522118878138766,2.100093013479477,1.3971206057625503,0.8404491544265229,-1.3896888929255242,-0.07161178236944823,1.2657102451381645,0.0,0.0,1.0,0.0,0.0,1.0,0
-0.3289030421588321,0.7199990320874179,0.6763648180719181,-1.6617689256609018,-1.1894162941033826,-1.372067878666936,1.2453400307018871,0.0,1.0,0.0,0.0,1.0,0.0,0
0.6510800974725099,0.24332574480213243,1.3212515754793257,-0.19597253555051744,-0.14799878022824509,-0.7218398305181921,0.5527527398684461,0.0,0.0,1.0,0.0,0.0,1.0,1
-1.6072784839215124,-0.44850431305331756,0.37288869693901994,1.0625395165644607,-0.20808055987488763,-0.7218398305181921,0.4060871959272471,1.0,0.0,0.0,0.0,0.0,1.0,0
0.03993676588922795,1.4855291991989474,1.1789971436982796,0.026117826587420245,-0.42838041857924364,-0.07161178236944823,0.3680627956461953,0.0,1.0,0.0,1.0,0.0,0.0,0
0.04262902726184152,0.7211877435270326,0.6479139317157087,-0.22558458383557511,0.19246463776939599,1.8790723620767835,0.1955949800857106,1.0,0.0,0.0,0.0,0.0,1.0,0
-1.265809999828357,1.3523935179621607,-0.06335822718952074,-1.2472002496700867,-0.14799878022824509,-1.372067878666936,0.6885541694436306,1.0,0.0,0.0,0.0,0.0,1.0,0
-0.5622323611186755,-0.9869905951985397,-2.187691075119806,1.0625395165644607,0.7932824342358215,-0.7218398305181921,-0.9016805708817798,0.0,1.0,0.0,1.0,0.0,0.0,0
-0.44332415049490914,-0.27495244286964854,-0.22457991654137266,2.3358575928219665,0.6731188749425363,1.2288443139280396,0.09374390790432223,1.0,0.0,0.0,1.0,0.0,0.0,0
0.9032552460406483,-0.2892169801450175,1.3971206057625503,1.5067202408403346,0.8733914737646782,0.5786162657792957,-0.19008107990781284,0.0,1.0,0.0,0.0,0.0,1.0,0
-0.4078760424221637,-0.755191864473775,0.4961758711492596,-2.179979770649423,0.4327917563559662,0.5786162657792957,-0.611065511590885,0.0,1.0,0.0,0.0,0.0,1.0,0
0.3737771760933115,1.4938501792762475,0.19269975001636144,1.5215262649828636,-0.04786248081717419,-0.7218398305181921,0.7116404124714122,1.0,0.0,0.0,1.0,0.0,0.0,0
0.924793337021557,-0.8051177449375706,-1.0212047345152298,0.7516130095713487,-1.0492254749278833,-0.07161178236944823,-2.1483376943819734,0.0,1.0,0.0,1.0,0.0,0.0,0
-0.6403079409244692,1.56873899997194,0.6858484468573209,-0.3588388011183372,0.4528190162381803,-0.7218398305181921,0.5839870686707381,0.0,1.0,0.0,0.0,0.0,1.0,0
-2.2372676451130893,0.9185138425029856,-1.2867463405065154,-0.4476749459735128,-1.2294708138678108,-0.07161178236944823,1.01176157183257,0.0,0.0,1.0,1.0,0.0,0.0,0
0.9400494847997005,-0.027700463429898292,0.5341103862908718,0.42588047843570653,-0.588598497636957,-0.7218398305181921,1.1584271157737691,0.0,0.0,1.0,0.0,0.0,1.0,0
-0.06820239924408407,-0.7409273271984052,-0.6987613558115255,0.011311802444891415,-0.1279715203460309,1.2288443139280396,0.5242344396576573,0.0,0.0,1.0,0.0,0.0,1.0,0
1.0423554169590166,0.901871882348387,-0.03490734083331174,-1.054721935817208,2.075027066697529,3.179528458374271,0.6491717548668272,0.0,1.0,0.0,1.0,0.0,0.0,0
-1.81368518915522,-0.43067364145910425,-0.14871088625814813,0.011311802444891415,-0.40835315869702943,0.5786162657792957,0.00818900727195663,1.0,0.0,0.0,0.0,0.0,1.0,0
-1.4228585798974822,-0.5947158201258618,1.8618184162473004,-1.4100665152379064,0.13238285812275344,-0.7218398305181921,0.0326332645954898,1.0,0.0,0.0,0.0,0.0,1.0,0
-0.5756936679817434,0.4133114806669605,-1.6755751207080407,-1.2175882013850277,0.09232833835832507,0.5786162657792957,0.19152093719845587,1.0,0.0,0.0,0.0,0.0,1.0,0
2.8187992126552084,0.030546397111195757,0.7617174771405454,-1.5877388049482564,0.35268271682710944,2.5293004102255274,-0.4399557103261527,1.0,0.0,0.0,0.0,0.0,1.0,0
-1.2505538520502133,-0.5186382879905544,-0.3478670907516123,-1.039915911674678,0.29260093718046687,0.5786162657792957,1.3662033030238014,0.0,1.0,0.0,0.0,0.0,1.0,0
1.261326008598254,0.5725988135752605,0.41082321208063216,1.2254057821322804,-0.7287893168124563,-0.07161178236944823,-0.15613072251401672,0.0,0.0,1.0,0.0,0.0,1.0,0
-0.4796696790251924,-0.6838691780969242,-0.8789503027341836,-0.9066616943919157,1.7145363888176737,-1.372067878666936,0.15485455121315564,1.0,0.0,0.0,0.0,0.0,1.0,0
-1.0890181696933987,-0.9394421376139729,0.021994431879106657,1.4771081925552758,-0.7688438365768847,-1.372067878666936,0.15349653691740406,1.0,0.0,0.0,0.0,0.0,1.0,0
-1.7975316209195384,-0.28327342294694696,-2.1213056736219844,-0.6549592839689203,2.3954632248129557,-0.7218398305181921,-2.8096906564131214,1.0,0.0,0.0,0.0,1.0,0.0,0
-1.813236478926451,0.235004764724834,-0.14871088625814813,1.0625395165644607,2.1551361062263856,-1.372067878666936,0.35312463839292507,0.0,0.0,1.0,0.0,0.0,1.0,0
0.7053740351535505,0.4739357640872841,-1.1634591662962757,-0.32922675283327957,0.6931461348247505,1.8790723620767835,0.09917596508733047,0.0,1.0,0.0,0.0,0.0,1.0,0
1.35106805435204,0.5904294851694722,0.36340506815361706,0.3962684301506489,-0.04786248081717419,-1.372067878666936,0.9397868141577221,0.0,1.0,0.0,1.0,0.0,0.0,0
-2.2372676451130893,-1.6574238471409355,-1.068622878442245,-0.1811665114079873,2.8961447218683105,-0.7218398305181921,-0.6558799833506955,1.0,0.0,0.0,0.0,0.0,1.0,1
0.26070219844354126,-0.03245530918835574,1.1315789997712644,0.10014794730006571,0.35268271682710944,0.5786162657792957,-1.472046575097554,1.0,0.0,0.0,0.0,1.0,0.0,1
0.5397999607378154,-0.5887722629277913,1.0557099694880399,-1.4100665152379064,-1.3296071132788818,0.5786162657792957,0.8270716276103192,0.0,0.0,1.0,1.0,0.0,0.0,0
0.8188977230320896,1.2870143887833796,-0.6039250679574949,0.3666563818655899,-1.1693890342211684,1.2288443139280396,-0.5811891970843445,1.0,0.0,0.0,0.0,0.0,1.0,0
-1.4771525175785227,0.55833427629989,-1.6755751207080407,-0.2700026562631629,-0.42838041857924364,0.5786162657792957,0.8325036847933265,0.0,0.0,1.0,0.0,0.0,1.0,0
-1.8374668312799731,1.2347110854403562,-0.36683434832241846,1.180987709704694,-0.007807961052745825,0.5786162657792957,0.02176915022947527,1.0,0.0,0.0,0.0,0.0,1.0,0
1.3079918723902229,0.3788388489181486,0.05044531823531607,0.7812250578564063,-0.30821685928595854,-0.07161178236944823,-0.31230236652547866,1.0,0.0,0.0,0.0,1.0,0.0,0
1.4376691285044434,-1.0666342616526898,0.5910121590032906,0.9292852992816986,0.21249189765161017,-0.07161178236944823,-0.03390943589635087,1.0,0.0,0.0,0.0,0.0,1.0,0
-0.8175484812881963,0.6665070173047796,0.3254705530120048,-0.3144207286907507,-0.8890073958701697,-1.372067878666936,1.2331179020401202,1.0,0.0,0.0,0.0,0.0,1.0,0
0.7897315581621092,0.7009796490535914,-2.0454366433387596,-2.2095918189344803,0.052273818593896716,-0.07161178236944823,1.326820888446998,0.0,0.0,1.0,1.0,0.0,0.0,0
-2.2372676451130893,1.1039528270827974,-1.5997060904248164,0.3370443335805322,0.6130370952958938,-0.7218398305181921,0.6505297691625788,0.0,0.0,1.0,0.0,0.0,1.0,0
-0.40832475265093265,-0.062173095178710155,-1.0591392496568417,-1.8098291670861941,-0.4484076784614578,-0.7218398305181921,-0.6219296259568995,1.0,0.0,0.0,0.0,1.0,0.0,0
-1.4062563014330318,-0.0003601003187734442,0.10734709094773447,-0.3144207286907507,-0.7488165766946705,-1.372067878666936,0.39658109585698414,0.0,1.0,0.0,0.0,0.0,1.0,0
-1.6202910805558113,-1.326962066928194,-1.11604102236926,1.3438539752725136,-0.7888710964590989,-0.07161178236944823,-1.4992068610125913,1.0,0.0,0.0,0.0,0.0,1.0,0
-0.6896660660890515,0.2825532223094018,-0.025423712047908463,0.2778202370104156,-0.688734797048028,-0.7218398305181921,0.7265785697246824,1.0,0.0,0.0,0.0,0.0,1.0,0
1.293633145069617,-1.4838719769572655,0.5720449014324841,-0.41806289768845384,-0.3482713790503869,1.8790723620767835,0.6328755833178055,1.0,0.0,0.0,1.0,0.0,0.0,0
-1.2047854087157825,-0.5103173079132542,0.7048157044281266,1.5659443374104514,-1.1693890342211684,0.5786162657792957,0.9071944710596775,1.0,0.0,0.0,0.0,0.0,1.0,0
0.07000035121674622,0.16724821266682674,1.510924151187387,-0.8770496461068581,1.9348362475220298,-1.372067878666936,0.9506509285237366,0.0,0.0,1.0,0.0,0.0,1.0,0
0.3966613977605269,0.3657630230823928,-0.8599830451633775,-0.37364482526086734,-0.7287893168124563,3.179528458374271,-2.3017933098019316,0.0,1.0,0.0,0.0,1.0,0.0,1
-1.112799811818152,-1.3780766588316038,-0.22457991654137266,-0.9658857909620323,-1.1093072545745257,1.8790723620767835,-1.038840014752716,1.0,0.0,0.0,0.0,0.0,1.0,0
-0.5402455599089979,-0.9180453317009177,-0.08232548476032686,-1.4840966359505532,-0.8890073958701697,-0.7218398305181921,0.09238589360857066,0.0,1.0,0.0,0.0,0.0,1.0,0
0.4415324206374199,0.396669520512362,0.2970196666557954,1.0625395165644607,0.3727099767093236,-0.7218398305181921,-0.0406995073751097,1.0,0.0,0.0,0.0,1.0,0.0,1
0.5317231766199747,0.6249021169182841,2.136843651023989,-2.8166388087781753,0.5129007958848228,-1.372067878666936,-1.3606894028459027,0.0,1.0,0.0,0.0,0.0,1.0,1
1.2029936788582933,0.6189585597202135,-1.5997060904248164,0.4702985508632943,-0.5084894581081003,-0.07161178236944823,-0.6748921834912215,1.0,0.0,0.0,0.0,0.0,1.0,0
0.23736926654755694,-0.6493965463481132,0.4961758711492596,2.7652322929553117,-0.909034655752384,-0.7218398305181921,0.32732236677364035,0.0,1.0,0.0,0.0,0.0,1.0,0
-0.5999240203352656,0.6676957287443944,-0.3478670907516123,0.7960310819989351,-0.688734797048028,0.5786162657792957,-1.618712119038754,0.0,1.0,0.0,1.0,0.0,0.0,0
-0.66094861144784,0.09711423772958992,-0.03490734083331174,-0.46248097011604167,0.21249189765161017,-0.07161178236944823,-0.2661298804699164,0.0,1.0,0.0,1.0,0.0,0.0,0
1.1334435933991092,0.15536109827068398,0.33495418179740766,0.3074322852954733,-1.2895525935144534,-0.7218398305181921,-1.1963696730599302,0.0,1.0,0.0,0.0,1.0,0.0,0
-0.5025539006924078,-1.6479141556240222,-0.47115426496185236,1.447496144270218,0.5729825755314654,-0.07161178236944823,-0.18464902272480557,0.0,1.0,0.0,0.0,0.0,1.0,0
-0.5698604350077473,-0.35935095508225434,-0.907401189090393,0.011311802444891415,0.13238285812275344,0.5786162657792957,1.5332390614012779,1.0,0.0,0.0,1.0,0.0,0.0,0
-0.19070029169800182,-1.2294877288798316,0.7996519922821577,1.8472587961185043,0.5129007958848228,-0.7218398305181921,0.31510023811187327,0.0,0.0,1.0,0.0,0.0,1.0,0
0.07359003304689767,1.4474904331312946,1.1315789997712644,-0.03310626998269639,-0.4484076784614578,-0.07161178236944823,0.3544826526886767,0.0,1.0,0.0,1.0,0.0,0.0,0
-1.902081104222699,-0.7718338246283735,1.2643498027669078,1.6991985546932133,-0.5084894581081003,0.5786162657792957,0.7523808413439672,0.0,0.0,1.0,0.0,0.0,1.0,0
-0.0444207571193308,-1.6360270412278803,-0.43321974982024014,-0.07752434241028419,0.012219298829468357,-1.372067878666936,-0.34082066673626754,1.0,0.0,0.0,0.0,0.0,1.0,0
1.0953032239537501,-0.5043737507151838,0.5341103862908718,-2.165173746506894,-0.06788974069938837,2.5293004102255274,-0.308228323638223,0.0,1.0,0.0,0.0,1.0,0.0,1
2.095029613650925,-1.7941256626965656,-0.16767814382895427,-0.8474375978217991,0.11235559824053926,0.5786162657792957,-0.40057329574934936,0.0,1.0,0.0,0.0,0.0,1.0,0
0.18397274932405433,1.4035081098655695,-1.5807388328540102,0.3666563818655899,-0.8289256162235272,-0.07161178236944823,-0.7509409840533251,0.0,1.0,0.0,1.0,0.0,0.0,0
-0.17005962117463108,-1.4018508876238875,0.8375865074237699,0.2778202370104156,0.3126281970626811,-0.7218398305181921,-2.3262375671254647,0.0,1.0,0.0,0.0,0.0,1.0,0
0.7803086433579617,-0.02294561767144253,-0.29096531803919434,1.6399744581230968,-0.7488165766946705,7.080896747266735,-0.08415596483916878,0.0,1.0,0.0,0.0,0.0,1.0,0
0.1045510388319538,-0.32368961189382933,-1.3436481132189337,-0.7289894046815658,-0.6687075371658138,-0.7218398305181921,0.8311456704975739,0.0,1.0,0.0,1.0,0.0,0.0,0
-0.40832475265093265,0.6914699575366783,1.0651935982734435,0.6775828888587019,1.3540457109378186,-1.372067878666936,-0.6585960119421996,0.0,1.0,0.0,0.0,1.0,0.0,1
1.3806829294507894,-0.3070476517392308,0.9988081967756219,-2.6981906156379423,0.032246558711682534,-0.07161178236944823,1.6255840335124034,0.0,0.0,1.0,0.0,0.0,1.0,0
-0.7812029527579131,-0.8241371279713969,0.211667007587168,-0.09233036655281301,-0.10794426046381674,1.2288443139280396,1.083736329507418,1.0,0.0,0.0,1.0,0.0,0.0,0
-0.28403201928193916,0.9351558026575841,0.38237232572442276,-0.2551966321206341,0.33265545694489523,-0.07161178236944823,0.5092962824043871,1.0,0.0,0.0,0.0,0.0,1.0,0
0.5586457903461105,-0.47822209904367197,-0.07284185597492401,-0.46248097011604167,-0.36829863893260106,0.5786162657792957,1.1285508012672285,0.0,1.0,0.0,0.0,0.0,1.0,0
-0.2903139624847042,-0.6636610836234839,-0.03490734083331174,-1.0991400082447944,1.3941002307022468,-1.372067878666936,0.6844801265563749,0.0,1.0,0.0,0.0,0.0,1.0,0
1.312030264449143,0.05194320302425006,-0.14871088625814813,-1.6617689256609018,-0.4484076784614578,0.5786162657792957,1.4055857176006048,0.0,0.0,1.0,0.0,0.0,1.0,0
-1.1015820560989287,0.5714101021356458,-0.8694666739487807,-0.8474375978217991,0.23251915753382435,0.5786162657792957,0.3381864811396549,0.0,1.0,0.0,0.0,0.0,1.0,0
-0.7291525662207172,-1.6823867873728333,-0.7841140148801534,-0.7734074771091536,0.5529553156492513,-0.07161178236944823,0.5092962824043871,1.0,0.0,0.0,0.0,1.0,0.0,0
-1.0208142149205215,0.5309939131887634,-1.0022374769444238,-1.8394412153712516,1.0736640725868198,0.5786162657792957,-0.7726692127853542,1.0,0.0,0.0,0.0,0.0,1.0,0
-1.202990567800707,-0.012247214714914535,-0.20561265897056652,-0.3144207286907507,2.3153541852840993,0.5786162657792957,-0.5594609683523145,0.0,1.0,0.0,0.0,0.0,1.0,0
-0.2387122861762773,1.9110878945808225,0.8470701362091728,-1.36564844281032,-0.027835220934960006,-0.07161178236944823,1.2453400307018871,0.0,0.0,1.0,0.0,0.0,1.0,0
-1.6902898762437644,-0.20838460225125435,-0.006456454477102331,-1.36564844281032,-1.0692527348100973,-0.07161178236944823,-0.5540289111693072,1.0,0.0,0.0,0.0,0.0,1.0,0
-0.6124879067407956,1.1633883990635063,0.07889620459152506,0.0557298748724779,-0.6286530174013855,-0.07161178236944823,1.021267671902833,1.0,0.0,0.0,0.0,0.0,1.0,0
-1.2370925451871455,-1.7014061704066596,-0.8030812724509595,2.587560003244963,0.6530916150603221,-0.07161178236944823,-0.15748873680976827,1.0,0.0,0.0,0.0,0.0,1.0,0
-0.1112785812059013,-0.40689941266682206,-0.5090887801034647,-1.2323942255275566,0.633064355178108,0.5786162657792957,-0.4684740105369416,0.0,1.0,0.0,0.0,0.0,1.0,0
-0.8274201063211128,-2.4502943773635915,-0.015940083262505608,-1.7506050705160774,-0.5084894581081003,0.5786162657792957,-0.1058841935711988,1.0,0.0,0.0,0.0,1.0,0.0,0
-1.8724662291239496,-0.38906874107260875,0.2780524090849897,1.7140045788357423,2.075027066697529,-0.07161178236944823,0.5880611115579938,0.0,0.0,1.0,0.0,0.0,1.0,0
-1.972528610139421,-1.0357277642227205,-0.8884339315195869,-1.336036394525261,0.753227914471393,-0.7218398305181921,0.19016292290270334,1.0,0.0,0.0,1.0,0.0,0.0,0
1.1123542126469694,-0.5162608651113249,-0.755663128523944,-0.6401532598263915,-1.249498073750025,-0.07161178236944823,-1.368837488620414,1.0,0.0,0.0,0.0,0.0,1.0,0
-0.5599888099748308,1.4237162043390106,-0.03490734083331174,0.6331648164311154,-1.469797932454381,0.5786162657792957,2.8668090998295894,0.0,0.0,1.0,0.0,0.0,1.0,0
0.33608551687672145,-1.20333607720832,-1.2867463405065154,0.1889840921552413,0.853364213882464,-0.7218398305181921,-0.9098286566562912,0.0,1.0,0.0,0.0,1.0,0.0,0
-0.3912737639577133,0.7913217184642695,-1.2677790829357092,-0.018300245840167557,1.1337458522334625,-0.7218398305181921,-1.0429140576399716,1.0,0.0,0.0,0.0,0.0,1.0,0
-2.0272712580492303,0.27542095367171643,-0.4237361210348368,-2.313233987932185,1.3941002307022468,-0.7218398305181921,-0.3177344237084859,1.0,0.0,0.0,1.0,0.0,0.0,0
0.025129328339853273,0.6284682512371268,0.031478060664509935,0.4554925267207655,0.9535005132935349,0.5786162657792957,0.5418886255024316,1.0,0.0,0.0,1.0,0.0,0.0,0
-0.0991634050291402,0.19102244145910893,0.10734709094773447,-1.1139460323873247,0.15241011800496762,0.5786162657792957,0.08423780783405928,0.0,1.0,0.0,0.0,0.0,1.0,0
-0.6012701510215723,-0.017002060473371983,0.6763648180719181,-0.7882135012516824,-0.3883258988148153,-1.372067878666936,0.03399127889124137,1.0,0.0,0.0,0.0,1.0,0.0,1
-1.0822875162618648,-0.14776031883093074,-1.874731325201505,-0.07752434241028419,-0.3883258988148153,0.5786162657792957,0.15078050832589995,0.0,1.0,0.0,0.0,0.0,1.0,0
1.8612515844623128,-0.10853284132366312,-0.622892325528301,0.42588047843570653,-0.06788974069938837,-0.07161178236944823,1.0348478148603506,1.0,0.0,0.0,1.0,0.0,0.0,0
-1.0795952548892511,0.5036535500776386,-0.08232548476032686,0.7071949371437608,0.9535005132935349,-1.372067878666936,-0.1629207939927765,0.0,1.0,0.0,1.0,0.0,0.0,0
-1.3429881591766129,-0.972726057923169,-0.6987613558115255,-0.47728699425857046,-0.18805329999267345,0.5786162657792957,-0.664028069125207,1.0,0.0,0.0,1.0,0.0,0.0,0
0.9216523654201745,-0.535280248145153,-0.14871088625814813,-1.8098291670861941,0.052273818593896716,0.5786162657792957,-0.10860022216270195,0.0,1.0,0.0,0.0,0.0,1.0,0
0.24813831203801123,-0.4128429698648926,-1.3151972268627243,-1.5729327808057274,-0.5084894581081003,-0.7218398305181921,0.28114988071807717,0.0,0.0,1.0,1.0,0.0,0.0,0
-0.2207638770255201,0.028168974231967875,-1.11604102236926,-0.5957351873988037,-0.36829863893260106,-0.07161178236944823,0.624727497543294,1.0,0.0,0.0,0.0,0.0,1.0,0
1.1119055024182005,-0.024134329111057316,0.6194630453594993,0.5739407198609988,0.3727099767093236,0.5786162657792957,0.6573198406413386,1.0,0.0,0.0,0.0,0.0,1.0,0
0.7058227453823194,0.9101928624256872,-0.33838346196620944,0.3370443335805322,0.5930098354136796,-0.7218398305181921,0.5609008256429575,0.0,1.0,0.0,0.0,0.0,1.0,0
0.3809565397536144,0.6700731516236222,-0.3288998331808066,0.24820818872535794,0.7932824342358215,0.5786162657792957,-0.89489049940302,1.0,0.0,0.0,0.0,0.0,1.0,0
0.12923010141424493,0.05194320302425006,1.0557099694880399,-2.239203867219539,-0.9891436952812407,-0.07161178236944823,0.17250873705792996,1.0,0.0,0.0,0.0,0.0,1.0,0
0.6919127282904826,0.6843376888989929,0.2875360378703925,-1.7061869980884896,1.2338821516445333,-0.07161178236944823,-0.2715619376529237,1.0,0.0,0.0,1.0,0.0,0.0,0
-1.0463906979603503,0.3550646201258665,0.012510803093703803,0.7664190337138775,-0.3482713790503869,-1.372067878666936,0.6613938835285933,0.0,1.0,0.0,0.0,0.0,1.0,0
1.9527884711311745,-0.8776291427540353,-1.11604102236926,0.011311802444891415,-0.7287893168124563,0.5786162657792957,-0.6939043836317473,1.0,0.0,0.0,1.0,0.0,0.0,0
-0.3544795251986611,-0.5329028252659234,-1.8367968100598928,-0.1811665114079873,-1.1093072545745257,-0.7218398305181921,-0.520078553775511,0.0,1.0,0.0,0.0,0.0,1.0,0
0.7067201658398572,-0.16321356754591448,0.42030684086603504,-0.8326315736792702,-0.8890073958701697,-1.372067878666936,0.41287726740600594,0.0,1.0,0.0,0.0,0.0,1.0,0
1.1823530083349225,0.5321826246283782,0.10734709094773447,-1.7950231429436652,0.3126281970626811,1.2288443139280396,2.402368210682458,0.0,0.0,1.0,0.0,0.0,1.0,1
0.028719010170004708,0.28374193374901485,2.2696144540196315,-0.743795428824096,1.3139911911733901,-1.372067878666936,-0.016255250051576537,0.0,1.0,0.0,0.0,0.0,1.0,0
-0.4715928949073517,0.5547681419810473,0.733266590784336,1.2550178304173394,-0.5285167179903145,-0.7218398305181921,-0.006749149981313585,1.0,0.0,0.0,0.0,0.0,1.0,0
-1.2137596132911612,-0.7753999589472161,0.24960152272878025,0.38146240600812004,0.3927372365915378,-0.7218398305181921,-0.29600619497645686,0.0,0.0,1.0,0.0,0.0,1.0,0
0.7978083422799499,-0.6672272179423265,-1.0591392496568417,-0.7289894046815658,-0.027835220934960006,-0.7218398305181921,1.0185516433113289,1.0,0.0,0.0,1.0,0.0,0.0,0
0.32397034069996034,0.0020173225604561253,0.2970196666557954,-0.5957351873988037,0.11235559824053926,0.5786162657792957,-1.712415105445631,0.0,1.0,0.0,0.0,0.0,1.0,0
-0.3562743661137368,-0.8633646054786654,-0.015940083262505608,-1.336036394525261,1.3941002307022468,-0.07161178236944823,0.6206534546560384,0.0,0.0,1.0,0.0,0.0,1.0,1
-1.132543061883985,-0.8871388342709485,-1.429000772287561,-0.5957351873988037,0.3727099767093236,0.5786162657792957,-0.30415428075096823,1.0,0.0,0.0,0.0,1.0,0.0,1
-0.1902515814692329,-1.0915972018845868,0.36340506815361706,-0.04791229412522521,2.095054326579743,-0.07161178236944823,-1.1053827152445566,0.0,1.0,0.0,0.0,1.0,0.0,0
1.48523241275395,0.9161364196237577,0.031478060664509935,-0.8622436219643279,-0.16802604011045927,-1.372067878666936,-0.4535358532836704,1.0,0.0,0.0,0.0,0.0,1.0,0
-0.1763415643773961,-0.2630653284735057,-0.9168848178757959,0.21859614044029896,-1.1693890342211684,-0.07161178236944823,0.2825078950138287,1.0,0.0,0.0,1.0,0.0,0.0,0
0.013014152163092174,-1.1950150971310207,0.7142993332135303,1.8028407236909179,0.753227914471393,-0.7218398305181921,0.9574410000024954,0.0,1.0,0.0,1.0,0.0,0.0,0
-0.7067170547822708,0.7568490867154576,-0.2150962877559698,-0.403256873545925,-0.7087620569302422,0.5786162657792957,-2.122535422762688,0.0,1.0,0.0,0.0,0.0,1.0,1
-0.9611357544942538,2.5399162461367224,-0.12025999990193913,0.24820818872535794,-0.6486802772835996,-0.7218398305181921,0.9207746140171962,0.0,0.0,1.0,0.0,0.0,1.0,0
0.061026146641367636,0.71762160920819,-0.2814816892537911,0.011311802444891415,-0.7688438365768847,0.5786162657792957,-0.11674830793721332,0.0,1.0,0.0,0.0,1.0,0.0,0
-0.6106930658257198,-0.1311183586763322,0.9798409392048153,-0.3588388011183372,-1.0892799946923115,-0.07161178236944823,1.1760813016185434,1.0,0.0,0.0,1.0,0.0,0.0,0
1.7104849475959525,0.4240098836234885,1.9566547041013307,0.24820818872535794,-0.588598497636957,-0.7218398305181921,0.7252205554289308,0.0,0.0,1.0,0.0,0.0,1.0,0
-0.8601759530212447,-1.4529654795272973,0.30650329544119825,-1.2175882013850277,-1.029198215045669,-0.07161178236944823,0.5785550114877309,0.0,1.0,0.0,1.0,0.0,0.0,0
-0.323518519413605,-1.3245846440489655,-0.5185724088888675,-1.8246351912287229,-0.40835315869702943,-0.07161178236944823,-1.8224142634015308,1.0,0.0,0.0,0.0,1.0,0.0,0
-0.4015940992193987,-0.39738972114990717,-0.8789503027341836,0.5295226474334109,-0.5685712377547429,-0.7218398305181921,0.4020131530399914,1.0,0.0,0.0,0.0,0.0,1.0,0
-0.374222775264494,1.0017236432759782,0.7048157044281266,-0.15155446312292964,-0.6086257575191713,-1.372067878666936,-1.1637773299618859,0.0,1.0,0.0,0.0,0.0,1.0,0
-1.1168382038770723,-1.1058617391599574,-0.594441439172092,1.8472587961185043,-0.6286530174013855,-0.7218398305181921,0.10053397938308203,1.0,0.0,0.0,1.0,0.0,0.0,0
-0.4383883379784509,-0.006303657516843989,0.17373249244555572,0.011311802444891415,0.3727099767093236,-1.372067878666936,0.141274408255637,0.0,0.0,1.0,0.0,0.0,1.0,0
0.67620787028357,0.9078154395464576,-1.1824264238670819,-0.19597253555051744,-1.029198215045669,-0.7218398305181921,-0.02576135012183949,0.0,0.0,1.0,0.0,0.0,1.0,0
-1.6063810634639744,0.12683202371994434,-1.0022374769444238,-0.3588388011183372,0.8133096941180356,-0.7218398305181921,-0.5255106109585184,0.0,0.0,1.0,1.0,0.0,0.0,0
-0.006280387673971794,-0.9869905951985397,-0.6703104694553166,0.1889840921552413,0.21249189765161017,1.2288443139280396,-1.5888358045322135,1.0,0.0,0.0,0.0,1.0,0.0,1
0.17499854474867574,1.0409511207832458,-1.391066257145949,-0.8178255495367415,-0.48846219822588616,-0.07161178236944823,0.04892943614451159,0.0,0.0,1.0,0.0,0.0,1.0,0
0.8040902854827149,1.0801785982905134,0.09786346216233119,0.2778202370104156,0.23251915753382435,1.2288443139280396,1.4313879892198895,0.0,0.0,1.0,1.0,0.0,0.0,0
-1.3739491649616689,0.6867151117782208,-0.006456454477102331,1.1365696372771061,-0.248135079639316,-0.7218398305181921,0.9411448284534737,0.0,1.0,0.0,0.0,0.0,1.0,0
0.9252420472503259,-0.6886240238553816,0.4961758711492596,1.2105997579897516,-0.48846219822588616,0.5786162657792957,-0.1724268940630385,1.0,0.0,0.0,1.0,0.0,0.0,0
-1.5152928870238818,-1.134390813710698,-0.6608268406699133,1.314241926987456,-1.1093072545745257,0.5786162657792957,-0.8066195701791502,0.0,1.0,0.0,1.0,0.0,0.0,0
-0.5985778896489587,0.923268688261443,0.2401178939433774,-0.1811665114079873,-0.40835315869702943,-0.07161178236944823,1.576695518865337,0.0,0.0,1.0,0.0,0.0,1.0,1
1.7199078624001,-0.5340915367055381,-1.0306883633006327,-0.10713639069534185,1.0135822929401774,-0.7218398305181921,-0.6164975687738922,0.0,1.0,0.0,0.0,1.0,0.0,0
-0.013459751334274666,-0.9548953863289565,0.2306342651579737,0.3666563818655899,1.7345636486998879,0.5786162657792957,-0.9831614286268907,1.0,0.0,0.0,0.0,0.0,1.0,0
-0.2826858885956324,-0.765890267430303,-0.8125649012363624,0.011311802444891415,-1.2895525935144534,0.5786162657792957,1.1190447011969655,1.0,0.0,0.0,0.0,1.0,0.0,0
-0.6385131000093934,-0.13706191587440275,-0.4996051513180614,0.5739407198609988,0.4928735360026087,-1.372067878666936,-2.1537697515649805,1.0,0.0,0.0,0.0,1.0,0.0,0
-1.0095964592012983,-0.40927683554604993,-0.29096531803919434,-0.28480868040569174,-1.029198215045669,1.2288443139280396,0.3463345669141653,0.0,1.0,0.0,0.0,0.0,1.0,0
-0.1601879961417146,-0.2155168708889397,0.581528530217887,-2.3724580845023016,-1.1493617743389541,0.5786162657792957,-0.37748705272156774,0.0,1.0,0.0,0.0,0.0,1.0,0
-0.7641519640646938,-0.9061582173047757,0.4866922423638567,0.8256431302839942,-0.2681623395215302,-0.07161178236944823,0.3667047813504437,1.0,0.0,0.0,0.0,1.0,0.0,0
1.6211916120709355,-0.9655937892854846,-0.6323759543137043,-0.5068990425436295,-1.3696616330433102,-0.07161178236944823,2.2502706095582523,1.0,0.0,0.0,0.0,1.0,0.0,0
0.2261515108283337,0.8590782705222767,-0.6987613558115255,0.15937204387018233,1.414127490584461,1.8790723620767835,0.7184304839501711,0.0,1.0,0.0,0.0,1.0,0.0,0
1.8581106128609304,1.1835964935369474,0.021994431879106657,-0.32922675283327957,-1.3095798533966676,0.5786162657792957,1.5848436046398484,0.0,0.0,1.0,0.0,1.0,0.0,0
-0.28537814996824595,-0.22383785096623812,-0.9168848178757959,0.24820818872535794,-1.2094435539855968,-0.07161178236944823,0.29744605226709897,1.0,0.0,0.0,1.0,0.0,0.0,0
0.8489613083596078,-0.1192312442801911,0.42030684086603504,-1.7061869980884896,-1.1894162941033826,0.5786162657792957,-0.8256317703196762,0.0,1.0,0.0,1.0,0.0,0.0,1
-0.2360200248036637,-0.25593305983582043,-0.8979175603049897,0.24820818872535794,-1.12933451445674,-0.07161178236944823,0.3490505955056694,1.0,0.0,0.0,1.0,0.0,0.0,0
0.46262180138955955,0.706923206251662,0.8850046513507851,0.2334021645828278,0.4327917563559662,-0.7218398305181921,-0.18600703702055713,0.0,0.0,1.0,1.0,0.0,0.0,0
0.8619739049939068,1.1479351503485224,-0.25303080289758206,-1.4396785635229654,-0.08791700058160255,1.8790723620767835,-1.1719254157363972,1.0,0.0,0.0,0.0,1.0,0.0,0
-0.6044111226229548,1.4189613585805532,-0.07284185597492401,0.6479708405736442,-1.3896888929255242,0.5786162657792957,2.8939693857446267,0.0,0.0,1.0,0.0,0.0,1.0,0
0.16288336857191463,-0.7742112475076022,-0.006456454477102331,-1.5285147083781396,-0.2681623395215302,2.5293004102255274,-0.6653860834209585,0.0,1.0,0.0,0.0,0.0,1.0,0
-0.0565359332960919,-0.09664572692752202,0.2306342651579737,1.7880346995483878,-0.8689801359879556,-0.07161178236944823,-0.09366206490943173,1.0,0.0,0.0,0.0,0.0,1.0,0
-1.4403582788194704,1.4070742441844122,-0.006456454477102331,-2.6685785673528843,-1.0892799946923115,-1.372067878666936,1.1720072587312877,1.0,0.0,0.0,0.0,0.0,1.0,0
-1.2635664486845124,-0.3605396665218691,-0.5470232952450769,0.011311802444891415,0.29260093718046687,0.5786162657792957,-1.3376031598181222,0.0,1.0,0.0,0.0,1.0,0.0,0
-0.5142203666404,-0.5649980341355073,0.1832161212309586,0.08534192315753687,0.012219298829468357,-0.7218398305181921,-0.052921636036876774,1.0,0.0,0.0,0.0,0.0,1.0,0
1.2438263096762658,-0.2880282687054044,1.2453825451961011,-0.8326315736792702,-0.36829863893260106,-0.07161178236944823,-1.9554996643852112,0.0,1.0,0.0,0.0,0.0,1.0,0
-1.3999743582302668,1.0338188521455607,-1.1634591662962757,-1.0843339841022657,-0.9691164353990265,0.5786162657792957,-1.5521694185469133,0.0,1.0,0.0,0.0,0.0,1.0,0
-0.6721663671670632,-1.6039318323582972,-1.3341644844335303,-2.3428460362172423,-0.5485439778725287,-0.7218398305181921,0.9126265282426848,0.0,1.0,0.0,0.0,0.0,1.0,0
-0.6447950432121585,-1.408983156261572,0.8091356210675605,-0.6253472356838627,-0.688734797048028,-0.7218398305181921,-2.3778421103640346,0.0,1.0,0.0,1.0,0.0,0.0,1
-1.0320319706397447,-0.2143281594493249,-0.3478670907516123,1.1365696372771061,0.0723010784761109,-0.07161178236944823,-0.13711852237349081,1.0,0.0,0.0,0.0,1.0,0.0,0
-0.042625916204255085,-0.5792625714108763,-0.5280560376742708,-0.06271831826775535,1.5743455696421744,-1.372067878666936,-0.11539029364146175,1.0,0.0,0.0,0.0,0.0,1.0,0
-0.8933805099501454,0.12683202371994434,-0.3858016058932246,1.2994359028449272,-0.7287893168124563,-1.372067878666936,1.2399079735188798,0.0,0.0,1.0,0.0,1.0,0.0,0
-1.2254260792391534,0.5464471619037489,-1.8557640676306988,-0.5513171149712159,0.8733914737646782,-1.372067878666936,0.2689277520563111,1.0,0.0,0.0,0.0,0.0,1.0,0
-0.15435476316771854,0.2682886850340311,2.098909135882377,-0.4476749459735128,2.115081586461957,1.8790723620767835,1.3594132315450416,0.0,0.0,1.0,0.0,1.0,0.0,0
-0.7987026516799013,-0.7623241331114603,1.7669821283932692,-0.1663604872654585,0.09232833835832507,-0.7218398305181921,-1.3389611741138736,0.0,1.0,0.0,0.0,0.0,1.0,0
0.012116731705554317,2.1761705456147844,-0.7935976436655562,0.011311802444891415,-0.8289256162235272,-1.372067878666936,-1.61599609044725,1.0,0.0,0.0,0.0,0.0,1.0,0
-1.0374164933849719,0.27066610791325896,-0.6797940982407195,-0.32922675283327957,0.1724373778871818,-0.07161178236944823,0.5948511830367537,0.0,0.0,1.0,0.0,0.0,1.0,0
-0.3939660253303269,0.681960266019765,0.22115063637257085,0.6331648164311154,2.7559539026928115,-1.372067878666936,-0.47119003912844476,0.0,0.0,1.0,1.0,0.0,0.0,0
-0.35044113313974073,-0.026511751990285194,1.7480148708224634,-0.6401532598263915,-0.18805329999267345,-0.7218398305181921,0.5052222395171314,0.0,0.0,1.0,0.0,0.0,1.0,0
-0.736780640109789,-0.5198269994301675,0.012510803093703803,2.4839178342472583,0.3927372365915378,-0.7218398305181921,0.5038642252213797,0.0,0.0,1.0,0.0,0.0,1.0,0
-0.44197801980860235,-0.627999740435058,-0.33838346196620944,0.1445660197276535,0.9535005132935349,1.2288443139280396,0.6152213974730311,1.0,0.0,0.0,0.0,0.0,1.0,0
0.19339566412820183,2.7253552307165343,1.4729896360457748,0.026117826587420245,-0.40835315869702943,-0.7218398305181921,1.6024977904846218,0.0,0.0,1.0,0.0,1.0,0.0,0
0.45005791498402953,0.11494490932380155,-0.5280560376742708,-0.6549592839689203,0.11235559824053926,0.5786162657792957,-0.6422998403931769,0.0,1.0,0.0,0.0,1.0,0.0,0
-0.4976180881759496,0.3538759086862517,-1.4195171435021583,2.3654696411070253,-0.4484076784614578,0.5786162657792957,0.059793550510526115,0.0,1.0,0.0,0.0,0.0,1.0,0
0.21942085739679976,-0.5317141138263103,-1.2867463405065154,0.2334021645828278,-1.029198215045669,1.2288443139280396,0.5350985540236718,1.0,0.0,0.0,1.0,0.0,0.0,0
0.7228737340755387,1.5009824479139329,1.1410626285566672,1.6991985546932133,0.41276449647375196,-0.07161178236944823,0.08287979353830771,0.0,0.0,1.0,1.0,0.0,0.0,0
0.09153844219765483,1.6067777660395945,-1.0306883633006327,1.4030780718426303,0.6731188749425363,1.2288443139280396,0.1181881652278554,1.0,0.0,0.0,0.0,0.0,1.0,0
-1.5054212619909653,0.8947396137107018,-0.3194162043954033,1.0329274682794016,-0.16802604011045927,1.2288443139280396,0.22682930888800357,1.0,0.0,0.0,0.0,0.0,1.0,0
0.5833248529284016,1.615098746116893,-2.035953014553357,-0.7882135012516824,-0.6687075371658138,-0.7218398305181921,-0.10995823645845448,1.0,0.0,0.0,1.0,0.0,0.0,0
-0.7067170547822708,-0.14538289595170287,-0.9168848178757959,0.6775828888587019,0.3126281970626811,1.2288443139280396,1.3376850028130125,0.0,1.0,0.0,0.0,0.0,1.0,0
0.09647425471411307,-2.2089859551219133,0.5056594999346624,-2.0615315775091894,1.3540457109378186,1.2288443139280396,-0.7645211270108437,0.0,1.0,0.0,0.0,0.0,1.0,0
0.6026193927654656,0.15417238683106918,-0.9832702193736176,0.6775828888587019,0.052273818593896716,2.5293004102255274,0.4115192531102544,0.0,1.0,0.0,0.0,0.0,1.0,0
0.12519170935532456,-0.0467198464637264,0.5435940150762747,0.662776864716173,-0.7287893168124563,0.5786162657792957,-1.1637773299618859,1.0,0.0,0.0,1.0,0.0,0.0,0
1.0217147464356457,0.9922139517590651,0.13579797730394347,-0.03310626998269639,-0.7488165766946705,-1.372067878666936,-0.1792169655417983,0.0,1.0,0.0,1.0,0.0,0.0,0
-1.6189449498695045,0.14347398387454288,-0.2719980604683882,0.011311802444891415,-1.009170955163455,1.8790723620767835,-0.5377327396202854,0.0,0.0,1.0,1.0,0.0,0.0,0
-1.896247871248703,0.9173251310633708,0.581528530217887,1.4919142166978059,0.7332006545891788,-1.372067878666936,-0.3014382521594641,0.0,0.0,1.0,0.0,0.0,1.0,0
-0.41326056516739085,-0.593527108686247,-1.2108773102232908,-0.6105412115413326,-0.248135079639316,-1.372067878666936,-2.3058673526891873,0.0,1.0,0.0,0.0,0.0,1.0,0
-1.6104194555228948,0.02222541703389564,-1.9506003554847295,-0.03310626998269639,-1.029198215045669,-1.372067878666936,-0.5621769969438186,0.0,1.0,0.0,1.0,0.0,0.0,0
-1.138376294857981,-0.29040569158463225,0.6194630453594993,-0.3588388011183372,-1.349634373161096,-0.7218398305181921,-1.4462443034782693,0.0,1.0,0.0,0.0,0.0,1.0,0
-0.5469762133405318,-0.4235413728214206,0.36340506815361706,-0.37364482526086734,-0.909034655752384,-1.372067878666936,-2.7567280988787997,1.0,0.0,0.0,0.0,0.0,1.0,0
-0.4469138323250606,0.7045457833724341,0.2401178939433774,0.9144792751391684,1.8747544678753871,-1.372067878666936,1.2874384738701947,1.0,0.0,0.0,0.0,0.0,1.0,0
-0.7156912593576493,-0.2571217712754352,0.8660373937799786,0.6775828888587019,-1.1894162941033826,0.5786162657792957,1.891754835479765,0.0,0.0,1.0,0.0,1.0,0.0,0
1.655742299686143,-0.7849096504641293,1.7574984996078664,-0.3144207286907507,0.21249189765161017,0.5786162657792957,2.444466653850766,0.0,0.0,1.0,0.0,0.0,1.0,0
-0.5644759122625201,-1.8630709261941876,-0.414252492249434,1.906482892688621,-0.5685712377547429,0.5786162657792957,-1.5222931040403729,0.0,1.0,0.0,0.0,0.0,1.0,0
-0.8018436232812838,-0.40571070122720726,-1.1919100526524846,1.2994359028449272,-0.468434938343672,0.5786162657792957,-1.5901938188279652,1.0,0.0,0.0,0.0,0.0,1.0,0
-1.2671561305146637,0.5797310822129459,-2.216141961476015,-1.7654110946586061,-0.2681623395215302,-0.07161178236944823,1.588917647527104,0.0,0.0,1.0,0.0,0.0,1.0,0
-1.3941411252562708,-0.05385211510141173,-0.5375396664596737,1.3734660235575726,0.6130370952958938,0.5786162657792957,-0.39514123856634115,1.0,0.0,0.0,0.0,0.0,1.0,0
-0.5819756111845084,0.6855264003386077,-0.3573507195370156,0.7812250578564063,-0.7087620569302422,0.5786162657792957,-1.5915518331237166,0.0,1.0,0.0,1.0,0.0,0.0,0
0.15884497651299426,0.8388701760488355,-1.4100335147167549,-0.07752434241028419,-0.9691164353990265,0.5786162657792957,-0.10724220786695036,0.0,1.0,0.0,1.0,0.0,0.0,0
-0.5465275031117629,-0.2642540399131205,0.8186192498529634,1.6843925305506846,0.753227914471393,0.5786162657792957,1.3064506740107196,1.0,0.0,0.0,0.0,0.0,1.0,0
-0.4141579856249287,1.580626114368081,-0.2814816892537911,-0.4476749459735128,-0.8289256162235272,-1.372067878666936,0.29608803797134736,0.0,0.0,1.0,1.0,0.0,0.0,0
0.6515288077012789,-0.3866913181933809,-0.20561265897056652,-1.2323942255275566,-0.9691164353990265,0.5786162657792957,-1.1501971870043672,1.0,0.0,0.0,0.0,0.0,1.0,0
1.013189252089036,-0.20600717937202478,0.4582413560076473,-2.1503677223643636,0.15241011800496762,-0.7218398305181921,0.07065766487654161,0.0,1.0,0.0,0.0,0.0,1.0,0
0.7812060638154995,-0.675548198019625,0.4392740984368416,0.3666563818655899,1.8947817277576013,1.2288443139280396,0.309668180928866,0.0,0.0,1.0,0.0,0.0,1.0,0
-1.6202910805558113,-0.29516053734308806,-0.5659905528158831,0.4554925267207655,-1.5298797121010235,2.5293004102255274,-0.006749149981313585,1.0,0.0,0.0,0.0,0.0,1.0,0
-0.03813881391656579,-1.6063092552375258,-0.414252492249434,-0.04791229412522521,0.032246558711682534,-1.372067878666936,-0.34082066673626754,1.0,0.0,0.0,0.0,0.0,1.0,0
-0.07762531404823159,-1.5421188374983603,-1.078106507227648,0.55913469571847,-0.588598497636957,-0.7218398305181921,0.1670766798749227,1.0,0.0,0.0,0.0,1.0,0.0,0
0.44557081269634025,0.37765013747853554,-1.2108773102232908,-0.5809291632562749,0.2725736772982527,-0.7218398305181921,-1.0714323578507603,1.0,0.0,0.0,1.0,0.0,0.0,0
1.3358119065738965,0.20172084441563692,0.8375865074237699,0.6331648164311154,1.0336095528223916,-1.372067878666936,2.2801469240647925,0.0,0.0,1.0,0.0,1.0,0.0,0
-0.7215244923316454,-0.26187661703389264,-1.2677790829357092,-0.09233036655281301,3.2966899195125943,-1.372067878666936,-0.9274828425010645,1.0,0.0,0.0,0.0,0.0,1.0,0
0.1974340561871222,-0.5721303027731927,-0.006456454477102331,-0.13674843898040082,-0.007807961052745825,1.2288443139280396,-1.2018017302429376,1.0,0.0,0.0,0.0,0.0,1.0,0
-1.0692749196275657,0.16487078978759717,0.7901683634967549,-0.8622436219643279,0.19246463776939599,-0.07161178236944823,2.3996521820909553,0.0,0.0,1.0,1.0,0.0,0.0,0
-0.15166250179510496,0.0008286111208413406,-0.23406354532677592,-0.19597253555051744,0.052273818593896716,1.8790723620767835,-1.6227861619260098,1.0,0.0,0.0,0.0,1.0,0.0,0
-1.475806386892216,-1.7299352449574001,1.4729896360457748,0.35185035772306106,-1.029198215045669,-0.07161178236944823,0.41695131029326166,1.0,0.0,0.0,1.0,0.0,0.0,0
1.4484381739948977,-1.258016803430572,0.021994431879106657,0.011311802444891415,-0.808898356341313,0.5786162657792957,-0.16835285117578377,1.0,0.0,0.0,0.0,0.0,1.0,0
0.4549937275004878,-0.27138630855080587,-0.755663128523944,0.4999105991483533,0.29260093718046687,1.2288443139280396,-0.07464986476890582,1.0,0.0,0.0,0.0,0.0,1.0,0
-1.722597012715127,0.16605950122721197,-2.529101711394316,0.20379011629777014,-0.6086257575191713,-1.372067878666936,-0.7835333271513687,0.0,1.0,0.0,0.0,0.0,1.0,0
-0.2589042464708791,-0.9596502320874132,-1.040171992086036,-0.4476749459735128,-1.2294708138678108,-0.07161178236944823,-1.306368831015829,1.0,0.0,0.0,0.0,0.0,1.0,0
-1.0638903968823388,-0.7266627899230353,-0.622892325528301,-1.4100665152379064,-0.6286530174013855,0.5786162657792957,0.7822571558505076,0.0,1.0,0.0,1.0,0.0,0.0,1
0.043526447719379385,-1.9593565528029362,0.9229391664923974,0.4999105991483533,0.5729825755314654,0.5786162657792957,0.4617657820530723,1.0,0.0,0.0,0.0,0.0,1.0,0
0.0179499646795504,1.2679950057495533,0.9324227952778003,-0.37364482526086734,-0.3282441191681727,1.2288443139280396,0.5147283395873943,0.0,0.0,1.0,0.0,0.0,1.0,0
1.2842102302654694,2.306928803972345,2.516188802440111,-0.09233036655281301,0.9334732534113207,1.2288443139280396,1.3091667026022238,0.0,0.0,1.0,0.0,0.0,1.0,1
0.8633200356802136,-0.19293135353626892,0.5910121590032906,0.48510457500582316,-0.18805329999267345,-0.7218398305181921,-2.2203124520568207,0.0,1.0,0.0,0.0,1.0,0.0,0
0.9934460020232032,0.8032088328604106,-0.5090887801034647,-1.7950231429436652,0.4327917563559662,1.8790723620767835,-0.5553869254650587,0.0,1.0,0.0,0.0,1.0,0.0,0
0.472493426422476,-0.24761207975852198,-1.8367968100598928,-0.5513171149712159,0.21249189765161017,-0.07161178236944823,-2.649444969514404,1.0,0.0,0.0,0.0,0.0,1.0,0
-0.33069788307390785,-0.36767193515955277,-1.5238370601415918,-0.9510797668195036,-1.0492254749278833,-0.7218398305181921,0.33411243825239917,1.0,0.0,0.0,0.0,0.0,1.0,0
1.4403613898770569,1.4914727563970178,-0.20561265897056652,0.5295226474334109,-1.1894162941033826,-0.07161178236944823,0.03399127889124137,0.0,0.0,1.0,0.0,1.0,0.0,0
0.6640926941068089,-0.27376373143003374,1.150546257342071,0.44068650257823666,1.514263789995532,0.5786162657792957,0.5853450829664907,0.0,1.0,0.0,0.0,1.0,0.0,0
-1.1311969311976782,0.3931033861935193,-1.4859025449999794,-0.3144207286907507,-0.7087620569302422,0.5786162657792957,0.07201567917229318,1.0,0.0,0.0,1.0,0.0,0.0,0
-1.1172869141058412,1.145557727469293,-1.3720989995751427,-1.1583641048149111,-0.40835315869702943,0.5786162657792957,-0.43452365314314545,1.0,0.0,0.0,1.0,0.0,0.0,0
0.7475527966578298,-0.2880282687054044,-1.8462804388452958,0.35185035772306106,-1.12933451445674,0.5786162657792957,-2.2637689095208797,0.0,1.0,0.0,0.0,0.0,1.0,0
1.2662618211147123,0.2468918791209751,0.021994431879106657,1.1661816855621638,-0.14799878022824509,0.5786162657792957,1.5807695617525928,0.0,0.0,1.0,0.0,0.0,1.0,0
1.2321598437282737,-0.8764404313144213,0.7522338483551426,0.011311802444891415,-0.42838041857924364,-0.07161178236944823,-0.33403059525750867,0.0,1.0,0.0,0.0,0.0,1.0,0
-2.2372676451130893,1.7375360243971534,-0.7935976436655562,-1.5877388049482564,0.4327917563559662,-0.7218398305181921,-0.6843982835614845,1.0,0.0,0.0,0.0,0.0,1.0,0
-0.013908461563043597,0.7889442955850399,0.5910121590032906,-0.15155446312292964,0.7932824342358215,-0.07161178236944823,1.1760813016185434,0.0,1.0,0.0,0.0,0.0,1.0,0
0.043526447719379385,-2.318347407566417,0.9229391664923974,0.011311802444891415,1.3340184510556043,-0.07161178236944823,0.6722579978946088,1.0,0.0,0.0,0.0,0.0,1.0,0
0.5590945005748794,-0.100211861246363,-0.4901215225326585,-0.5217050666861582,-0.4484076784614578,0.5786162657792957,-0.1642788082885281,0.0,1.0,0.0,0.0,1.0,0.0,0
-0.6788970205985971,-0.5103173079132542,0.4866922423638567,0.9144792751391684,0.47284627612039454,1.8790723620767835,0.6423816833880683,0.0,0.0,1.0,1.0,0.0,0.0,0
0.36929007380562223,-0.5388463824639956,-0.6892777270261227,-1.2768122979551444,-1.009170955163455,-0.7218398305181921,0.07065766487654161,1.0,0.0,0.0,0.0,0.0,1.0,0
-0.5949882078188073,0.20766440161370747,-0.8125649012363624,0.2630142128678868,2.295326925401885,0.5786162657792957,-0.5282266395500225,1.0,0.0,0.0,1.0,0.0,0.0,1
1.2985689575860753,-1.1771844255368082,1.036742711917234,0.7368069854288185,-0.8890073958701697,-1.372067878666936,-0.23896959455487915,1.0,0.0,0.0,0.0,0.0,1.0,1
0.6219139326025296,-0.5424125167828383,-0.6797940982407195,0.8996732509966395,0.6931461348247505,-0.7218398305181921,-0.1289704365989804,1.0,0.0,0.0,0.0,1.0,0.0,0
0.03500095337276972,-0.5483560739809088,-0.07284185597492401,0.011311802444891415,-0.027835220934960006,-0.7218398305181921,-0.7251387124340394,0.0,1.0,0.0,1.0,0.0,0.0,0
-0.10095824594421592,-1.582535026445242,-0.4901215225326585,-0.07752434241028419,-0.007807961052745825,-1.372067878666936,-0.3462527239192748,1.0,0.0,0.0,0.0,0.0,1.0,0
1.7468304761262359,0.5595229877395047,-0.9453357042320053,0.29262626115294443,-0.3282441191681727,0.5786162657792957,-0.6314357260271624,0.0,1.0,0.0,0.0,0.0,1.0,0
-0.39486344578786475,0.7009796490535914,-1.3531317420043365,-0.403256873545925,0.11235559824053926,0.5786162657792957,1.2181797447868499,0.0,1.0,0.0,0.0,0.0,1.0,0
0.43390434674834805,-1.82384344868692,0.7142993332135303,-0.4476749459735128,-0.5084894581081003,-0.7218398305181921,-0.3272405237787489,1.0,0.0,0.0,0.0,0.0,1.0,0
-0.3284543319300632,1.617476168996121,-0.39528523467862786,1.9805130134012678,-0.8489528761057414,-0.7218398305181921,0.44818563909555365,0.0,0.0,1.0,0.0,0.0,1.0,0
-2.0582322638342863,0.7449619723193165,-0.2719980604683882,0.3962684301506489,0.032246558711682534,-1.372067878666936,0.5120123109958912,0.0,1.0,0.0,1.0,0.0,0.0,0
-0.5730014066091298,1.5021711593535458,-1.3626153707897397,0.3074322852954733,-0.20808055987488763,-0.7218398305181921,0.27028576635206264,1.0,0.0,0.0,0.0,0.0,1.0,0
-1.3393984773464613,1.0290640063871048,-0.12025999990193913,-0.06271831826775535,0.012219298829468357,-0.07161178236944823,-1.1678513728491415,0.0,1.0,0.0,0.0,0.0,1.0,0
-0.42582445157292087,0.28374193374901485,0.4961758711492596,2.2322154238242633,-0.688734797048028,-0.7218398305181921,-0.6477318975761842,0.0,0.0,1.0,0.0,0.0,1.0,0
-0.6474873045847721,1.8611620141170284,1.6911130981100446,1.106957588992047,-0.2681623395215302,-0.7218398305181921,-0.9967415715844083,1.0,0.0,0.0,0.0,0.0,1.0,0
-0.9970325727957682,1.1241609215562387,0.6858484468573209,0.6035527681460564,-0.909034655752384,-0.7218398305181921,0.8094174417655449,1.0,0.0,0.0,1.0,0.0,0.0,0
-1.3174116761367838,-0.19055393065704104,0.5910121590032906,-0.8326315736792702,0.2525464174160385,-0.07161178236944823,0.32460633818213624,1.0,0.0,0.0,0.0,0.0,1.0,0
-0.2073025701624522,0.2801757994301722,-1.8367968100598928,0.1889840921552413,0.5930098354136796,-0.07161178236944823,0.7876892130335148,0.0,1.0,0.0,0.0,1.0,0.0,0
-1.1617092267539653,0.4097453463481178,-1.8557640676306988,-1.7654110946586061,-0.06788974069938837,-0.07161178236944823,-0.5187205394797595,0.0,1.0,0.0,1.0,0.0,0.0,0
0.22570280059956477,-0.6042255116427749,0.17373249244555572,-1.7506050705160774,-0.42838041857924364,-0.07161178236944823,0.8596639707083628,0.0,0.0,1.0,1.0,0.0,0.0,0
1.5292060151733051,-0.5923383972466322,1.2264152876252954,-0.06271831826775535,-0.3482713790503869,1.8790723620767835,0.9343547569747148,0.0,0.0,1.0,0.0,0.0,1.0,0
-1.316065545450477,0.8555121362034341,-2.0644039009095665,0.2778202370104156,-0.06788974069938837,0.5786162657792957,-0.9329148996840718,0.0,1.0,0.0,0.0,0.0,1.0,0
0.3114064542944303,-0.027700463429898292,-1.6755751207080407,0.1445660197276535,-0.588598497636957,0.5786162657792957,0.009547021567708204,0.0,1.0,0.0,0.0,1.0,0.0,0
-0.8242791347197304,-1.0060099782323662,-0.414252492249434,0.48510457500582316,0.7131733947069647,-1.372067878666936,1.932495264352321,0.0,1.0,0.0,0.0,0.0,1.0,0
-0.07538176290438695,0.07571743181653393,-0.43321974982024014,1.358659999415044,4.217943874094447,1.2288443139280396,0.5744809686004761,1.0,0.0,0.0,0.0,0.0,1.0,0
-0.02063911499457754,-0.20957331369086746,-0.6608268406699133,0.5887467440035276,-0.40835315869702943,-0.7218398305181921,-0.6558799833506955,1.0,0.0,0.0,1.0,0.0,0.0,0
0.3446110112233311,-0.9168566202613029,1.1220953709858617,1.1365696372771061,1.5543183097599602,-1.372067878666936,-0.01761326434732908,0.0,1.0,0.0,0.0,0.0,1.0,0
-2.2372676451130893,0.16962563554605462,-1.1539755375108725,-0.37364482526086734,-1.0692527348100973,-1.372067878666936,-0.8690882277837352,0.0,0.0,1.0,0.0,1.0,0.0,0
-0.3087110818642303,0.4263873065027164,-0.08232548476032686,1.314241926987456,-0.36829863893260106,-0.07161178236944823,0.833861699089078,1.0,0.0,0.0,0.0,1.0,0.0,0
0.8494100185883768,-0.32844445765228514,0.4297904696514379,-0.9510797668195036,2.9762537613971674,1.2288443139280396,0.10189199367883361,1.0,0.0,0.0,0.0,1.0,0.0,0
0.19788276641589114,-0.25593305983582043,-0.8979175603049897,0.6923889130012321,-1.0692527348100973,-0.7218398305181921,0.43188946754653185,1.0,0.0,0.0,0.0,0.0,1.0,0
-1.7320199275192747,1.26680629430994,0.581528530217887,-0.07752434241028419,0.6130370952958938,-0.7218398305181921,0.687196155147879,0.0,1.0,0.0,1.0,0.0,0.0,0
-0.5801807702694326,0.8293604845319223,-2.4627163098964946,0.6183587922885866,0.1724373778871818,-0.7218398305181921,0.6111473545857754,1.0,0.0,0.0,0.0,0.0,1.0,0
-2.2372676451130893,-0.8562323368409801,0.47720861357845384,-1.039915911674678,-1.1894162941033826,-0.07161178236944823,-0.5635350112395702,0.0,1.0,0.0,0.0,1.0,0.0,0
-0.7610109924633113,-0.720719232724964,-0.8789503027341836,-0.8326315736792702,1.2338821516445333,3.829756506523015,-0.23489555166762346,1.0,0.0,0.0,0.0,1.0,0.0,0
0.11890976615255953,1.64006168634879,-1.0022374769444238,1.4030780718426303,0.6530916150603221,1.2288443139280396,0.141274408255637,1.0,0.0,0.0,0.0,0.0,1.0,0
-0.6263979238326324,0.6997909376139767,-0.6987613558115255,-0.1811665114079873,-0.3482713790503869,-0.07161178236944823,0.4834940107851023,1.0,0.0,0.0,0.0,0.0,1.0,0
-2.2372676451130893,-0.18104423914012782,-0.23406354532677592,-1.3952604910953776,0.23251915753382435,-0.07161178236944823,-0.07057582188165014,0.0,1.0,0.0,0.0,0.0,1.0,0
-0.9629305954093296,-0.36648322371993963,-1.429000772287561,-1.4989026600930822,0.4928735360026087,-0.07161178236944823,-1.200443715947185,1.0,0.0,0.0,0.0,0.0,1.0,0
-0.6771021796835214,-1.7287465335177863,-0.7651467573093472,-0.743795428824096,0.5329280557670371,-0.07161178236944823,0.46040776775732073,1.0,0.0,0.0,0.0,1.0,0.0,0
0.44287855132372667,1.9740896008803739,1.359186090620938,1.0477334924219306,-0.248135079639316,-0.07161178236944823,0.5975672116282568,0.0,0.0,1.0,0.0,0.0,1.0,0
-0.8166510608306585,-1.7168594191216442,-0.07284185597492401,-0.6253472356838627,0.9935550330579632,0.5786162657792957,1.0226256861985845,1.0,0.0,0.0,0.0,0.0,1.0,0
0.8512048595034525,0.18745630714026626,0.05992894702071892,0.07053589901500805,-0.4484076784614578,-0.07161178236944823,0.22003923740924378,0.0,0.0,1.0,1.0,0.0,0.0,0
-0.9436360555722656,-0.1311183586763322,0.8186192498529634,-0.5513171149712159,1.854727207993173,-0.7218398305181921,0.06386759339778181,1.0,0.0,0.0,0.0,0.0,1.0,0
-0.7394729014824026,0.5785423707733311,-1.5428043177123978,-0.32922675283327957,-0.007807961052745825,-0.07161178236944823,1.554967290133308,0.0,1.0,0.0,0.0,1.0,0.0,0
-0.36749212183296004,-1.1225036993145558,0.7522338483551426,0.6479708405736442,0.19246463776939599,-0.07161178236944823,0.9954654002835472,1.0,0.0,0.0,0.0,0.0,1.0,0
-0.15480347339648745,-0.2571217712754352,0.6099794165740964,-2.4168761569298893,-1.1493617743389541,0.5786162657792957,-0.37612903842581524,0.0,1.0,0.0,0.0,0.0,1.0,0
0.07448745350443552,1.7399134472763813,0.6953320756427238,0.35185035772306106,1.8747544678753871,-0.07161178236944823,-0.35847485258104184,0.0,1.0,0.0,0.0,0.0,1.0,0
0.6250549042039121,2.261757769267005,-1.5522879464978008,-0.8474375978217991,-0.3883258988148153,2.5293004102255274,-0.6327937403229139,1.0,0.0,0.0,1.0,0.0,0.0,0
1.5377315095199147,-1.6098753895563684,0.5720449014324841,-1.676574949803432,-0.808898356341313,1.2288443139280396,1.1869454159845578,1.0,0.0,0.0,0.0,0.0,1.0,0
0.12698655027040026,0.46085993825152827,-0.6608268406699133,1.314241926987456,-0.20808055987488763,-0.07161178236944823,1.7220030485107845,0.0,1.0,0.0,0.0,0.0,1.0,0
-0.6295388954340149,0.1743804813045104,-0.30044894682459716,0.662776864716173,-0.5685712377547429,-0.7218398305181921,-1.5304411898148833,1.0,0.0,0.0,1.0,0.0,0.0,0
-1.0580571639083425,0.46085993825152827,1.197964401269086,-0.6697653081114492,0.5930098354136796,-0.07161178236944823,0.006830992976204091,1.0,0.0,0.0,1.0,0.0,0.0,0
0.8220386946334721,0.4953325700003384,-1.429000772287561,2.2914395203943796,-0.30821685928595854,-0.7218398305181921,1.1855874016888064,1.0,0.0,0.0,0.0,0.0,1.0,0
-1.6499059556545606,-0.36410580084071176,1.0651935982734435,0.8404491544265229,0.032246558711682534,-1.372067878666936,0.7197884982459226,0.0,1.0,0.0,0.0,0.0,1.0,0
-0.7829977936729888,-0.040776289265654166,0.7712011059259483,-1.2768122979551444,-0.16802604011045927,-1.372067878666936,-0.5689670684225774,0.0,1.0,0.0,1.0,0.0,0.0,0
1.318312207651908,-1.8107676228511642,-0.5375396664596737,-0.714183380539037,0.7332006545891788,-0.07161178236944823,1.1502790299992576,0.0,1.0,0.0,0.0,0.0,1.0,0
-0.412363144709853,0.1945885757779516,-0.20561265897056652,0.1889840921552413,-0.688734797048028,-0.7218398305181921,-1.2697024450305299,0.0,1.0,0.0,1.0,0.0,0.0,0
0.9539595018915373,0.8067749671792532,0.09786346216233119,-0.46248097011604167,-0.027835220934960006,0.5786162657792957,-1.4326641605207506,0.0,1.0,0.0,0.0,0.0,1.0,1
0.29211191445736634,-0.754003153034161,1.036742711917234,0.15937204387018233,1.293963931291176,0.5786162657792957,-0.30279626645521573,1.0,0.0,0.0,0.0,1.0,0.0,0
0.36525168174670186,1.6067777660395945,0.8755210225653822,0.011311802444891415,-0.007807961052745825,1.2288443139280396,0.5364565683194243,0.0,0.0,1.0,1.0,0.0,0.0,1
-0.476079997195041,1.1253496329958517,-0.935852075446602,0.8996732509966395,0.9935550330579632,-0.7218398305181921,-1.0334079575697086,1.0,0.0,0.0,0.0,0.0,1.0,0
1.014086672546574,-0.0681166523767807,-0.29096531803919434,0.7071949371437608,1.414127490584461,0.5786162657792957,-1.1841475443981633,1.0,0.0,0.0,1.0,0.0,0.0,0
1.7095875271384147,-0.2024410450531838,-1.381582628360546,-0.5809291632562749,1.2138548917623193,1.8790723620767835,0.26077966628179966,1.0,0.0,0.0,0.0,0.0,1.0,0
-2.2372676451130893,-0.8419677995656103,0.4392740984368416,-1.0103038633896202,-1.1693890342211684,-0.07161178236944823,-0.5323006824372781,0.0,1.0,0.0,0.0,1.0,0.0,0
-1.1603630960676585,-1.0595019930150045,0.0694125758061222,1.5067202408403346,-1.349634373161096,-0.7218398305181921,0.5839870686707381,0.0,0.0,1.0,1.0,0.0,0.0,0
0.05384678298106476,1.4724533733631915,1.150546257342071,0.026117826587420245,-0.42838041857924364,-0.07161178236944823,0.3897910243782244,0.0,1.0,0.0,1.0,0.0,0.0,0
-0.469798053992276,0.7271313007251032,0.2306342651579737,0.6035527681460564,2.7559539026928115,-1.372067878666936,-0.4657579819454375,0.0,0.0,1.0,1.0,0.0,0.0,0
-0.08300983679345875,-2.570354232764623,-2.348912764471658,-0.8326315736792702,0.47284627612039454,-0.7218398305181921,-1.9541416500894595,0.0,1.0,0.0,0.0,1.0,0.0,0
0.03679579428784544,-0.7896644962225859,0.08837983337692834,0.55913469571847,0.4327917563559662,-0.7218398305181921,-0.6124235258866365,1.0,0.0,0.0,0.0,0.0,1.0,0
-0.985366106847776,1.119406075797781,-0.5280560376742708,0.973703371709285,-0.7688438365768847,-0.7218398305181921,0.833861699089078,0.0,0.0,1.0,0.0,0.0,1.0,0
-1.985092496544951,1.428471050097468,0.5530776438616783,-1.2620062738126154,-0.5285167179903145,-0.07161178236944823,0.3300383953651435,0.0,0.0,1.0,0.0,0.0,1.0,0
-0.17544414391985821,-1.0785213760488308,-1.1444919087254695,0.4702985508632943,0.11235559824053926,0.5786162657792957,0.11954617952360794,1.0,0.0,0.0,0.0,0.0,1.0,1
0.019744805594626116,1.2727498515080107,0.9419064240632031,-0.3884508494033962,-0.28818959940374433,1.2288443139280396,0.49707415374262093,0.0,0.0,1.0,0.0,0.0,1.0,0
-1.5175364381677263,0.23857089904367668,-0.3573507195370156,1.2105997579897516,0.5129007958848228,-0.07161178236944823,0.3381864811396549,0.0,0.0,1.0,1.0,0.0,0.0,0
-1.1042743174715424,0.7604152210343003,1.8713020450327031,0.1889840921552413,1.4942365301133178,-0.07161178236944823,-0.5458808253947958,1.0,0.0,0.0,1.0,0.0,0.0,0
-0.7641519640646938,-0.6886240238553816,-3.2593411278703517,-0.43286892183098397,-0.20808055987488763,2.5293004102255274,0.5079382681086355,1.0,0.0,0.0,0.0,1.0,0.0,0
-2.2372676451130893,0.6094488682033004,-1.4479680298583673,1.2105997579897516,-0.18805329999267345,-0.07161178236944823,0.8229975847230635,1.0,0.0,0.0,0.0,1.0,0.0,0
-0.18935416101169503,0.23143863040599133,2.0325237343845552,-0.3884508494033962,2.115081586461957,1.8790723620767835,1.2725003166169235,0.0,0.0,1.0,0.0,1.0,0.0,0
1.6983697714191914,0.8043975443000254,1.4445387496895654,-0.03310626998269639,0.0723010784761109,0.5786162657792957,0.33139640966089506,0.0,1.0,0.0,0.0,1.0,0.0,1
-1.3461291307779952,0.20885311305332224,-0.2814816892537911,1.1661816855621638,0.9535005132935349,1.8790723620767835,-1.0836544865125264,1.0,0.0,0.0,1.0,0.0,0.0,0
1.0226121668931836,-0.8229484165317831,1.3212515754793257,1.0181214441368729,-0.6086257575191713,-0.7218398305181921,1.9053349784372837,1.0,0.0,0.0,0.0,0.0,1.0,0
-2.2372676451130893,-0.7647015559906881,0.733266590784336,0.10014794730006571,-0.6286530174013855,-0.7218398305181921,-1.185505558693915,0.0,1.0,0.0,0.0,0.0,1.0,0
-1.0217116353780593,1.168143244821962,-1.4195171435021583,-0.03310626998269639,-0.18805329999267345,-0.7218398305181921,0.32189030959063214,1.0,0.0,0.0,0.0,0.0,1.0,0
0.7969109218224121,2.0668090931702796,1.311767946693923,-0.4920930184010993,-0.588598497636957,-0.07161178236944823,-0.5716830970140815,1.0,0.0,0.0,1.0,0.0,0.0,0
-0.399799258304323,0.281364510869787,1.2453825451961011,0.44068650257823666,0.8133096941180356,-1.372067878666936,0.014979078750715469,0.0,1.0,0.0,1.0,0.0,0.0,0
1.7782401921400608,-0.31299120893730137,-1.2867463405065154,0.9588973475667563,-1.2294708138678108,-0.07161178236944823,-0.6205716116611478,0.0,1.0,0.0,0.0,1.0,0.0,0
1.1872888208513808,-0.40689941266682206,0.33495418179740766,-1.0843339841022657,0.8934187336468923,-0.7218398305181921,0.6899121837393822,0.0,1.0,0.0,0.0,0.0,1.0,0
1.2182498266364368,1.1824077820973327,2.772246779645994,0.3666563818655899,0.09232833835832507,0.5786162657792957,0.06250957910203023,0.0,0.0,1.0,0.0,0.0,1.0,0
-0.18935416101169503,-0.18817650777781314,0.9513900528486068,1.625168433980568,0.6931461348247505,0.5786162657792957,-1.6390823334750315,1.0,0.0,0.0,0.0,0.0,1.0,0
0.07762842510581802,1.4795856420008768,-2.329945506900852,-0.43286892183098397,-0.20808055987488763,-0.07161178236944823,0.31510023811187327,1.0,0.0,0.0,0.0,0.0,1.0,0
0.9920998713368964,1.3702241895563723,-0.9263684466611992,0.5887467440035276,0.4327917563559662,1.2288443139280396,1.4504001893604155,0.0,1.0,0.0,1.0,0.0,0.0,0
0.6322342678642149,2.0097509440688004,0.9798409392048153,-0.13674843898040082,-1.349634373161096,-0.7218398305181921,-0.8052615558833986,1.0,0.0,0.0,0.0,0.0,1.0,0
0.7484502171153676,-1.569459200609486,-1.1919100526524846,1.4326901201276894,-0.6086257575191713,-0.07161178236944823,-1.2343940733409813,1.0,0.0,0.0,0.0,1.0,0.0,0
0.7511424784879812,-0.5566770540582072,0.5530776438616783,0.44068650257823666,-1.0692527348100973,-0.07161178236944823,1.3662033030238014,0.0,1.0,0.0,0.0,0.0,1.0,0
0.8655635868240582,0.8828524993145607,0.9419064240632031,-0.1811665114079873,-0.42838041857924364,-1.372067878666936,-0.4562518818751745,0.0,1.0,0.0,0.0,1.0,0.0,0
0.8242822457773168,-1.5207220315853054,0.04096168944991279,-1.3804544669528487,-1.4297434126899526,1.2288443139280396,-0.28514208061044233,1.0,0.0,0.0,0.0,0.0,1.0,0
-1.0387626240712786,1.0932544241262694,0.6763648180719181,0.6035527681460564,-0.9290619156345982,-0.7218398305181921,0.8447258134550926,1.0,0.0,0.0,1.0,0.0,0.0,0
0.5559535289734969,-1.0321616299038778,-0.006456454477102331,-0.5217050666861582,0.35268271682710944,-1.372067878666936,-0.07872390765616151,1.0,0.0,0.0,0.0,1.0,0.0,0
0.67620787028357,-1.3019991266962965,1.0936444846296522,-1.5285147083781396,-0.7287893168124563,-0.07161178236944823,1.5536092758375555,0.0,0.0,1.0,0.0,0.0,1.0,0
0.06685937961536371,-2.3575748850736855,-0.3099325756100005,-0.7734074771091536,0.9935550330579632,-0.07161178236944823,-0.7848913414471212,0.0,1.0,0.0,0.0,1.0,0.0,0
0.9225497858777123,0.3491210629277942,1.463506007260372,1.6103624098380391,1.0135822929401774,0.5786162657792957,-0.5119304680009997,0.0,1.0,0.0,0.0,0.0,1.0,0
-0.23243034297351228,-0.4021445669083646,0.2590851515141831,-1.202782177242499,-0.248135079639316,-1.372067878666936,1.2385499592231273,0.0,0.0,1.0,0.0,0.0,1.0,0
-0.0596769048974744,-0.9085356401840037,-0.7366958709531378,0.08534192315753687,0.012219298829468357,-0.07161178236944823,-0.5472388396905483,1.0,0.0,0.0,1.0,0.0,0.0,0
-0.9346618509968869,-0.20719589081163958,0.7427502195697389,-0.5365110908286871,1.8346999481109587,-0.7218398305181921,0.06929965058078907,1.0,0.0,0.0,0.0,0.0,1.0,0
1.0948545137249812,-0.4889205020002,-0.006456454477102331,-0.1663604872654585,-1.3095798533966676,3.179528458374271,-0.9872354715141454,0.0,1.0,0.0,0.0,0.0,1.0,0
0.8633200356802136,0.7473393951985444,2.1652945373801975,-1.2323942255275566,-0.04786248081717419,-0.7218398305181921,1.9406433501268314,0.0,1.0,0.0,1.0,0.0,0.0,0
-1.202541857571938,-0.12874093579710433,0.30650329544119825,1.8768708444035633,-1.4898251923365953,-1.372067878666936,-0.801187512996143,1.0,0.0,0.0,0.0,0.0,1.0,0
-0.24858391120919374,0.3491210629277942,-0.6418595830991072,-1.5285147083781396,0.5329280557670371,-0.7218398305181921,-0.5757571399013373,1.0,0.0,0.0,0.0,0.0,1.0,0
0.9283830188517084,-1.1831279827348786,1.6816294693246419,0.20379011629777014,-1.12933451445674,-0.07161178236944823,0.3463345669141653,0.0,1.0,0.0,0.0,0.0,1.0,0
-0.30018558751762064,-0.995311575275839,-0.6987613558115255,1.0477334924219306,0.6530916150603221,-1.372067878666936,-0.006749149981313585,1.0,0.0,0.0,0.0,1.0,0.0,0
0.8642174561377515,0.1945885757779516,-0.43321974982024014,-0.2996147045482206,-0.06788974069938837,1.2288443139280396,0.8447258134550926,0.0,1.0,0.0,0.0,0.0,1.0,0
-0.6515256966436924,2.6005405295570463,-0.1581945150435514,0.4110744542931777,-0.10794426046381674,-0.07161178236944823,2.4648368682870445,1.0,0.0,0.0,0.0,1.0,0.0,0
0.6196703814586849,-1.28297974366247,-1.4574516586437705,0.55913469571847,0.6931461348247505,-1.372067878666936,-1.3892077030566916,0.0,1.0,0.0,1.0,0.0,0.0,0
-0.9696612488408635,-0.7563805759133897,-2.4627163098964946,0.4554925267207655,-0.5685712377547429,-1.372067878666936,0.10325000797458518,0.0,1.0,0.0,0.0,1.0,0.0,0
-0.7897284471045227,-2.6321672276245596,-0.594441439172092,-2.0319195292241305,-0.007807961052745825,-1.372067878666936,-0.3679809526513048,1.0,0.0,0.0,0.0,0.0,1.0,0
0.5721070972091784,-0.25593305983582043,1.150546257342071,1.0625395165644607,-0.40835315869702943,-0.07161178236944823,-0.3869931527918307,1.0,0.0,0.0,0.0,0.0,1.0,1
2.2570140062365085,0.5595229877395047,2.042007363169958,0.3222383094380034,-0.808898356341313,-1.372067878666936,0.47670393930634253,0.0,0.0,1.0,0.0,0.0,1.0,0
1.0060098884287332,0.235004764724834,-0.3478670907516123,0.7220009612862897,-1.2695253336322392,-1.372067878666936,2.6115024122282433,0.0,0.0,1.0,1.0,0.0,0.0,0
-1.6683030750340868,0.14941754107261343,-0.25303080289758206,0.011311802444891415,-1.009170955163455,1.8790723620767835,-0.5051403965222409,0.0,0.0,1.0,1.0,0.0,0.0,0
-0.29749332614500706,-0.8586097597202088,-0.5185724088888675,0.4110744542931777,0.5529553156492513,1.2288443139280396,1.0864523580989212,1.0,0.0,0.0,0.0,1.0,0.0,0
-0.07538176290438695,1.4451130102520666,2.089425507096973,0.4999105991483533,-0.48846219822588616,-0.7218398305181921,-1.5888358045322135,1.0,0.0,0.0,1.0,0.0,0.0,0
-0.12743214944158276,0.9315896683387415,0.16424886366015287,-0.3588388011183372,0.8133096941180356,-0.07161178236944823,1.7722495774536022,0.0,1.0,0.0,0.0,1.0,0.0,0
-0.9508154192325684,1.238277219759199,-0.3478670907516123,0.011311802444891415,-0.40835315869702943,1.2288443139280396,-1.6879708481220979,0.0,1.0,0.0,0.0,0.0,1.0,0
0.625503614432681,-0.17985552770051302,-0.11077637111653585,-1.3064243462402034,-0.7888710964590989,0.5786162657792957,-1.2248879732707183,1.0,0.0,0.0,0.0,1.0,0.0,0
-0.5985778896489587,0.8008314099811827,-2.443749052325688,0.6183587922885866,0.11235559824053926,-0.7218398305181921,0.5948511830367537,1.0,0.0,0.0,0.0,0.0,1.0,0
0.14628109010746423,0.27304353079248683,-0.2435471741121788,0.48510457500582316,-1.690097791158737,0.5786162657792957,-0.46711599624118905,1.0,0.0,0.0,0.0,1.0,0.0,0
-1.7647757742194066,0.25640157063789,-2.567036226535928,0.1889840921552413,-0.588598497636957,-1.372067878666936,-0.7876073700386244,0.0,1.0,0.0,0.0,0.0,1.0,0
-0.6205646908586363,-2.3611410193925284,-1.049655620871439,-0.6253472356838627,-1.2094435539855968,0.5786162657792957,-1.975869878821489,1.0,0.0,0.0,0.0,0.0,1.0,0
-1.0665826582549522,0.5821085050921738,-0.8315321588071685,-0.8474375978217991,0.33265545694489523,0.5786162657792957,0.3286803810693919,0.0,1.0,0.0,0.0,0.0,1.0,0
0.1974340561871222,-0.16559099042514408,0.9419064240632031,0.7664190337138775,-0.808898356341313,-0.7218398305181921,1.1502790299992576,1.0,0.0,0.0,0.0,0.0,1.0,0
0.9135755813023337,0.1731917698648973,1.0177754543464277,0.3222383094380034,-1.12933451445674,-0.7218398305181921,0.5649748685302132,0.0,1.0,0.0,0.0,0.0,1.0,0
0.707617586297395,1.084933444048971,-1.3057135980773213,-0.8178255495367415,-0.808898356341313,0.5786162657792957,0.047571421848760016,0.0,1.0,0.0,1.0,0.0,0.0,1
-0.34595403085205145,0.5155406644737797,-0.4616706361764491,-0.5365110908286871,-0.28818959940374433,-0.07161178236944823,0.36942080994194687,0.0,1.0,0.0,0.0,0.0,1.0,0
0.2930093349149042,-0.8859501228313346,-0.006456454477102331,-1.6321568773758441,-0.2681623395215302,2.5293004102255274,-0.6382257975059222,0.0,1.0,0.0,0.0,0.0,1.0,0
0.19474179481450862,-0.9002146601067044,0.6384303029303058,-0.8622436219643279,0.33265545694489523,2.5293004102255274,-0.08958802202217604,0.0,1.0,0.0,0.0,1.0,0.0,0
0.759219262605822,-1.2556393805513435,-1.3057135980773213,-1.7654110946586061,-0.5084894581081003,-0.07161178236944823,-1.7178471626286382,1.0,0.0,0.0,0.0,0.0,1.0,0
0.16198594811437678,1.140802881710837,-0.935852075446602,2.217409399681733,-1.0692527348100973,0.5786162657792957,-1.5195770754488687,0.0,1.0,0.0,0.0,1.0,0.0,0
-0.7237680434754901,-0.8288919737298545,0.5341103862908718,-0.9954978392470913,-0.8689801359879556,-0.07161178236944823,-0.6341517546186665,1.0,0.0,0.0,0.0,0.0,1.0,0
-1.0069041978286846,2.1630947197790285,-1.7229932646350559,0.2630142128678868,1.0536368127046059,1.8790723620767835,-0.32452449518724574,1.0,0.0,0.0,1.0,0.0,0.0,0
-1.2824122782928074,0.2801757994301722,0.4297904696514379,2.5135298825323162,0.1724373778871818,-0.7218398305181921,-2.0220423648770516,1.0,0.0,0.0,1.0,0.0,0.0,0
-1.2707458123448152,0.8127185243773238,-2.035953014553357,0.2778202370104156,-0.08791700058160255,0.5786162657792957,-0.9451370283458388,0.0,1.0,0.0,0.0,0.0,1.0,0
1.1576739457526313,0.18864501857988106,0.1832161212309586,0.42588047843570653,0.052273818593896716,1.2288443139280396,0.20781710874747766,1.0,0.0,0.0,1.0,0.0,0.0,0
-0.6304363158915528,-0.007492368956458774,-1.2677790829357092,-0.9806918151045612,-1.1493617743389541,-0.07161178236944823,1.1407729299289946,0.0,1.0,0.0,1.0,0.0,0.0,0
1.300363798501151,-0.9917454409569963,0.3444378105828105,0.011311802444891415,0.7131733947069647,-0.7218398305181921,0.571764940008972,0.0,1.0,0.0,1.0,0.0,0.0,0
-0.7506906572016259,-0.718341809845736,-3.2783083854411577,-0.43286892183098397,-0.248135079639316,2.5293004102255274,0.45225968198280936,1.0,0.0,0.0,0.0,1.0,0.0,0
-0.08076628564961409,1.0647253495755298,-1.0022374769444238,0.8552551785690518,-0.9490891755168124,0.5786162657792957,-1.2751345022135372,1.0,0.0,0.0,0.0,0.0,1.0,0
0.8839607062035844,0.7568490867154576,-0.4996051513180614,-1.1435580806723822,1.4942365301133178,0.5786162657792957,1.3471911028832755,1.0,0.0,0.0,0.0,0.0,1.0,1
-0.5958856282763452,-1.3352830470054935,-0.2719980604683882,0.5295226474334109,0.29260093718046687,-0.07161178236944823,0.9941073859877957,0.0,0.0,1.0,0.0,0.0,1.0,0
0.23153603357356084,-0.17747810482128515,0.9513900528486068,0.7368069854288185,-0.808898356341313,-0.7218398305181921,1.1869454159845578,1.0,0.0,0.0,0.0,0.0,1.0,0
1.955032022275019,-0.15964743322707184,-0.6323759543137043,0.5443286715759398,-0.04786248081717419,-0.07161178236944823,1.0362058291561032,1.0,0.0,0.0,1.0,0.0,0.0,0
-0.7547290492605462,-2.5869961929192216,-0.594441439172092,-2.0023074809390726,0.012219298829468357,-1.372067878666936,-0.38156109560882345,1.0,0.0,0.0,0.0,0.0,1.0,0
-1.723943143401434,-1.7346900907158567,-1.2582954541503062,-1.4840966359505532,0.15241011800496762,0.5786162657792957,0.24719952332428105,0.0,1.0,0.0,0.0,0.0,1.0,0
1.2213907982378194,-0.4282962185798764,0.3254705530120048,-1.1435580806723822,0.8733914737646782,-0.7218398305181921,0.7510228270482155,0.0,1.0,0.0,0.0,0.0,1.0,0
1.402669730660467,1.6246084376338061,0.09786346216233119,-0.06271831826775535,-0.28818959940374433,0.5786162657792957,0.1439904368471411,0.0,0.0,1.0,1.0,0.0,0.0,0
-0.8000487823662081,-0.8146274364544838,1.719563984466254,-0.15155446312292964,0.09232833835832507,-0.7218398305181921,-1.315874931086092,0.0,1.0,0.0,0.0,0.0,1.0,0
0.17051144246098643,0.07334000893730605,0.07889620459152506,-1.2175882013850277,-0.6486802772835996,-0.07161178236944823,-0.5567449397608113,0.0,1.0,0.0,0.0,0.0,1.0,0
0.009873180561709669,-0.40689941266682206,0.5530776438616783,0.08534192315753687,0.4528190162381803,-0.07161178236944823,0.20781710874747766,1.0,0.0,0.0,0.0,1.0,0.0,0
1.299466378043613,-1.156976331063367,1.046226340702637,0.7812250578564063,-0.909034655752384,-1.372067878666936,-0.2946481806807053,1.0,0.0,0.0,0.0,0.0,1.0,1
0.4706985855074003,1.2156917024065297,-0.08232548476032686,3.5055335000817687,-0.8489528761057414,-0.7218398305181921,-0.4182274815941227,1.0,0.0,0.0,0.0,0.0,1.0,0
-2.2296395712240176,-0.24166852256045143,-0.29096531803919434,-1.4692906118080231,0.21249189765161017,-0.07161178236944823,-0.09773610779668741,0.0,1.0,0.0,0.0,0.0,1.0,0
-0.4810158097114992,-0.27138630855080587,-0.14871088625814813,2.2914395203943796,0.6731188749425363,1.2288443139280396,0.09917596508733047,1.0,0.0,0.0,1.0,0.0,0.0,0
-1.8163774505278334,-0.40571070122720726,-1.0306883633006327,-0.1663604872654585,0.33265545694489523,-1.372067878666936,1.0687981722541469,1.0,0.0,0.0,0.0,0.0,1.0,0
0.790628978619647,0.8876073450730164,-0.6134086967428982,0.7960310819989351,-0.8689801359879556,-0.7218398305181921,-1.051062143414483,0.0,1.0,0.0,0.0,0.0,1.0,0
-1.297668426070951,-0.5388463824639956,1.8428511586764937,0.29262626115294443,-0.8890073958701697,1.2288443139280396,-1.094518600878542,1.0,0.0,0.0,1.0,0.0,0.0,1
0.8341538708102332,0.71762160920819,1.2928006891231163,0.026117826587420245,3.0763900608082384,-0.07161178236944823,1.7708915631578508,0.0,0.0,1.0,1.0,0.0,0.0,0
0.7497963478016745,2.4281773708129903,0.9798409392048153,-0.24039060797810394,1.414127490584461,2.5293004102255274,0.8189235418358078,0.0,0.0,1.0,1.0,0.0,0.0,0
-0.02647234796857362,0.7140554748893473,-0.7366958709531378,0.5739407198609988,-1.1693890342211684,-0.07161178236944823,-1.5426633184766503,0.0,1.0,0.0,0.0,0.0,1.0,0
-0.8099204073991245,-0.9049695058651618,0.24960152272878025,0.026117826587420245,-0.248135079639316,0.5786162657792957,-1.2683444307347773,1.0,0.0,0.0,0.0,0.0,1.0,0
-0.3114033432368439,0.14228527243492808,0.6763648180719181,-0.5957351873988037,0.4528190162381803,0.5786162657792957,0.46312379634882483,0.0,1.0,0.0,0.0,0.0,1.0,0
-1.3968333866288845,-1.5908560065225412,-0.8030812724509595,-0.13674843898040082,-1.2294708138678108,-1.372067878666936,0.8623799992998669,0.0,1.0,0.0,0.0,1.0,0.0,0
-0.37691503663710757,-0.9239888888989882,0.2970196666557954,1.2698238545598681,1.6144000894066028,-0.7218398305181921,1.0144776004240732,0.0,1.0,0.0,0.0,0.0,1.0,0
-0.7417164526262473,0.31583714261859885,0.36340506815361706,0.1297599955851247,-0.3282441191681727,-0.7218398305181921,1.2955865596447051,1.0,0.0,0.0,0.0,1.0,0.0,0
-0.18127737689385431,-1.6110641009959825,1.1410626285566672,0.11495397144259453,0.8333369540002498,-0.7218398305181921,-1.818340220514275,0.0,0.0,1.0,0.0,0.0,1.0,0
0.7031304840097058,-0.27376373143003374,0.39185595450982563,0.29262626115294443,-0.5285167179903145,0.5786162657792957,-0.4589679104666786,1.0,0.0,0.0,1.0,0.0,0.0,0
-1.8859275359870176,-0.8823839885124919,0.9039719089215908,0.9144792751391684,0.7932824342358215,-0.07161178236944823,-1.2208139303834635,1.0,0.0,0.0,0.0,1.0,0.0,1
-1.0006222546259196,-0.38788002963299395,-2.6523888856045557,-1.36564844281032,-0.28818959940374433,0.5786162657792957,-0.12761242230322786,1.0,0.0,0.0,1.0,0.0,0.0,0
-0.507489713208866,-0.024134329111057316,-1.1539755375108725,-0.5957351873988037,0.15241011800496762,-0.07161178236944823,-0.7102005551807692,0.0,1.0,0.0,0.0,0.0,1.0,0
-0.42672187203045875,0.3491210629277942,0.2306342651579737,-0.04791229412522521,0.09232833835832507,-1.372067878666936,-0.44402975321340743,1.0,0.0,0.0,1.0,0.0,0.0,0
0.1866650106966679,-1.8618822147545737,-1.4859025449999794,0.7960310819989351,0.4327917563559662,-0.07161178236944823,-1.8224142634015308,1.0,0.0,0.0,0.0,1.0,0.0,0
0.8305641889800818,-0.743304750077633,1.3402188330501315,-1.039915911674678,3.27666265963038,-0.07161178236944823,-0.8840263850370055,0.0,1.0,0.0,0.0,0.0,1.0,0
0.28044544850937414,0.2777983765509443,-0.9737865905882143,-0.34403277697580836,2.2152178858730283,-0.7218398305181921,-0.7346448125043024,1.0,0.0,0.0,0.0,0.0,1.0,1
0.9701130701272188,1.351204806522546,-0.9453357042320053,0.6035527681460564,0.41276449647375196,1.2288443139280396,1.4164498319666194,0.0,1.0,0.0,1.0,0.0,0.0,0
0.19070340275558825,0.38834854043506356,1.0082918255610247,1.284629878702397,-1.4497706725721669,-0.7218398305181921,-1.4734045893933065,1.0,0.0,0.0,0.0,0.0,1.0,0
-0.0291646093411872,1.1621996876238914,-1.5428043177123978,0.42588047843570653,0.3126281970626811,-0.7218398305181921,0.7129984267671637,0.0,1.0,0.0,0.0,0.0,1.0,0
-1.8491332972279653,1.0017236432759782,-0.7746303860947501,-1.039915911674678,-0.7488165766946705,0.5786162657792957,-1.4638984893230436,0.0,1.0,0.0,0.0,0.0,1.0,0
-1.3398471875752302,1.052838235179387,-0.006456454477102331,-0.7586014529666248,0.9535005132935349,-0.7218398305181921,-1.097234629470045,0.0,1.0,0.0,1.0,0.0,0.0,1
-0.10768889937574987,0.07334000893730605,1.7954330147494786,-2.0171135050816016,-0.9691164353990265,0.5786162657792957,-1.2859986165795516,0.0,1.0,0.0,1.0,0.0,0.0,0
0.6093500461969995,-0.7242853670438066,0.6573975605011115,-0.28480868040569174,-0.20808055987488763,0.5786162657792957,0.49707415374262093,0.0,1.0,0.0,1.0,0.0,0.0,0
0.5119799265541418,2.6362018727454712,0.6763648180719181,-0.8178255495367415,1.8947817277576013,0.5786162657792957,-0.15884675110552082,0.0,0.0,1.0,0.0,1.0,0.0,1
-0.826073975634806,-0.13468449299517488,-0.25303080289758206,-0.19597253555051744,1.7946454283465305,-0.7218398305181921,-1.029333914682453,0.0,1.0,0.0,0.0,0.0,1.0,0
-0.7103067366124222,-0.0027375231980013245,-1.6376406055664285,-0.018300245840167557,-0.9490891755168124,-0.7218398305181921,-0.4426717389176559,0.0,0.0,1.0,0.0,1.0,0.0,0
-1.2554896645666715,-0.8859501228313346,0.44875772722224444,0.11495397144259453,-0.468434938343672,0.5786162657792957,1.2670682594339162,1.0,0.0,0.0,1.0,0.0,0.0,0
-0.1705083314034,0.7818120269473546,0.6004957877886935,0.011311802444891415,-0.40835315869702943,0.5786162657792957,-2.198584223324791,0.0,1.0,0.0,1.0,0.0,0.0,1
-0.8040871744251284,-0.6006593773239323,0.2401178939433774,0.662776864716173,0.7332006545891788,-1.372067878666936,-1.7830318488247274,1.0,0.0,0.0,1.0,0.0,0.0,0
0.0035912373589446554,-1.5658930662906434,-1.0022374769444238,0.55913469571847,-0.5485439778725287,-0.7218398305181921,0.1670766798749227,1.0,0.0,0.0,0.0,1.0,0.0,0
0.4904418355732332,-0.11091026420289099,0.5625612726470812,0.2334021645828278,-1.3896888929255242,-0.07161178236944823,1.2928705310532018,0.0,1.0,0.0,0.0,0.0,1.0,0
-0.12563730852650704,0.7520942409570002,0.6479139317157087,0.011311802444891415,-0.468434938343672,0.5786162657792957,-2.164633865930995,0.0,1.0,0.0,1.0,0.0,0.0,1
-0.6044111226229548,0.914947708184143,0.9513900528486068,0.6035527681460564,-0.8689801359879556,-0.07161178236944823,-0.06650177899439541,0.0,1.0,0.0,1.0,0.0,0.0,0
0.8112696491430178,-0.12874093579710433,0.8186192498529634,-0.8622436219643279,0.3727099767093236,-0.7218398305181921,-1.344393231296881,0.0,1.0,0.0,0.0,1.0,0.0,0
-1.1213253061647617,-0.19768619929472636,-0.414252492249434,-1.202782177242499,-0.1279715203460309,-1.372067878666936,0.7795411272590045,0.0,1.0,0.0,0.0,0.0,1.0,0
-0.7726774584113034,0.06620774029962072,0.11683071973313733,-0.7289894046815658,1.0336095528223916,-0.7218398305181921,0.02448517882097842,0.0,0.0,1.0,0.0,0.0,1.0,0
-2.222011497334946,0.8959283251503165,-1.220360939008694,-0.43286892183098397,-1.249498073750025,-0.07161178236944823,1.0063295146495628,0.0,0.0,1.0,1.0,0.0,0.0,0
-0.4303115538606102,-0.1727232590628294,-1.1539755375108725,0.15937204387018233,-1.029198215045669,-0.7218398305181921,1.1136126440139584,1.0,0.0,0.0,0.0,0.0,1.0,0
1.358247418012343,-0.9905567295173824,0.22115063637257085,-0.2996147045482206,-0.42838041857924364,-0.07161178236944823,0.1059660365660893,0.0,1.0,0.0,0.0,0.0,1.0,0
-0.8417788336417186,1.4356033187351518,0.10734709094773447,1.6991985546932133,-0.7287893168124563,-0.7218398305181921,-2.1592018087479876,0.0,0.0,1.0,1.0,0.0,0.0,0
2.074388943127554,-1.6146302353148252,1.3971206057625503,-0.7882135012516824,0.8934187336468923,0.5786162657792957,-0.16835285117578377,0.0,1.0,0.0,0.0,0.0,1.0,0
1.2792744177490112,0.23381605328521923,0.031478060664509935,1.1365696372771061,-0.14799878022824509,0.5786162657792957,1.6024977904846218,0.0,0.0,1.0,0.0,0.0,1.0,0
1.446643333079822,0.14347398387454288,0.6573975605011115,0.011311802444891415,-0.8890073958701697,-1.372067878666936,-2.2759910381826463,1.0,0.0,0.0,0.0,0.0,1.0,0
0.7340914897947619,-0.812250013575256,-2.500650825038107,1.1957937338472227,0.7732551743536072,0.5786162657792957,-2.061424779453855,0.0,1.0,0.0,0.0,0.0,1.0,0
0.7094124272124708,-0.4853543676813573,-1.11604102236926,-0.7289894046815658,-0.16802604011045927,-1.372067878666936,-0.27699399483593096,0.0,1.0,0.0,1.0,0.0,0.0,0
0.7551808705469016,0.6498650571501811,0.2306342651579737,0.8552551785690518,0.853364213882464,-0.7218398305181921,-0.37612903842581524,1.0,0.0,0.0,1.0,0.0,0.0,0
0.6133884382559198,2.2867207094989035,-1.5997060904248164,-0.8770496461068581,-0.40835315869702943,2.5293004102255274,-0.5716830970140815,1.0,0.0,0.0,1.0,0.0,0.0,0
-2.1672688494251364,0.4882003013626531,-1.6471242343518313,1.2254057821322804,2.2152178858730283,-0.7218398305181921,-0.7224226838425363,0.0,1.0,0.0,1.0,0.0,0.0,0
0.45992954001694597,-0.5745077256524206,1.197964401269086,-1.2768122979551444,-0.9290619156345982,1.2288443139280396,-0.43180762455164134,0.0,0.0,1.0,0.0,0.0,1.0,1
1.8783025731555323,0.8911734793918591,0.6763648180719181,0.3666563818655899,-0.3482713790503869,0.5786162657792957,-0.31230236652547866,1.0,0.0,0.0,0.0,0.0,1.0,0
0.36390555106039507,-0.5424125167828383,-0.594441439172092,-1.3508424186677899,-0.9691164353990265,-0.7218398305181921,0.006830992976204091,1.0,0.0,0.0,0.0,0.0,1.0,0
0.21313891419403475,-0.536468959584766,-1.2772627117211124,-0.7289894046815658,2.5556813038706694,0.5786162657792957,-0.8039035415876471,1.0,0.0,0.0,0.0,0.0,1.0,0
0.2642918802736927,-0.10496670700482046,-0.8599830451633775,1.6547804822656256,-0.16802604011045927,0.5786162657792957,-0.06650177899439541,1.0,0.0,0.0,1.0,0.0,0.0,0
0.3114064542944303,0.5523907191018194,1.463506007260372,1.0773455407069894,-0.6486802772835996,1.8790723620767835,-0.5594609683523145,1.0,0.0,0.0,0.0,0.0,1.0,1
1.663370373575215,-0.8823839885124919,1.833367529891091,-0.6253472356838627,-0.808898356341313,0.5786162657792957,0.09781795079157793,0.0,0.0,1.0,0.0,1.0,0.0,1
0.07852584556335589,-2.180456880571173,0.4866922423638567,-2.091143625794247,1.3139911911733901,1.2288443139280396,-0.7332867982085507,0.0,1.0,0.0,0.0,0.0,1.0,0
1.1056235592154355,-0.9275550232178309,-0.2814816892537911,1.2994359028449272,-0.9891436952812407,-0.7218398305181921,-0.7631631127150912,0.0,1.0,0.0,0.0,0.0,1.0,0
0.3625594203740883,-0.903780794425547,1.1410626285566672,1.1661816855621638,1.534291049877746,-1.372067878666936,-0.014897235755824963,0.0,1.0,0.0,0.0,0.0,1.0,0
-0.6946018786055097,0.9898365288798355,1.6911130981100446,-1.6913809739459609,-0.9891436952812407,-0.07161178236944823,-0.09502007920518427,0.0,0.0,1.0,0.0,0.0,1.0,0
0.5819787222420948,-0.22027171664739545,1.1315789997712644,1.0921515648495184,-0.36829863893260106,-0.07161178236944823,-0.3258825094829973,1.0,0.0,0.0,0.0,0.0,1.0,1
-2.2372676451130893,-0.2250265624058529,-0.7746303860947501,1.3882720477001014,-0.3883258988148153,-0.07161178236944823,-0.6748921834912215,1.0,0.0,0.0,1.0,0.0,0.0,0
-0.5133229461828621,-0.29040569158463225,-0.8599830451633775,0.011311802444891415,0.15241011800496762,0.5786162657792957,1.5780535331610885,1.0,0.0,0.0,1.0,0.0,0.0,0
0.81037222868548,1.130104478754309,0.1263143485185406,0.2778202370104156,0.19246463776939599,1.2288443139280396,1.3594132315450416,0.0,0.0,1.0,1.0,0.0,0.0,0
0.9396007745709316,-0.6981337153722948,0.4297904696514379,1.180987709704694,-0.5084894581081003,0.5786162657792957,-0.21180930863984285,1.0,0.0,0.0,1.0,0.0,0.0,0
0.874089081170668,-0.045531135024111616,0.6289466741449021,-1.1583641048149111,1.3740729708200325,-0.07161178236944823,-0.27971002342743506,1.0,0.0,0.0,1.0,0.0,0.0,1
-0.6304363158915528,-0.661283660744255,-0.025423712047908463,0.7220009612862897,0.052273818593896716,1.8790723620767835,-0.6572379976464471,1.0,0.0,0.0,1.0,0.0,0.0,0
-0.6380643897806245,-1.5682704891698722,-0.47115426496185236,-0.43286892183098397,-0.40835315869702943,0.5786162657792957,-1.0660003006677532,0.0,1.0,0.0,0.0,1.0,0.0,1
2.233681074340524,1.0041010661552061,0.04096168944991279,0.7368069854288185,-1.2294708138678108,-0.07161178236944823,1.5590413330205637,0.0,0.0,1.0,0.0,0.0,1.0,0
0.3908281647865308,0.6427327885124974,0.5151431287200662,-2.1947857947919513,3.0763900608082384,-1.372067878666936,-2.4131504820535827,0.0,1.0,0.0,0.0,1.0,0.0,0
0.6039655234517723,-0.34746384068611325,-0.5849578103866888,-2.0763376016517183,-1.2094435539855968,-0.7218398305181921,-0.2634138518784123,0.0,1.0,0.0,0.0,1.0,0.0,1
0.7210788931604629,-1.455342902406525,2.506705173654708,-1.1435580806723822,-0.08791700058160255,1.2288443139280396,0.727936584020434,1.0,0.0,0.0,0.0,0.0,1.0,1
-0.0991634050291402,0.06264160598077806,0.031478060664509935,0.011311802444891415,-1.1493617743389541,1.8790723620767835,-0.3109443522297271,0.0,1.0,0.0,0.0,1.0,0.0,0
1.6463193848819957,0.2647225507151884,-0.6797940982407195,-0.43286892183098397,-1.009170955163455,-0.07161178236944823,-0.7930394272216316,0.0,1.0,0.0,1.0,0.0,0.0,0
0.36390555106039507,-1.5647043548510295,-0.5565069240304797,0.0557298748724779,-0.7688438365768847,-0.07161178236944823,-1.6866128338263462,0.0,1.0,0.0,0.0,0.0,1.0,0
0.05429549320983369,-0.8431565110052243,0.7806847347113511,-0.07752434241028419,0.9134459935291065,-0.07161178236944823,-0.6260036688441551,1.0,0.0,0.0,0.0,0.0,1.0,0
-0.34954371268220286,-0.40808812410643514,-0.8410157875925713,0.4554925267207655,-0.5685712377547429,-0.7218398305181921,0.3653467670546912,1.0,0.0,0.0,0.0,0.0,1.0,0
0.5792864608694812,-0.1917426420966558,0.9608736816340097,0.011311802444891415,0.23251915753382435,-0.7218398305181921,1.021267671902833,0.0,0.0,1.0,1.0,0.0,0.0,0
-0.9660715670107121,0.8721540963580326,-0.3478670907516123,1.0477334924219306,-0.5685712377547429,0.5786162657792957,1.7220030485107845,0.0,1.0,0.0,1.0,0.0,0.0,0
1.9891339996614579,0.30513873966207083,1.349702461835535,0.3074322852954733,0.9535005132935349,-0.07161178236944823,0.5296664968406646,0.0,0.0,1.0,0.0,0.0,1.0,1
-2.060475814978131,0.774679758309671,-0.3194162043954033,0.35185035772306106,0.012219298829468357,-1.372067878666936,0.5092962824043871,0.0,1.0,0.0,1.0,0.0,0.0,0
1.7288820669754787,-0.5507334968601367,-1.0117211057298265,-0.09233036655281301,1.0736640725868198,-0.7218398305181921,-0.6327937403229139,0.0,1.0,0.0,0.0,1.0,0.0,0
0.11846105592379061,0.465614784009984,0.6763648180719181,1.0477334924219306,-0.3883258988148153,-0.7218398305181921,-0.07464986476890582,1.0,0.0,0.0,0.0,0.0,1.0,0
-1.1415172664593636,-0.8621758940390507,-1.4195171435021583,-0.5217050666861582,0.4327917563559662,0.5786162657792957,-0.35032676680653047,1.0,0.0,0.0,0.0,1.0,0.0,1
-0.9961351523382304,2.5684453206874625,-0.101292742331133,0.21859614044029896,-0.688734797048028,-0.7218398305181921,0.9085524853554291,0.0,0.0,1.0,0.0,0.0,1.0,0
-2.2372676451130893,0.06977387461846338,-1.400549885931352,-1.202782177242499,-1.249498073750025,-1.372067878666936,0.15349653691740406,0.0,1.0,0.0,0.0,0.0,1.0,0
1.865738686750002,-0.6636610836234839,0.3444378105828105,-0.743795428824096,0.2725736772982527,-0.07161178236944823,0.2336193803667624,0.0,1.0,0.0,0.0,0.0,1.0,0
0.9494723996038481,1.938428257691949,-0.20561265897056652,-1.0103038633896202,-1.2294708138678108,-0.7218398305181921,1.3064506740107196,1.0,0.0,0.0,1.0,0.0,0.0,0
0.19249824367066398,-0.2024410450531838,0.9324227952778003,0.6923889130012321,-0.7888710964590989,-0.7218398305181921,1.220895773378354,1.0,0.0,0.0,0.0,0.0,1.0,0
1.2927357246120792,-1.4589090367253676,0.581528530217887,-0.3884508494033962,-0.3883258988148153,1.8790723620767835,0.677690055077616,1.0,0.0,0.0,1.0,0.0,0.0,0
-0.18531576895277468,0.06977387461846338,0.24960152272878025,-1.0991400082447944,0.5930098354136796,-0.7218398305181921,0.4644818106445764,0.0,1.0,0.0,1.0,0.0,0.0,0
0.9920998713368964,-1.178373136976422,-0.044390969618714596,-0.2996147045482206,0.5729825755314654,-0.07161178236944823,-0.3666229383555532,1.0,0.0,0.0,0.0,0.0,1.0,0
0.103204908145647,1.626985860513034,-0.9737865905882143,1.417884095985159,0.633064355178108,1.2288443139280396,0.13176830818537405,1.0,0.0,0.0,0.0,0.0,1.0,0
-1.3506162330656846,-0.27019759711119107,-0.30044894682459716,0.011311802444891415,0.19246463776939599,-0.7218398305181921,-0.4603259247624302,1.0,0.0,0.0,0.0,0.0,1.0,0
1.006458598657502,-0.100211861246363,-1.694542378278847,-0.9362737426769747,-0.14799878022824509,1.2288443139280396,0.1955949800857106,0.0,1.0,0.0,0.0,1.0,0.0,0
-1.0028658057697644,-0.23215883104353824,-0.29096531803919434,-0.6253472356838627,-0.808898356341313,-1.372067878666936,1.3010186168277122,0.0,1.0,0.0,1.0,0.0,0.0,0
-1.5395232393774039,-0.5554883426185941,-1.5522879464978008,-2.92028097777588,2.075027066697529,-0.07161178236944823,-3.1098118157742793,1.0,0.0,0.0,0.0,0.0,1.0,0
-1.0378652036137408,-0.6184900489181456,1.776465757178673,1.003315419994344,3.2165808799837374,-1.372067878666936,3.11804174454368,0.0,0.0,1.0,0.0,0.0,1.0,1
-0.9499179987750306,0.8186620815753943,-0.29096531803919434,1.0181214441368729,-0.5685712377547429,0.5786162657792957,1.6962007768914997,0.0,1.0,0.0,1.0,0.0,0.0,0
-0.05698464352486083,0.1827014613818105,0.1263143485185406,-1.1139460323873247,0.15241011800496762,0.5786162657792957,0.04078135037000021,0.0,1.0,0.0,0.0,0.0,1.0,0
0.15301174353899819,0.3194032769374398,-1.1824264238670819,1.2402118062748106,-1.3095798533966676,0.5786162657792957,0.2376934232540181,0.0,1.0,0.0,0.0,0.0,1.0,0
1.2949792757559238,0.9006831709087723,-0.4901215225326585,-1.3212303703827322,0.032246558711682534,1.8790723620767835,-0.49291826786047477,0.0,0.0,1.0,0.0,0.0,1.0,0
0.1682678913171418,1.2810708315853092,0.07889620459152506,-0.1811665114079873,-0.7888710964590989,-0.7218398305181921,-0.08143993624766563,1.0,0.0,0.0,0.0,0.0,1.0,0
1.3394015884040478,0.003206034000069221,-0.14871088625814813,-1.602544829090785,-0.3883258988148153,0.5786162657792957,1.3852155031643274,0.0,0.0,1.0,0.0,0.0,1.0,0
2.6792503315080713,0.11851104364264423,-0.20561265897056652,-0.891855670249387,0.2525464174160385,0.5786162657792957,-0.6613120405337028,1.0,0.0,0.0,0.0,1.0,0.0,0
-0.800497492594977,0.361008177323937,0.1263143485185406,-1.0991400082447944,1.4942365301133178,-0.7218398305181921,0.6274435261347973,1.0,0.0,0.0,0.0,1.0,0.0,0
-0.876778231485695,0.8983057480295443,0.05992894702071892,0.0557298748724779,0.5129007958848228,-0.7218398305181921,1.4286719606283864,0.0,1.0,0.0,1.0,0.0,0.0,0
0.8763326323145125,1.0052897775948209,-0.43321974982024014,0.4110744542931777,-0.7488165766946705,-1.372067878666936,0.9818852573260296,0.0,0.0,1.0,0.0,0.0,1.0,0
1.2595311676831784,-0.2511782140773646,-0.4901215225326585,0.15937204387018233,-0.9290619156345982,0.5786162657792957,-0.9750133428523793,1.0,0.0,0.0,0.0,1.0,0.0,0
0.574799358581792,0.24926930200020467,0.5151431287200662,1.7436166271208013,1.093691332469034,1.2288443139280396,1.6866946768212367,1.0,0.0,0.0,0.0,0.0,1.0,0
0.358072318086399,-0.43186235289871905,0.05992894702071892,0.1445660197276535,-0.04786248081717419,1.2288443139280396,0.19423696578995903,1.0,0.0,0.0,0.0,1.0,0.0,0
0.6299907167203702,-1.5730253349283287,-0.7082449845969289,-1.780217118801135,-0.7688438365768847,0.5786162657792957,-0.2213154087101058,0.0,1.0,0.0,1.0,0.0,0.0,0
-0.41056830379477727,0.7544716638362298,0.40133958329522934,-0.28480868040569174,0.4327917563559662,-0.07161178236944823,0.1643606512834186,0.0,1.0,0.0,0.0,1.0,0.0,1
0.9135755813023337,0.6439214999521105,0.5625612726470812,-0.07752434241028419,1.4541820103488894,-1.372067878666936,1.7179290056235288,0.0,0.0,1.0,0.0,1.0,0.0,0
1.21690369595013,2.5529920719724783,0.17373249244555572,-0.2700026562631629,-0.5285167179903145,-0.07161178236944823,1.420523874853875,1.0,0.0,0.0,1.0,0.0,0.0,1
1.0629960874823872,0.7853781612661973,-0.4901215225326585,-1.7506050705160774,0.3727099767093236,1.8790723620767835,-0.5323006824372781,0.0,1.0,0.0,0.0,1.0,0.0,0
0.6075552052819237,-0.22146042808701025,1.1220953709858617,1.106957588992047,-0.40835315869702943,-0.07161178236944823,-0.36254889546829755,1.0,0.0,0.0,0.0,0.0,1.0,1
-0.144931848363571,0.6082601567636855,0.6573975605011115,-1.9578894085114849,-0.2681623395215302,-0.7218398305181921,0.6315175690220529,1.0,0.0,0.0,1.0,0.0,0.0,0
-0.22300742816936475,-0.3914461639518366,-1.3531317420043365,-0.7882135012516824,-1.0492254749278833,-0.07161178236944823,-0.2566237803996535,1.0,0.0,0.0,0.0,0.0,1.0,0
0.389930744328993,0.5571455648602751,0.6668811892865143,-1.1287520565298534,0.19246463776939599,1.2288443139280396,-0.5132884822967523,1.0,0.0,0.0,0.0,0.0,1.0,0
-0.5815269009557394,-1.2675264949474854,-1.3341644844335303,-0.19597253555051744,0.6731188749425363,-0.07161178236944823,-0.8310638275026834,0.0,0.0,1.0,0.0,0.0,1.0,0
-0.6147314578846402,0.10068037204843258,-0.3194162043954033,0.6923889130012321,-0.5485439778725287,-0.7218398305181921,-1.5182190611531172,1.0,0.0,0.0,1.0,0.0,0.0,0
0.25711251661338985,0.26234512783596053,-0.9927538481590205,-0.32922675283327957,2.195190625990814,-0.7218398305181921,-0.7577310555320839,1.0,0.0,0.0,0.0,0.0,1.0,1
-1.6992640808191428,-0.34508641780688365,0.33495418179740766,0.2630142128678868,-0.40835315869702943,-0.7218398305181921,-0.560818982648067,1.0,0.0,0.0,1.0,0.0,0.0,0
0.4146098069112841,0.37765013747853554,0.021994431879106657,-0.1811665114079873,3.176526360219309,1.2288443139280396,-0.1058841935711988,0.0,0.0,1.0,1.0,0.0,0.0,0
-0.5380020087651533,0.05550933734309273,-0.5090887801034647,0.38146240600812004,0.1724373778871818,-0.07161178236944823,-1.777599791641719,1.0,0.0,0.0,1.0,0.0,0.0,0
-0.11980407555251096,-0.15845872178745873,0.4582413560076473,0.8108371061414653,-0.42838041857924364,0.5786162657792957,1.60792984766763,0.0,0.0,1.0,0.0,1.0,0.0,0
0.5712096767516405,-0.7302289242418771,0.6479139317157087,-0.28480868040569174,-0.18805329999267345,0.5786162657792957,0.531024511136417,0.0,1.0,0.0,1.0,0.0,0.0,0
0.5725558074379473,-0.11328768708212056,-1.078106507227648,0.011311802444891415,0.6731188749425363,-0.07161178236944823,0.3110261952246176,1.0,0.0,0.0,0.0,0.0,1.0,0
0.0008989759863310783,-0.9465744062516573,1.4350551209041627,-0.8326315736792702,-0.04786248081717419,-0.7218398305181921,0.3164582524076249,0.0,0.0,1.0,0.0,0.0,1.0,0
-2.2372676451130893,-0.0158133490337572,-0.9168848178757959,0.6331648164311154,-1.249498073750025,-0.7218398305181921,0.08016376494680456,0.0,1.0,0.0,1.0,0.0,0.0,0
-0.22614839977074724,-0.1311183586763322,1.0557099694880399,1.6547804822656256,0.6931461348247505,0.5786162657792957,-1.6553785050240533,1.0,0.0,0.0,0.0,0.0,1.0,0
-1.628367864673652,0.04599964582617951,-1.9411167266993263,-0.09233036655281301,-0.9891436952812407,-1.372067878666936,-0.6056334544078776,0.0,1.0,0.0,1.0,0.0,0.0,0
-1.0867746185495541,-1.1320133908314691,-0.5849578103866888,1.8768708444035633,-0.588598497636957,-0.7218398305181921,0.12362022241086364,1.0,0.0,0.0,1.0,0.0,0.0,0
-0.21268709290767937,0.6653183058651665,-1.7609277797766683,0.38146240600812004,-0.42838041857924364,0.5786162657792957,-0.3014382521594641,0.0,1.0,0.0,1.0,0.0,0.0,0
-0.19070029169800182,-1.5647043548510295,0.37288869693901994,-0.5513171149712159,2.054999806815315,0.5786162657792957,0.3110261952246176,1.0,0.0,0.0,1.0,0.0,0.0,0
-2.2372676451130893,1.7672538103875077,-0.8315321588071685,-1.602544829090785,0.4327917563559662,-0.7218398305181921,-0.7618050984193396,1.0,0.0,0.0,0.0,0.0,1.0,0
-0.08345854702222767,0.08522712333344713,-0.4237361210348368,1.358659999415044,4.217943874094447,1.2288443139280396,0.5663328828259647,1.0,0.0,0.0,0.0,0.0,1.0,0
0.949921109832617,1.6911762782522004,2.6394759766503504,-1.1139460323873247,1.6744818690532455,1.2288443139280396,0.7700350271887415,0.0,0.0,1.0,0.0,0.0,1.0,1
-0.068651109472853,-0.10140057268597778,-0.18664540139976038,-0.5217050666861582,-0.007807961052745825,0.5786162657792957,0.7455907698652083,1.0,0.0,0.0,0.0,0.0,1.0,0
0.47608310825262745,0.6189585597202135,-0.2435471741121788,0.4110744542931777,1.954863507404244,-0.7218398305181921,-0.6246456545484036,0.0,1.0,0.0,0.0,0.0,1.0,0
-0.1507650813375671,-0.8205709936525551,-1.3057135980773213,0.7071949371437608,-1.0692527348100973,-0.07161178236944823,-1.0089637002461753,1.0,0.0,0.0,0.0,1.0,0.0,0
-0.1781364052924718,-0.6339432976331294,2.0799418783115704,0.8108371061414653,-0.6286530174013855,-1.372067878666936,-0.5160045108882554,0.0,1.0,0.0,0.0,0.0,1.0,0
1.43497686713183,0.16962563554605462,0.6194630453594993,0.011311802444891415,-0.8689801359879556,-1.372067878666936,-2.295003238323172,1.0,0.0,0.0,0.0,0.0,1.0,0
-2.022784155761541,0.9042493052276149,-0.5659905528158831,-0.8474375978217991,0.5129007958848228,1.2288443139280396,-1.4747626036890582,1.0,0.0,0.0,0.0,0.0,1.0,0
-1.2124134826048543,0.18507888426103838,-0.25303080289758206,-0.24039060797810394,-0.588598497636957,0.5786162657792957,-1.9554996643852112,1.0,0.0,0.0,0.0,0.0,1.0,0
-0.18531576895277468,-0.17510068194205727,0.5910121590032906,-2.3724580845023016,-1.12933451445674,0.5786162657792957,-0.42909159596013724,0.0,1.0,0.0,0.0,0.0,1.0,0
0.0892948910538102,-2.2196843580784407,0.5435940150762747,-2.091143625794247,1.2739366714089617,1.2288443139280396,-0.7183486409552805,0.0,1.0,0.0,0.0,0.0,1.0,0
-0.20595643947614542,-1.4755509968799663,-0.07284185597492401,0.8848672268541108,-1.3095798533966676,-0.7218398305181921,1.956939521675854,0.0,0.0,1.0,0.0,0.0,1.0,0
1.415233617065997,0.8448137332469061,-0.015940083262505608,-1.2323942255275566,-0.5685712377547429,1.8790723620767835,-1.5494533899554093,0.0,1.0,0.0,0.0,0.0,1.0,0
0.739924722768758,-0.7967967648602713,-2.4532326811110914,1.1661816855621638,0.7932824342358215,0.5786162657792957,-2.12389343705844,0.0,1.0,0.0,0.0,0.0,1.0,0
1.2532492244804134,-1.7453884936723838,0.6384303029303058,1.0625395165644607,0.5729825755314654,1.2288443139280396,-0.23625356596337602,1.0,0.0,0.0,1.0,0.0,0.0,0
1.051778331763164,0.2528354363190473,0.268568780299586,-0.8326315736792702,-0.6286530174013855,-1.372067878666936,-0.7373608410958065,1.0,0.0,0.0,0.0,1.0,0.0,0
0.5496715857707318,-1.3590572757977766,0.08837983337692834,0.21859614044029896,-0.2681623395215302,-0.7218398305181921,-0.44810379610066314,0.0,1.0,0.0,1.0,0.0,0.0,0
-0.47832354833888563,-0.7159643869665073,-0.20561265897056652,2.069349158256442,-1.469797932454381,0.5786162657792957,0.6478137405710757,0.0,0.0,1.0,1.0,0.0,0.0,0
0.9427417461723141,0.8127185243773238,0.0694125758061222,-0.46248097011604167,-0.027835220934960006,0.5786162657792957,-1.378343588690677,0.0,1.0,0.0,0.0,0.0,1.0,1
-0.43883704820721986,-0.341520283488041,-1.4669352874291732,0.6183587922885866,-0.22810781975710182,0.5786162657792957,-0.06921780758589856,0.0,1.0,0.0,1.0,0.0,0.0,0
-0.240507127091353,-0.7302289242418771,-0.8599830451633775,0.011311802444891415,0.6130370952958938,-0.7218398305181921,-0.5037823822264893,0.0,1.0,0.0,1.0,0.0,0.0,0
0.918511393818792,-0.05860696085986749,0.5246267575054689,0.3962684301506489,-0.6286530174013855,-0.7218398305181921,1.1326248441544844,0.0,0.0,1.0,0.0,0.0,1.0,0
-0.3517872638260475,-2.8187949236439858,-0.8030812724509595,-0.1663604872654585,-0.9691164353990265,-0.07161178236944823,0.46040776775732073,0.0,1.0,0.0,0.0,0.0,1.0,0
0.5348641482213572,-0.9917454409569963,-0.09180911354573014,0.1297599955851247,0.2525464174160385,-1.372067878666936,-0.9682232713736204,1.0,0.0,0.0,0.0,0.0,1.0,0
1.400874889745391,-0.5210157108697823,0.9039719089215908,-0.018300245840167557,-0.9691164353990265,-1.372067878666936,-0.36933896694705637,1.0,0.0,0.0,1.0,0.0,0.0,0
0.3482006930534825,1.096820558445112,2.3265162267320494,0.6183587922885866,1.7746181684643163,-0.07161178236944823,0.4183093245890132,0.0,0.0,1.0,1.0,0.0,0.0,0
0.14583237987869532,0.6926586689762914,0.8186192498529634,0.15937204387018233,-1.1493617743389541,0.5786162657792957,0.6220114689517899,1.0,0.0,0.0,0.0,0.0,1.0,0
-0.69864027066443,0.8364927531696077,-1.040171992086036,0.2630142128678868,-0.14799878022824509,0.5786162657792957,1.1787973302100465,0.0,1.0,0.0,1.0,0.0,0.0,0
0.020642226052163978,2.5315952660594223,0.07889620459152506,-0.7882135012516824,-0.18805329999267345,0.5786162657792957,-0.30415428075096823,0.0,1.0,0.0,0.0,0.0,1.0,0
-2.1681662698826742,1.4653211047255061,-0.053874598404117874,-0.7882135012516824,0.8934187336468923,-1.372067878666936,0.0326332645954898,0.0,0.0,1.0,1.0,0.0,0.0,0
-0.9072905270419823,-0.11328768708212056,0.8281028786383671,-0.5513171149712159,1.8146726882287447,-0.7218398305181921,0.09102787931281908,1.0,0.0,0.0,0.0,0.0,1.0,0
-0.609795645368182,-0.6291884518746728,-0.044390969618714596,0.7664190337138775,0.032246558711682534,1.8790723620767835,-0.6477318975761842,1.0,0.0,0.0,1.0,0.0,0.0,0
1.6409348621367685,-0.7112095412080507,1.7100803556808513,-0.24039060797810394,0.2525464174160385,0.5786162657792957,2.4797750255403144,0.0,0.0,1.0,0.0,0.0,1.0,0
-1.0795952548892511,0.12683202371994434,-0.16767814382895427,0.2630142128678868,-0.5285167179903145,-0.7218398305181921,-1.5711816186874392,1.0,0.0,0.0,0.0,0.0,1.0,0
1.1832504287924603,-1.1058617391599574,0.42030684086603504,0.011311802444891415,1.954863507404244,-0.7218398305181921,2.42545445371024,0.0,1.0,0.0,0.0,0.0,1.0,0
-0.851201748445866,-0.08475861253137924,-0.5565069240304797,0.3962684301506489,0.8133096941180356,0.5786162657792957,-0.29600619497645686,0.0,1.0,0.0,0.0,1.0,0.0,0
-1.3833720797658164,0.3098935854205266,-0.12025999990193913,-0.5365110908286871,-0.7688438365768847,-1.372067878666936,1.1421309442247471,1.0,0.0,0.0,1.0,0.0,0.0,0
-0.5599888099748308,1.168143244821962,-2.130789302407387,0.4554925267207655,1.3340184510556043,-0.7218398305181921,-0.645015868984681,0.0,1.0,0.0,1.0,0.0,0.0,0
0.065064538700288,-0.35459610932379687,-0.2435471741121788,0.15937204387018233,-0.42838041857924364,-0.7218398305181921,0.8732441136658814,0.0,1.0,0.0,0.0,0.0,1.0,0
0.7758215410702723,-0.49010921343981306,2.250647196448826,2.11376723068403,-0.9691164353990265,0.5786162657792957,-0.47933812490295613,1.0,0.0,0.0,0.0,0.0,1.0,0
-0.3670434116041911,0.5321826246283782,-0.8315321588071685,0.8996732509966395,0.9935550330579632,-1.372067878666936,0.7048503409926524,1.0,0.0,0.0,0.0,0.0,1.0,0
-0.48415678131288176,-0.27138630855080587,-0.18664540139976038,2.3062455445369086,0.6530916150603221,1.2288443139280396,0.1059660365660893,1.0,0.0,0.0,1.0,0.0,0.0,0
1.8531748003444721,0.6249021169182841,-0.006456454477102331,-0.8178255495367415,0.8934187336468923,-0.07161178236944823,-1.185505558693915,0.0,1.0,0.0,0.0,0.0,1.0,0
-0.21403322359398616,-0.25355563695659256,-0.4521870073910463,1.3734660235575726,1.0536368127046059,0.5786162657792957,0.009547021567708204,0.0,1.0,0.0,1.0,0.0,0.0,0
0.2647405905024616,0.48225674416458253,0.46772498479305014,-2.0319195292241305,0.09232833835832507,-0.07161178236944823,-0.6260036688441551,1.0,0.0,0.0,0.0,0.0,1.0,0
-0.16332896774309713,0.00796087975852667,-0.23406354532677592,-0.19597253555051744,0.032246558711682534,1.8790723620767835,-1.5861197759407095,1.0,0.0,0.0,0.0,1.0,0.0,0
0.3158935565821196,0.053131914463864845,-1.3246808556481275,-2.0615315775091894,-0.5084894581081003,-0.07161178236944823,-0.020329292938832226,0.0,1.0,0.0,0.0,0.0,1.0,0
0.021988356738470764,0.6451102113917253,0.05992894702071892,0.44068650257823666,1.0135822929401774,0.5786162657792957,0.5364565683194243,1.0,0.0,0.0,1.0,0.0,0.0,0
0.44601952292510916,0.27542095367171643,2.193745423736407,0.6775828888587019,-0.40835315869702943,-0.7218398305181921,1.9121250499160425,0.0,0.0,1.0,0.0,0.0,1.0,1
-1.768365456049558,2.1286220880302182,1.3971206057625503,0.8256431302839942,-1.3296071132788818,-0.07161178236944823,1.3281789027427495,0.0,0.0,1.0,0.0,0.0,1.0,0
-1.6965718194465294,0.16487078978759717,0.003027174308300525,0.35185035772306106,0.29260093718046687,-0.7218398305181921,0.01090503586345978,1.0,0.0,0.0,0.0,1.0,0.0,0
0.9427417461723141,0.1815127499421957,1.0082918255610247,0.2630142128678868,-1.1493617743389541,-0.7218398305181921,0.5065802538128839,0.0,1.0,0.0,0.0,0.0,1.0,0
1.1944681845116836,2.642145429943542,1.6152440678268203,-0.32922675283327957,-1.1093072545745257,-0.7218398305181921,-0.28378406631468983,0.0,0.0,1.0,1.0,0.0,0.0,0
-1.1720295620156507,-0.1846103734589705,-0.39528523467862786,-1.2620062738126154,-0.16802604011045927,-1.372067878666936,0.7659609843014858,0.0,1.0,0.0,0.0,0.0,1.0,0
-0.4361447868346063,-0.833646819488311,-0.4616706361764491,2.069349158256442,-0.10794426046381674,-0.07161178236944823,0.39386506726548004,1.0,0.0,0.0,0.0,0.0,1.0,0
-0.45992642895935953,0.3978582319519767,-0.7366958709531378,1.284629878702397,1.4942365301133178,-0.07161178236944823,-0.15748873680976827,1.0,0.0,0.0,1.0,0.0,0.0,0
0.8628713254514446,-0.04434242358449683,0.6573975605011115,-1.1731701289574412,1.3540457109378186,-0.07161178236944823,-0.2484756946251421,1.0,0.0,0.0,1.0,0.0,0.0,1
-0.6169750090284849,-2.343310347798315,-1.040171992086036,-0.5957351873988037,-1.2094435539855968,0.5786162657792957,-1.9256233498786706,1.0,0.0,0.0,0.0,0.0,1.0,0
-0.4514009346127499,-0.08713603541060712,-0.17716177261435753,0.24820818872535794,-0.588598497636957,-0.07161178236944823,-0.7414348839830621,0.0,1.0,0.0,0.0,0.0,1.0,0
-0.18082866666508537,0.17913532706296784,-0.006456454477102331,-0.2700026562631629,-0.20808055987488763,-0.07161178236944823,0.9384287998619705,0.0,0.0,1.0,0.0,0.0,1.0,0
-1.7755448197098609,-0.9608389435270279,-1.1444919087254695,1.595556385695509,-0.808898356341313,1.2288443139280396,-2.053276693679344,0.0,1.0,0.0,0.0,0.0,1.0,0
-0.2773013658504052,-0.6125464917200734,-1.1350082799400663,-1.4396785635229654,-1.3896888929255242,3.179528458374271,-0.8229157417281731,0.0,1.0,0.0,0.0,1.0,0.0,0
-0.4527470652990567,-0.4116542584252778,1.5962768102560145,0.55913469571847,1.414127490584461,-0.07161178236944823,1.3838574888685748,1.0,0.0,0.0,0.0,1.0,0.0,0
-0.5110793950390174,-0.7444934615172478,-0.1581945150435514,2.098961206541501,-1.4898251923365953,0.5786162657792957,0.6559618263455861,0.0,0.0,1.0,1.0,0.0,0.0,0
0.3782642783810008,1.4819630648801048,0.2780524090849897,-0.2700026562631629,-0.2681623395215302,-0.7218398305181921,-0.623287640252651,1.0,0.0,0.0,0.0,0.0,1.0,0
-0.42537574134415196,-0.5531109197393645,-0.3099325756100005,-0.018300245840167557,-0.10794426046381674,-1.372067878666936,0.4590497534615691,1.0,0.0,0.0,0.0,0.0,1.0,0
1.192673343596608,0.7639813553531429,-0.9832702193736176,0.026117826587420245,0.973527773175749,0.5786162657792957,-1.8278463205845379,1.0,0.0,0.0,1.0,0.0,0.0,0
1.4892708048128702,-1.9474694384067943,0.7806847347113511,0.21859614044029896,1.2138548917623193,-0.7218398305181921,-0.782175312855617,1.0,0.0,0.0,0.0,0.0,1.0,0
1.3537603157246536,-0.25949919415466305,-0.3194162043954033,1.447496144270218,2.435517744577384,-0.7218398305181921,1.0606500864796364,1.0,0.0,0.0,1.0,0.0,0.0,0
-0.14717539950741565,-0.8277032622902396,-1.3341644844335303,0.7220009612862897,-1.029198215045669,-0.07161178236944823,-1.0076056859504239,1.0,0.0,0.0,0.0,1.0,0.0,0
0.09647425471411307,-0.23572496536237922,1.729047613251657,0.5739407198609988,1.2138548917623193,0.5786162657792957,-1.1773574729194045,1.0,0.0,0.0,0.0,0.0,1.0,0
-1.5821507111104522,-1.2128457687252332,2.0609746207407644,0.3074322852954733,-0.04786248081717419,-0.7218398305181921,-0.08958802202217604,0.0,0.0,1.0,1.0,0.0,0.0,0
-2.202716957497882,-2.179268169131559,-0.727212242167735,-0.03310626998269639,0.47284627612039454,-0.7218398305181921,-0.9424209997543347,1.0,0.0,0.0,0.0,0.0,1.0,0
-0.1781364052924718,-1.0488035900584765,-1.4479680298583673,0.6775828888587019,0.853364213882464,1.2288443139280396,-0.9967415715844083,0.0,1.0,0.0,0.0,0.0,1.0,1
-1.100235925412622,-1.684764210252061,-1.0212047345152298,-0.46248097011604167,1.4742092702311036,-1.372067878666936,0.07473170776379633,0.0,1.0,0.0,0.0,0.0,1.0,0
0.8206925639471653,-0.9786696151212405,0.5341103862908718,-0.37364482526086734,0.5129007958848228,0.5786162657792957,-0.8378538989814432,0.0,1.0,0.0,0.0,0.0,1.0,0
2.6648916041874657,0.9541751856914106,0.9893245679902191,-1.7506050705160774,-0.7287893168124563,-0.07161178236944823,-0.4969923107477295,0.0,1.0,0.0,0.0,1.0,0.0,0
-0.7650493845222316,1.5378325025419708,-0.006456454477102331,-0.9066616943919157,-0.36829863893260106,-0.07161178236944823,-0.6164975687738922,0.0,1.0,0.0,0.0,0.0,1.0,0
0.6093500461969995,0.18626759570065318,-0.16767814382895427,-1.025109887532149,0.41276449647375196,1.8790723620767835,-1.3362451455223696,0.0,1.0,0.0,0.0,0.0,1.0,0
0.5415948016528912,0.5048422615172516,0.2590851515141831,0.8108371061414653,-0.6286530174013855,0.5786162657792957,0.14263242255138858,1.0,0.0,0.0,1.0,0.0,0.0,0
0.2440999199790909,1.26680629430994,1.1600298861274738,-0.09233036655281301,0.8934187336468923,0.5786162657792957,-0.03255142160059929,0.0,0.0,1.0,0.0,0.0,1.0,0
0.6497339667862032,-1.7762949911023531,1.823883901105688,0.55913469571847,0.2725736772982527,-1.372067878666936,-0.18464902272480557,1.0,0.0,0.0,0.0,0.0,1.0,0
1.1208797069935792,2.2403609633539507,0.8091356210675605,-0.32922675283327957,-0.588598497636957,1.2288443139280396,2.163357694630134,0.0,1.0,0.0,0.0,0.0,1.0,1
-0.20505901901860757,1.8266893823682167,1.0746772270588465,-0.07752434241028419,-1.0892799946923115,3.829756506523015,1.7070648912575141,0.0,0.0,1.0,1.0,0.0,0.0,0
-2.2372676451130893,-0.2511782140773646,-0.7935976436655562,1.3734660235575726,-0.40835315869702943,-0.07161178236944823,-0.6966204122232514,1.0,0.0,0.0,1.0,0.0,0.0,0
0.0771797148770491,-0.5186382879905544,-0.16767814382895427,-0.8178255495367415,0.29260093718046687,0.5786162657792957,1.7803976632281138,1.0,0.0,0.0,0.0,0.0,1.0,0
0.9858179281341314,2.417478967856462,1.7669821283932692,1.417884095985159,-0.22810781975710182,-0.07161178236944823,0.8447258134550926,0.0,0.0,1.0,0.0,0.0,1.0,0
-0.8170997710594274,-1.097540759082658,0.894488280136188,-0.47728699425857046,-0.6687075371658138,1.2288443139280396,-0.08279795054341721,0.0,1.0,0.0,0.0,0.0,1.0,0
1.0401118658151718,1.3357515578075623,-0.5090887801034647,0.011311802444891415,0.41276449647375196,1.8790723620767835,1.5862016189355999,0.0,0.0,1.0,1.0,0.0,0.0,0
2.2098994322157712,-1.1034843162807286,0.9039719089215908,-0.9806918151045612,-0.7888710964590989,-0.07161178236944823,1.1136126440139584,1.0,0.0,0.0,0.0,0.0,1.0,0
1.613114827953095,0.44897282385538545,0.13579797730394347,0.21859614044029896,0.21249189765161017,-0.07161178236944823,-0.6192135973653963,1.0,0.0,0.0,1.0,0.0,0.0,0
-0.8184459017457342,-0.7730225360679874,1.7385312420370607,-0.1811665114079873,0.13238285812275344,-0.7218398305181921,-1.3321711026351148,0.0,1.0,0.0,0.0,0.0,1.0,0
0.4226865910291248,0.5214842216718502,-0.13922725747274525,0.9144792751391684,1.514263789995532,-0.07161178236944823,-1.094518600878542,0.0,1.0,0.0,0.0,0.0,1.0,0
-1.3393984773464613,1.7648763875082798,-0.03490734083331174,-0.5513171149712159,-0.20808055987488763,-0.7218398305181921,-0.8161256702494132,1.0,0.0,0.0,0.0,0.0,1.0,0
-0.5537068667720658,-0.8835726999521059,-0.9643029618028114,0.24820818872535794,-0.7087620569302422,-0.07161178236944823,-0.6341517546186665,0.0,1.0,0.0,0.0,0.0,1.0,0
-0.06102303558378119,0.3550646201258665,0.38237232572442276,0.04092385072994907,-1.0492254749278833,-0.07161178236944823,1.3078086883064721,0.0,0.0,1.0,0.0,1.0,0.0,0
1.0015227861410438,0.6593747486670942,-0.3763179771078217,0.5739407198609988,0.5729825755314654,2.5293004102255274,1.2290438591528645,0.0,0.0,1.0,0.0,0.0,1.0,0
-1.380679818393203,1.7577441188705947,-0.006456454477102331,-0.5068990425436295,-0.18805329999267345,-0.7218398305181921,-0.7509409840533251,1.0,0.0,0.0,0.0,0.0,1.0,0
-0.08659951862361018,-1.8333531402038332,0.012510803093703803,1.417884095985159,1.4541820103488894,-1.372067878666936,-0.037983478783606556,1.0,0.0,0.0,1.0,0.0,0.0,0
0.7161430806440048,0.2825532223094018,1.0936444846296522,-2.239203867219539,-0.9891436952812407,-0.07161178236944823,0.49300011085536527,0.0,1.0,0.0,0.0,0.0,1.0,0
-0.6779996001410593,0.8483798675657488,2.0514909919553608,0.0557298748724779,0.1724373778871818,-0.7218398305181921,-0.06514376469864287,1.0,0.0,0.0,0.0,0.0,1.0,0
-0.6748586285396768,0.34555492860895326,1.4540223784749682,0.8108371061414653,1.6544546091710313,-0.07161178236944823,0.2594216519860481,0.0,0.0,1.0,0.0,0.0,1.0,0
-0.8431249643280253,0.14466269531415596,0.4297904696514379,0.4554925267207655,-1.3696616330433102,-0.07161178236944823,-0.729212755321295,0.0,1.0,0.0,0.0,0.0,1.0,0
-1.2128621928336232,-0.27019759711119107,0.6384303029303058,-0.3588388011183372,-1.349634373161096,-0.7218398305181921,-1.4353801891122548,0.0,1.0,0.0,0.0,0.0,1.0,0
0.23467700517494336,-0.8716855855559648,1.30228431790852,-1.1583641048149111,-1.0892799946923115,-0.07161178236944823,0.21189115163473335,1.0,0.0,0.0,0.0,1.0,0.0,1
-1.2815148578352695,0.4691809183288267,-0.07284185597492401,-0.2996147045482206,-0.06788974069938837,0.5786162657792957,-0.9532851141203492,1.0,0.0,0.0,0.0,0.0,1.0,0
-0.46934934376350707,-1.1498440624256816,-0.14871088625814813,0.10014794730006571,-0.42838041857924364,0.5786162657792957,-0.29600619497645686,1.0,0.0,0.0,0.0,0.0,1.0,0
0.9023578255831105,0.5250503559906928,-0.2814816892537911,0.8256431302839942,0.19246463776939599,-1.372067878666936,-0.7278547410255435,0.0,1.0,0.0,0.0,0.0,1.0,0
-1.3210013579669353,-1.8072014885323215,0.09786346216233119,0.4110744542931777,-0.468434938343672,0.5786162657792957,-0.6585960119421996,0.0,1.0,0.0,1.0,0.0,0.0,0
1.2981202473573064,-1.757275608068526,0.6194630453594993,1.0773455407069894,0.5729825755314654,1.2288443139280396,-0.24711768032939055,1.0,0.0,0.0,1.0,0.0,0.0,0
0.7183866317878493,-0.22740398528508077,1.5488586663289994,0.2630142128678868,2.535654043988455,1.2288443139280396,0.5989252259240093,0.0,0.0,1.0,0.0,0.0,1.0,1
0.021539646509701835,-1.145089216667225,1.2738334315523105,0.0557298748724779,-0.8489528761057414,-1.372067878666936,-0.39785726715784525,1.0,0.0,0.0,0.0,1.0,0.0,0
0.08301294785104518,-1.9462807269671802,0.9893245679902191,0.4702985508632943,0.5729825755314654,0.5786162657792957,0.4454696105040505,1.0,0.0,0.0,0.0,0.0,1.0,0
0.7556295807756706,-0.08713603541060712,1.4919568936165806,-1.4692906118080231,0.6130370952958938,0.5786162657792957,2.7310076702544053,0.0,0.0,1.0,0.0,0.0,1.0,0
-1.736955740035733,0.9553638971310253,-1.2393281965795002,2.0397371099713846,-0.3883258988148153,0.5786162657792957,0.20917512304322924,1.0,0.0,0.0,1.0,0.0,0.0,0
-0.04711301849194438,0.5202955102322371,0.4961758711492596,0.35185035772306106,0.012219298829468357,-0.07161178236944823,-0.7047684979977619,0.0,0.0,1.0,0.0,1.0,0.0,0
-0.46755450284843136,1.212125568087687,0.3254705530120048,-0.3144207286907507,1.3540457109378186,-0.07161178236944823,-0.7455089268703178,1.0,0.0,0.0,0.0,1.0,0.0,0
1.1168413149346588,-0.009869791835686655,0.6194630453594993,0.5739407198609988,0.35268271682710944,0.5786162657792957,0.7157144553586678,1.0,0.0,0.0,0.0,0.0,1.0,0
0.41505851714005304,0.6403553656332679,-0.14871088625814813,-1.4544845876654942,-0.5285167179903145,-0.7218398305181921,1.545461190063045,1.0,0.0,0.0,0.0,0.0,1.0,0
-1.7643270639906377,0.40736792346888995,-2.9084468628104383,0.8404491544265229,-0.7688438365768847,-0.07161178236944823,0.7089243838799081,1.0,0.0,0.0,1.0,0.0,0.0,0
0.17185757314729322,0.009149591198139767,1.1695135149128766,-0.7734074771091536,0.29260093718046687,0.5786162657792957,-0.1289704365989804,0.0,1.0,0.0,1.0,0.0,0.0,0
0.7318479386509172,-1.2699039178267133,1.1220953709858617,-1.4989026600930822,-0.7488165766946705,-0.07161178236944823,1.6350901335826662,0.0,0.0,1.0,0.0,0.0,1.0,0
1.1495971616347906,1.0944431355658841,1.0272590831318313,0.6479708405736442,0.33265545694489523,-0.7218398305181921,-0.6192135973653963,0.0,1.0,0.0,1.0,0.0,0.0,0
0.5967861597914694,1.0338188521455607,1.4445387496895654,0.3370443335805322,-0.468434938343672,-0.07161178236944823,0.2689277520563111,0.0,0.0,1.0,0.0,0.0,1.0,0
-1.0544674820781912,0.12802073515955742,-0.14871088625814813,0.29262626115294443,-0.468434938343672,-0.7218398305181921,-1.5820457330534536,1.0,0.0,0.0,0.0,0.0,1.0,0
1.013637962317805,-1.1379569480295397,0.46772498479305014,-0.3588388011183372,-1.0692527348100973,1.8790723620767835,-0.8935324851072683,1.0,0.0,0.0,1.0,0.0,0.0,1
-0.5478736337980697,-0.013435926154529319,0.733266590784336,0.011311802444891415,1.0336095528223916,0.5786162657792957,0.06658362198928591,1.0,0.0,0.0,0.0,0.0,1.0,0
-1.2308106019843805,1.130104478754309,0.9134555377069945,-0.03310626998269639,-0.1279715203460309,-0.7218398305181921,-0.13983455096499492,1.0,0.0,0.0,0.0,0.0,1.0,0
-0.2647374794448752,0.13871913811608544,0.5720449014324841,-0.06271831826775535,-0.22810781975710182,-0.7218398305181921,1.6242260192166518,0.0,1.0,0.0,0.0,1.0,0.0,0
0.6582594611328129,-0.9394421376139729,0.17373249244555572,0.4110744542931777,-0.8489528761057414,-1.372067878666936,1.1448469728162505,1.0,0.0,0.0,0.0,0.0,1.0,0
-0.667230554650605,-1.0357277642227205,-0.33838346196620944,-0.41806289768845384,1.5543183097599602,0.5786162657792957,-0.9668652570778679,0.0,1.0,0.0,0.0,0.0,1.0,0
0.2427537892927841,0.005583456879297101,-1.2867463405065154,0.4702985508632943,-1.1093072545745257,1.2288443139280396,1.2100316590123394,0.0,0.0,1.0,1.0,0.0,0.0,0
0.061026146641367636,-0.8716855855559648,0.7901683634967549,-0.06271831826775535,0.9134459935291065,-0.07161178236944823,-0.601559411520622,1.0,0.0,0.0,0.0,0.0,1.0,0
-0.5828730316420462,-0.01819077191298508,0.11683071973313733,-1.1583641048149111,-0.16802604011045927,-0.07161178236944823,-0.592053311450359,1.0,0.0,0.0,0.0,0.0,1.0,0
-0.17903382575000965,1.0801785982905134,0.41082321208063216,1.5659443374104514,2.8360629422216683,-0.7218398305181921,-1.447602317774021,1.0,0.0,0.0,0.0,0.0,1.0,0
1.0275479794096418,0.6462989228313384,-0.3194162043954033,0.6035527681460564,0.5529553156492513,2.5293004102255274,1.2507720878848945,0.0,0.0,1.0,0.0,0.0,1.0,0
-0.20909741107752794,2.2296625603974225,-0.6039250679574949,0.08534192315753687,-0.4484076784614578,0.5786162657792957,0.48892606796810956,0.0,0.0,1.0,0.0,0.0,1.0,0
-0.07583047313315587,0.9934026631986782,0.38237232572442276,0.07053589901500805,0.21249189765161017,0.5786162657792957,-0.031193407304846755,1.0,0.0,0.0,0.0,0.0,1.0,0
-0.03320300140010757,-1.363812121556234,1.30228431790852,0.07053589901500805,1.293963931291176,-1.372067878666936,0.05436149332751885,1.0,0.0,0.0,1.0,0.0,0.0,0
-1.1693373006430372,0.9161364196237577,-1.3626153707897397,-0.3144207286907507,-0.8890073958701697,-1.372067878666936,0.30831016663311445,1.0,0.0,0.0,1.0,0.0,0.0,0
-0.04038236506041044,0.5488245847829767,0.39185595450982563,1.5659443374104514,0.3727099767093236,-0.7218398305181921,-0.012181207164320848,0.0,0.0,1.0,0.0,0.0,1.0,0
0.0035912373589446554,0.9494203399329548,0.47720861357845384,0.9440913234242274,-0.7888710964590989,-0.07161178236944823,0.2376934232540181,1.0,0.0,0.0,1.0,0.0,0.0,0
0.3096116133793546,0.2231176503286929,-0.9832702193736176,-0.34403277697580836,2.1551361062263856,-0.7218398305181921,-0.7726692127853542,1.0,0.0,0.0,0.0,0.0,1.0,1
-0.6003727305640345,-1.6479141556240222,0.031478060664509935,-0.41806289768845384,0.7332006545891788,0.5786162657792957,-0.5214365680712626,0.0,1.0,0.0,0.0,0.0,1.0,0
-0.4545419062141324,0.6926586689762914,0.9893245679902191,0.011311802444891415,-1.1693890342211684,-1.372067878666936,-0.12353837941597216,0.0,1.0,0.0,0.0,1.0,0.0,0
-0.3544795251986611,0.7509055295173871,-0.39528523467862786,0.9292852992816986,0.7732551743536072,-0.7218398305181921,0.32460633818213624,1.0,0.0,0.0,1.0,0.0,0.0,0
-0.3100572125505371,1.2299562396819004,0.7712011059259483,1.5067202408403346,0.8934187336468923,1.2288443139280396,0.9071944710596775,0.0,0.0,1.0,0.0,0.0,1.0,0
0.2647405905024616,-0.07643763245408082,0.17373249244555572,-0.06271831826775535,-1.4297434126899526,-0.07161178236944823,0.7306526126119381,0.0,1.0,0.0,0.0,0.0,1.0,0
-0.3724279343494183,1.0766124639716708,-0.08232548476032686,0.3370443335805322,1.0536368127046059,1.8790723620767835,2.687551212790347,0.0,0.0,1.0,0.0,1.0,0.0,0
1.3012612189586887,0.18983373001949583,-0.18664540139976038,1.6399744581230968,-0.5685712377547429,-0.07161178236944823,-0.5988433829291179,1.0,0.0,0.0,0.0,1.0,0.0,0
-1.378884977478127,-0.019379483352599865,0.0694125758061222,-0.34403277697580836,-0.808898356341313,-1.372067878666936,0.43188946754653185,0.0,1.0,0.0,0.0,0.0,1.0,0
0.9579978939504578,0.4049905005896621,1.2169316588398917,-1.3212303703827322,1.854727207993173,-0.07161178236944823,-0.05971170751563561,0.0,1.0,0.0,0.0,0.0,1.0,0
0.8458203367582253,0.4014243662708194,-0.3099325756100005,0.8108371061414653,0.19246463776939599,-1.372067878666936,-0.7455089268703178,0.0,1.0,0.0,0.0,0.0,1.0,0
-1.0979923742687774,-0.19293135353626892,-0.4237361210348368,-1.18797615309997,-0.10794426046381674,-1.372067878666936,0.7659609843014858,0.0,1.0,0.0,0.0,0.0,1.0,0
-1.0890181696933987,0.10305779492766047,-0.1581945150435514,0.3074322852954733,-0.5084894581081003,-0.7218398305181921,-1.5480953756596576,1.0,0.0,0.0,0.0,0.0,1.0,0
0.1835240390952854,0.03411253143003842,1.1600298861274738,-0.743795428824096,0.3126281970626811,0.5786162657792957,-0.14526660814800219,0.0,1.0,0.0,1.0,0.0,0.0,0
-0.8404327029554117,-0.6767369094592397,-3.2214066127287393,-0.41806289768845384,-0.2681623395215302,2.5293004102255274,0.5228764253619057,1.0,0.0,0.0,0.0,1.0,0.0,0
-1.2388873861022212,1.4510565674501372,-1.4479680298583673,0.8996732509966395,1.5743455696421744,0.5786162657792957,0.15213852262165153,0.0,0.0,1.0,0.0,0.0,1.0,0
-0.16512380865817283,0.10305779492766047,0.003027174308300525,0.011311802444891415,-1.1493617743389541,1.8790723620767835,-0.3544008096937862,0.0,1.0,0.0,0.0,1.0,0.0,0
0.5092876651815282,-0.6220561832369866,1.0841608558442493,-1.4100665152379064,-1.3095798533966676,0.5786162657792957,0.7985533273995303,0.0,0.0,1.0,1.0,0.0,0.0,0
-0.10634276868944308,-0.4282962185798764,-0.5849578103866888,-1.2175882013850277,0.6530916150603221,0.5786162657792957,-0.520078553775511,0.0,1.0,0.0,0.0,0.0,1.0,0
1.9397758744968756,-0.1418167616328602,-0.622892325528301,0.48510457500582316,-0.04786248081717419,-0.07161178236944823,1.0362058291561032,1.0,0.0,0.0,1.0,0.0,0.0,0
1.0176763543767253,0.9969687975175209,-0.47115426496185236,-0.19597253555051744,1.6144000894066028,-0.07161178236944823,-1.2615543592560186,1.0,0.0,0.0,1.0,0.0,0.0,0
-2.2372676451130893,0.5619004106187326,-1.741960522205862,1.0329274682794016,-0.3883258988148153,-0.07161178236944823,-0.31230236652547866,1.0,0.0,0.0,1.0,0.0,0.0,0
0.8180003025745517,-0.15251516458938819,-0.6987613558115255,2.6171720515300207,-0.5685712377547429,-0.07161178236944823,-0.7767432556726098,1.0,0.0,0.0,1.0,0.0,0.0,0
1.121328417222348,-0.41997523850257795,0.5530776438616783,-2.1947857947919513,-0.10794426046381674,2.5293004102255274,-0.26748789476566803,0.0,1.0,0.0,0.0,1.0,0.0,1
0.6806949725712593,2.936945866967858,0.9419064240632031,0.3074322852954733,2.9962810212793816,-0.07161178236944823,-0.37477102413006363,1.0,0.0,0.0,0.0,0.0,1.0,0
0.0498083909221444,1.4867179106385622,0.7617174771405454,-1.336036394525261,0.012219298829468357,1.2288443139280396,-0.016255250051576537,0.0,0.0,1.0,1.0,0.0,0.0,0
0.7381298818536822,-0.27376373143003374,0.40133958329522934,0.2778202370104156,-0.5084894581081003,0.5786162657792957,-0.4385976960304002,1.0,0.0,0.0,1.0,0.0,0.0,0
1.1558791048375556,-0.9620276549666419,0.1832161212309586,0.011311802444891415,-1.3095798533966676,0.5786162657792957,0.4590497534615691,0.0,1.0,0.0,0.0,1.0,0.0,0
1.0019714963698128,-0.6173013374785309,-0.07284185597492401,-0.12194241483787067,-0.808898356341313,-0.07161178236944823,-0.361190881172545,1.0,0.0,0.0,1.0,0.0,0.0,0
-0.406081201507088,0.39904694339158986,0.8186192498529634,0.662776864716173,-0.36829863893260106,-1.372067878666936,-0.9301988710925686,1.0,0.0,0.0,1.0,0.0,0.0,0
-0.5707578554652851,-1.2592055148701862,-1.3057135980773213,-0.19597253555051744,0.6931461348247505,-0.07161178236944823,-0.8079775844749028,0.0,0.0,1.0,0.0,0.0,1.0,0
1.4879246741265635,-1.5112123400683912,0.5341103862908718,-0.34403277697580836,0.19246463776939599,-1.372067878666936,0.45090166768705775,1.0,0.0,0.0,0.0,1.0,0.0,1
-0.705370924095964,-0.9002146601067044,0.44875772722224444,0.7960310819989351,-0.3482713790503869,-0.07161178236944823,0.403371167335743,1.0,0.0,0.0,0.0,1.0,0.0,0
-0.6838328331150554,-0.4841656562417425,0.4961758711492596,0.9588973475667563,0.4327917563559662,1.8790723620767835,0.7007762981053977,0.0,0.0,1.0,1.0,0.0,0.0,0
-0.418645087912618,0.42876472938194427,-0.129743628687342,0.7516130095713487,0.4528190162381803,-1.372067878666936,0.3952230815612326,1.0,0.0,0.0,0.0,0.0,1.0,0
0.9351136722832424,-0.7956080534206573,-1.2013936814378878,-1.2472002496700867,-1.0892799946923115,-0.7218398305181921,-0.03255142160059929,0.0,1.0,0.0,1.0,0.0,0.0,0
0.9279343086229395,-0.16559099042514408,-0.9737865905882143,0.011311802444891415,0.21249189765161017,-0.7218398305181921,-2.1890781232545287,0.0,1.0,0.0,0.0,0.0,1.0,0
1.9352887722091863,-0.8241371279713969,-1.1634591662962757,0.011311802444891415,-0.7488165766946705,0.5786162657792957,-0.7156326123637764,1.0,0.0,0.0,1.0,0.0,0.0,0
0.7094124272124708,-1.3483588728412492,0.5056594999346624,-1.3952604910953776,0.9334732534113207,1.8790723620767835,-0.06106972181138815,0.0,0.0,1.0,0.0,0.0,1.0,0
0.18711372092543682,0.12207717796148689,0.07889620459152506,-0.3884508494033962,-0.808898356341313,1.2288443139280396,-1.4340221748165032,0.0,1.0,0.0,1.0,0.0,0.0,0
1.6997159021054982,-1.4339460964934698,-0.18664540139976038,-2.0023074809390726,-0.808898356341313,-0.07161178236944823,1.4626223180221825,0.0,1.0,0.0,1.0,0.0,0.0,0
0.09064102174011698,1.8112361336532328,2.1652945373801975,-1.8986653119413683,-0.7688438365768847,-0.07161178236944823,-0.9356309282755759,0.0,1.0,0.0,0.0,0.0,1.0,1
-0.3652485706891154,0.028168974231967875,1.5393750375435964,-1.202782177242499,-0.22810781975710182,-0.07161178236944823,0.9425028427492252,0.0,1.0,0.0,1.0,0.0,0.0,0
-1.5749713474501494,-0.22027171664739545,0.2590851515141831,-0.1811665114079873,-0.6486802772835996,-0.7218398305181921,2.1647157089258857,0.0,0.0,1.0,0.0,1.0,0.0,0
-0.06281787649885691,-1.3590572757977766,1.2548661739815041,2.2914395203943796,-1.2895525935144534,0.5786162657792957,0.33139640966089506,0.0,1.0,0.0,0.0,0.0,1.0,0
-0.3858892412124862,-0.22264913952662332,-1.1350082799400663,0.17417806801271116,-1.009170955163455,-0.7218398305181921,1.0783042723244096,1.0,0.0,0.0,0.0,0.0,1.0,0
-1.2541435338803648,-0.2939718259034749,-0.48063789374725524,0.3370443335805322,0.9134459935291065,-0.7218398305181921,0.5894191258537463,1.0,0.0,0.0,0.0,0.0,1.0,0
-0.7542803390317773,-0.043153712144883734,-0.8410157875925713,-0.003494221697638729,-0.14799878022824509,-0.7218398305181921,-1.032049943273957,1.0,0.0,0.0,0.0,0.0,1.0,0
-1.2240799485528464,-0.14538289595170287,-1.2677790829357092,0.7664190337138775,-1.569934231865452,1.2288443139280396,0.7795411272590045,0.0,0.0,1.0,0.0,0.0,1.0,0
0.9889588997355139,0.6094488682033004,-0.33838346196620944,0.5887467440035276,0.6130370952958938,2.5293004102255274,1.2412659878146315,0.0,0.0,1.0,0.0,0.0,1.0,0
-0.074933052675618,-0.7052659840099793,-0.053874598404117874,1.6103624098380391,-1.5499069719832377,1.2288443139280396,-0.5893372828588549,1.0,0.0,0.0,0.0,1.0,0.0,0
-0.20954612130629688,-0.21076202513048223,1.0272590831318313,-0.47728699425857046,1.1537731121156767,0.5786162657792957,-0.05427965033262835,1.0,0.0,0.0,0.0,0.0,1.0,0
-0.10185566640175378,1.220446548164987,-1.5807388328540102,0.4110744542931777,0.33265545694489523,-0.7218398305181921,0.6586778549370902,0.0,1.0,0.0,0.0,0.0,1.0,0
0.510633795867835,0.2159853816910076,0.031478060664509935,1.3290479511299849,-0.007807961052745825,-0.7218398305181921,0.9031204281724219,0.0,0.0,1.0,0.0,0.0,1.0,0
0.9387033541133938,0.00796087975852667,-0.1581945150435514,-1.7654110946586061,1.5743455696421744,-0.07161178236944823,-0.27427796624442685,0.0,1.0,0.0,0.0,1.0,0.0,0
1.27972312797778,0.6058827338844577,0.36340506815361706,1.180987709704694,-0.7087620569302422,-0.07161178236944823,-0.1058841935711988,0.0,0.0,1.0,0.0,0.0,1.0,0
1.3425425600054304,-1.5516285290152736,-0.26251443168298494,0.11495397144259453,-0.248135079639316,-0.07161178236944823,1.0063295146495628,1.0,0.0,0.0,0.0,0.0,1.0,0
1.001074075912275,-0.057418249420252705,-0.29096531803919434,0.7071949371437608,1.4541820103488894,0.5786162657792957,-1.1393330726383526,1.0,0.0,0.0,1.0,0.0,0.0,0
-0.2629426385297995,-0.2381023882416088,-0.43321974982024014,1.3438539752725136,1.0736640725868198,0.5786162657792957,-0.029835393009095178,0.0,1.0,0.0,1.0,0.0,0.0,0
1.2891460427819277,1.2263901053630577,0.031478060664509935,-0.6845713322539794,-1.009170955163455,-0.7218398305181921,0.759170912822727,0.0,1.0,0.0,0.0,0.0,1.0,0
-0.13416280287311672,-0.36767193515955277,-2.2825273629738363,0.026117826587420245,0.052273818593896716,-0.07161178236944823,0.13720036536838132,1.0,0.0,0.0,0.0,0.0,1.0,0
0.5474280346268873,-1.2853571665416978,0.894488280136188,0.9292852992816986,-0.4484076784614578,1.2288443139280396,1.0063295146495628,1.0,0.0,0.0,1.0,0.0,0.0,0
0.2355744256324812,2.0121283669480285,2.1652945373801975,1.447496144270218,-1.0492254749278833,-1.372067878666936,-0.8582241134177206,0.0,0.0,1.0,1.0,0.0,0.0,0
-2.0250277069053855,-0.5911496858070191,-1.3151972268627243,0.4554925267207655,0.6731188749425363,-0.7218398305181921,0.07473170776379633,0.0,1.0,0.0,1.0,0.0,0.0,0
-0.28627557042578383,-1.0808987989280596,2.042007363169958,-1.336036394525261,-0.9891436952812407,0.5786162657792957,0.10325000797458518,0.0,1.0,0.0,0.0,0.0,1.0,0
-0.15480347339648745,1.2727498515080107,0.05992894702071892,0.011311802444891415,0.29260093718046687,-0.7218398305181921,0.2730017949435658,1.0,0.0,0.0,0.0,0.0,1.0,0
0.049359680693375464,0.30157260534322816,-1.6566078631372347,0.5147166232908821,-0.08791700058160255,-0.07161178236944823,1.3050926597149681,0.0,1.0,0.0,0.0,0.0,1.0,0
1.924519726718732,-0.22264913952662332,-0.12025999990193913,0.011311802444891415,-0.688734797048028,-0.07161178236944823,0.7985533273995303,0.0,1.0,0.0,0.0,0.0,1.0,0
0.3917255852440687,1.131293190193924,-0.5185724088888675,0.6035527681460564,1.173800371997891,0.5786162657792957,0.21053313733898082,1.0,0.0,0.0,0.0,0.0,1.0,0
1.586640924455728,-0.22264913952662332,0.2401178939433774,0.2334021645828278,-1.4297434126899526,-0.07161178236944823,0.44411159620829893,0.0,0.0,1.0,0.0,0.0,1.0,0
-0.01929298430827075,-0.4033332783479794,0.5530776438616783,0.08534192315753687,0.41276449647375196,-0.07161178236944823,0.1820148371281929,1.0,0.0,0.0,0.0,1.0,0.0,0
0.1942930845857397,-0.033644020627970526,-0.6513432118845105,-0.6993773563965082,0.41276449647375196,2.5293004102255274,0.7727510557802446,0.0,1.0,0.0,1.0,0.0,0.0,0
1.7302281976617855,-1.9462807269671802,0.6763648180719181,-0.8326315736792702,-1.349634373161096,-0.07161178236944823,0.8460838277508451,0.0,1.0,0.0,0.0,0.0,1.0,0
0.1714088629185243,-2.0271131048609443,-0.8220485300217653,-0.9954978392470913,0.5529553156492513,-0.7218398305181921,0.15485455121315564,0.0,1.0,0.0,0.0,0.0,1.0,0
-0.6062059635380306,-2.343310347798315,-1.040171992086036,-0.5957351873988037,-1.1693890342211684,0.5786162657792957,-1.985375978891752,1.0,0.0,0.0,0.0,0.0,1.0,0
-0.6048598328517237,-0.5126947307924838,-0.6703104694553166,0.5443286715759398,0.6130370952958938,0.5786162657792957,0.12362022241086364,0.0,1.0,0.0,0.0,0.0,1.0,0
0.030513851085080427,2.4995000571898403,0.20218337880176512,-0.714183380539037,-0.16802604011045927,0.5786162657792957,-0.35304279539803457,0.0,1.0,0.0,0.0,0.0,1.0,0
-0.3683895422904979,1.0373849864644031,-0.025423712047908463,1.7436166271208013,0.5129007958848228,-0.07161178236944823,-0.6192135973653963,0.0,0.0,1.0,0.0,0.0,1.0,0
-0.47697741765257884,0.9208912653822134,-1.4764189162145767,2.098961206541501,0.35268271682710944,-1.372067878666936,0.33682846684390333,0.0,0.0,1.0,0.0,0.0,1.0,0
0.7049253249247814,1.9942976953538152,0.9229391664923974,-0.19597253555051744,-1.3296071132788818,-0.7218398305181921,-0.7522989983490767,1.0,0.0,0.0,0.0,0.0,1.0,0
-0.1525599222526428,0.17913532706296784,0.6004957877886935,-0.7289894046815658,0.23251915753382435,-0.7218398305181921,-1.9066111497381448,1.0,0.0,0.0,0.0,0.0,1.0,0
0.7322966488796862,-1.0951633362034294,1.349702461835535,-0.7289894046815658,-0.5285167179903145,1.2288443139280396,1.1638591729567762,1.0,0.0,0.0,0.0,0.0,1.0,0
-0.564924622491289,1.9419943920107916,-0.8125649012363624,0.3370443335805322,0.7332006545891788,-0.7218398305181921,0.6396656547965642,1.0,0.0,0.0,0.0,0.0,1.0,0
-0.02198524568088433,0.8174733701357813,-2.254076476617627,-0.403256873545925,-0.7287893168124563,-0.07161178236944823,-2.3479657958574944,0.0,1.0,0.0,0.0,1.0,0.0,0
0.23467700517494336,1.2299562396819004,1.1410626285566672,-0.03310626998269639,0.9134459935291065,0.5786162657792957,0.02176915022947527,0.0,0.0,1.0,0.0,0.0,1.0,0
0.5276847845610544,1.7910280391797917,0.9324227952778003,0.4702985508632943,-0.9490891755168124,-0.7218398305181921,-0.5581029540565628,0.0,0.0,1.0,0.0,0.0,1.0,0
0.16961402200344858,0.2147966702513928,0.6289466741449021,0.5295226474334109,1.093691332469034,-0.7218398305181921,0.13855837966413384,1.0,0.0,0.0,0.0,0.0,1.0,0
-0.08480467770853446,-1.304376549575525,0.05992894702071892,-1.6173508532333154,1.3540457109378186,-0.07161178236944823,-0.2484756946251421,1.0,0.0,0.0,0.0,0.0,1.0,0
-0.3100572125505371,1.260862737111868,0.7806847347113511,1.5363322891253923,0.8733914737646782,1.2288443139280396,0.9044784424681744,0.0,0.0,1.0,0.0,0.0,1.0,0
0.7978083422799499,1.1051415385224106,0.07889620459152506,0.3074322852954733,0.19246463776939599,1.2288443139280396,1.3879315317558305,0.0,0.0,1.0,1.0,0.0,0.0,0
2.1313751421812084,1.3928097069090415,1.1410626285566672,-0.1663604872654585,-0.7888710964590989,-1.372067878666936,-0.8908164565157652,0.0,1.0,0.0,1.0,0.0,0.0,0
2.2502833528049746,1.0041010661552061,0.003027174308300525,0.7220009612862897,-1.249498073750025,-0.07161178236944823,1.5753375045695854,0.0,0.0,1.0,0.0,0.0,1.0,0
-1.3254884602546246,0.5048422615172516,-0.06335822718952074,-0.32922675283327957,-0.06788974069938837,0.5786162657792957,-0.9193347567265532,1.0,0.0,0.0,0.0,0.0,1.0,0
-0.7322935378220997,-1.3650008329958478,0.38237232572442276,-1.1139460323873247,1.5543183097599602,0.5786162657792957,-0.3897091813833339,0.0,1.0,0.0,0.0,0.0,1.0,0
-1.6144578475818152,0.8650218277203473,0.7048157044281266,1.1365696372771061,-0.8689801359879556,-1.372067878666936,0.28658193790108444,0.0,0.0,1.0,0.0,0.0,1.0,0
-0.45543932667167025,-1.2865458779813117,0.8091356210675605,-1.4989026600930822,-1.4097161528077384,-0.7218398305181921,0.17250873705792996,0.0,1.0,0.0,0.0,0.0,1.0,0
-0.9014572940679861,-0.28565084582617484,-0.006456454477102331,0.2630142128678868,-1.2294708138678108,0.5786162657792957,0.059793550510526115,1.0,0.0,0.0,0.0,0.0,1.0,0
0.7753728308415034,-0.01819077191298508,-0.2719980604683882,1.6547804822656256,-0.7087620569302422,7.080896747266735,-0.11539029364146175,0.0,1.0,0.0,0.0,0.0,1.0,0
-1.1401711357730566,-0.03245530918835574,0.7901683634967549,1.4623021684127469,-0.688734797048028,-1.372067878666936,-1.1135308010190679,1.0,0.0,0.0,0.0,0.0,1.0,0
0.22884377220094726,-0.6589062378650272,0.3444378105828105,-0.891855670249387,-0.5285167179903145,-0.7218398305181921,0.08966986501706752,1.0,0.0,0.0,0.0,0.0,1.0,0
-0.2297380816008987,-2.4740686061558743,-0.8125649012363624,-0.03310626998269639,-1.1093072545745257,0.5786162657792957,0.18608888001544766,1.0,0.0,0.0,0.0,0.0,1.0,0
0.10993556157718096,-0.6838691780969242,-0.7746303860947501,-0.8770496461068581,1.7746181684643163,-0.7218398305181921,-1.075506400738016,1.0,0.0,0.0,0.0,0.0,1.0,0
0.47787794916770315,0.3360452370920383,0.20218337880176512,-0.9066616943919157,-1.469797932454381,-0.7218398305181921,1.2127476876038426,0.0,0.0,1.0,0.0,0.0,1.0,0
0.38185396021115225,-1.1427117937879971,1.197964401269086,0.1445660197276535,0.753227914471393,1.8790723620767835,-0.31637640941273437,0.0,0.0,1.0,0.0,1.0,0.0,0
-0.06192045604131905,1.084933444048971,-0.3763179771078217,0.5443286715759398,-0.7688438365768847,-0.7218398305181921,0.2336193803667624,0.0,1.0,0.0,1.0,0.0,0.0,0
0.8363974219540778,0.19934342153640905,-0.7746303860947501,0.5147166232908821,-0.8289256162235272,-1.372067878666936,-0.12218036512022058,0.0,1.0,0.0,1.0,0.0,0.0,0
1.1877375310801497,-0.40689941266682206,0.36340506815361706,-1.0991400082447944,0.8733914737646782,-0.7218398305181921,0.6668259407116015,0.0,1.0,0.0,0.0,0.0,1.0,0
-0.7578700208619288,-0.21313944800971013,0.894488280136188,0.7516130095713487,-1.1493617743389541,0.5786162657792957,1.8455823494242027,0.0,0.0,1.0,0.0,1.0,0.0,0
-1.3533084944382983,0.21836280457023546,-0.48063789374725524,0.5739407198609988,-0.9290619156345982,-0.07161178236944823,-1.166493358553389,1.0,0.0,0.0,1.0,0.0,0.0,0
-1.2563870850242094,-0.009869791835686655,-0.6323759543137043,0.2778202370104156,-1.3896888929255242,0.5786162657792957,-0.7332867982085507,0.0,1.0,0.0,1.0,0.0,0.0,0
-1.4358711765317813,-0.8170048593337125,-0.006456454477102331,-0.04791229412522521,1.4541820103488894,-0.7218398305181921,-0.6789662263784771,0.0,0.0,1.0,1.0,0.0,0.0,0
-0.5366558780788465,0.3110822968601414,0.22115063637257085,-0.003494221697638729,0.11235559824053926,-1.372067878666936,-0.4562518818751745,1.0,0.0,0.0,1.0,0.0,0.0,0
0.05025710115091332,0.7402071265608591,-0.25303080289758206,0.011311802444891415,-0.7688438365768847,0.5786162657792957,-0.1411925652607465,0.0,1.0,0.0,0.0,1.0,0.0,0
1.1356871445429537,-0.9893680180777676,0.2306342651579737,0.011311802444891415,-1.249498073750025,0.5786162657792957,0.4495436533913062,0.0,1.0,0.0,0.0,1.0,0.0,0
0.8054364161690217,0.7128667634497325,-0.20561265897056652,-0.3588388011183372,1.0135822929401774,-0.7218398305181921,-1.0171117860206869,1.0,0.0,0.0,1.0,0.0,0.0,0
-0.6474873045847721,0.9886478174402225,1.662662211753836,-1.6469629015183729,-0.9691164353990265,-0.07161178236944823,-0.09094603631792858,0.0,0.0,1.0,0.0,0.0,1.0,0
1.1294052013401887,-0.29516053734308806,1.8713020450327031,0.7516130095713487,0.3126281970626811,0.5786162657792957,1.1733652730270392,0.0,1.0,0.0,0.0,0.0,1.0,1
0.32890615321641853,0.20766440161370747,-0.5754741816012859,-0.43286892183098397,0.1724373778871818,0.5786162657792957,-0.41279542441111544,1.0,0.0,0.0,0.0,0.0,1.0,1
0.8256283764636235,2.1286220880302182,1.311767946693923,-0.5365110908286871,-0.588598497636957,-0.07161178236944823,-0.5404487682117886,1.0,0.0,0.0,1.0,0.0,0.0,0
0.6560159099889682,0.857889559082662,0.9134555377069945,1.1513756614196349,-0.6286530174013855,1.2288443139280396,-0.3381046381447644,1.0,0.0,0.0,0.0,0.0,1.0,1
-1.9456059964132852,-2.8413804409966557,-1.429000772287561,0.2334021645828278,-0.18805329999267345,-0.7218398305181921,-0.7522989983490767,1.0,0.0,0.0,0.0,0.0,1.0,0
2.186566500319787,-0.8277032622902396,1.577309552685208,-1.0103038633896202,0.0723010784761109,-0.7218398305181921,2.452614739625277,0.0,0.0,1.0,0.0,0.0,1.0,0
0.5258899436459786,1.5045485822327755,0.0694125758061222,0.35185035772306106,-0.468434938343672,1.2288443139280396,-1.3240230168606035,0.0,1.0,0.0,1.0,0.0,0.0,0
-0.01660072293565717,-0.5542996311789794,-0.006456454477102331,-0.1663604872654585,-0.8890073958701697,-1.372067878666936,0.45225968198280936,0.0,1.0,0.0,0.0,0.0,1.0,0
-0.4334525254619927,-0.23572496536237922,0.8755210225653822,-0.12194241483787067,-0.48846219822588616,-0.7218398305181921,-0.539090753916037,1.0,0.0,0.0,0.0,0.0,1.0,0
-1.7908009674880045,-0.7373611928795625,-1.741960522205862,-0.018300245840167557,0.052273818593896716,-0.7218398305181921,0.07473170776379633,0.0,0.0,1.0,0.0,1.0,0.0,0
1.0369708942137894,1.3333741349283326,-0.5090887801034647,0.011311802444891415,0.47284627612039454,1.8790723620767835,1.682620633933981,0.0,0.0,1.0,1.0,0.0,0.0,0
-1.06748007871249,0.7378297036816313,1.9187201889597183,0.1297599955851247,1.4742092702311036,-0.07161178236944823,-0.5418067825075411,1.0,0.0,0.0,1.0,0.0,0.0,0
0.9355623825120113,0.8745315192372605,0.8660373937799786,-0.15155446312292964,-0.42838041857924364,-1.372067878666936,-0.4820541534944593,0.0,1.0,0.0,0.0,1.0,0.0,0
0.9579978939504578,1.065914061015143,1.0841608558442493,1.0329274682794016,-0.027835220934960006,-0.07161178236944823,0.8691700707786257,1.0,0.0,0.0,0.0,0.0,1.0,0
-0.5550529974583726,1.4189613585805532,-0.11077637111653585,1.0329274682794016,0.7732551743536072,-0.7218398305181921,1.1163286726054615,1.0,0.0,0.0,0.0,0.0,1.0,0
0.8067825468553285,-1.399473464744659,-1.4859025449999794,-0.09233036655281301,-0.7488165766946705,2.5293004102255274,-0.08823000772642446,1.0,0.0,0.0,0.0,1.0,0.0,0
-0.5169126280130136,-0.800362899179114,-0.06335822718952074,-1.4989026600930822,-0.9490891755168124,-0.7218398305181921,0.13720036536838132,0.0,1.0,0.0,0.0,0.0,1.0,0
1.0472912294754748,-1.4731735740007375,0.021994431879106657,2.217409399681733,-0.42838041857924364,-0.7218398305181921,0.4264574103635246,1.0,0.0,0.0,0.0,1.0,0.0,0
-0.533514906477464,0.4097453463481178,-1.7229932646350559,-1.2472002496700867,0.012219298829468357,0.5786162657792957,0.1792988085366888,1.0,0.0,0.0,0.0,0.0,1.0,0
-0.49043872451564674,-2.620280113228419,-0.129743628687342,-1.4248725393804367,-0.30821685928595854,-1.372067878666936,-0.9722973142608752,0.0,1.0,0.0,0.0,1.0,0.0,0
-0.6851789638013621,-1.4006621761842728,0.8660373937799786,-0.6549592839689203,-0.6486802772835996,-0.7218398305181921,-2.3737680674767794,0.0,1.0,0.0,1.0,0.0,0.0,1
0.936908513198318,-0.034832732067583624,0.5720449014324841,0.7071949371437608,1.0135822929401774,1.8790723620767835,-0.0868719934306729,0.0,1.0,0.0,1.0,0.0,0.0,1
0.40339205119206084,0.06026418310155017,1.0272590831318313,-1.9134713360838984,0.5930098354136796,-0.07161178236944823,-0.8487180133474578,0.0,1.0,0.0,1.0,0.0,0.0,0
-0.3899276332714065,0.6890925346574487,-0.3763179771078217,-1.4840966359505532,0.012219298829468357,-1.372067878666936,-1.1515552013001187,0.0,1.0,0.0,0.0,0.0,1.0,0
0.2683302723326131,1.9324847004938783,2.174778166165601,1.4623021684127469,-1.0692527348100973,-1.372067878666936,-0.8582241134177206,0.0,0.0,1.0,1.0,0.0,0.0,0
0.7758215410702723,0.63797794275404,-1.1729427950816784,-0.003494221697638729,-0.688734797048028,-0.7218398305181921,1.526448989922519,1.0,0.0,0.0,1.0,0.0,0.0,1
0.25756122684215876,-2.765302908861348,-0.9927538481590205,0.2334021645828278,0.0723010784761109,-0.07161178236944823,0.0516454647360157,0.0,0.0,1.0,0.0,0.0,1.0,0
-1.0297884194959,0.4775018984061268,1.5867931814706115,0.973703371709285,-0.36829863893260106,0.5786162657792957,0.1806568228324404,0.0,1.0,0.0,1.0,0.0,0.0,1
0.453647596814181,-0.38788002963299395,-0.23406354532677592,0.3222383094380034,0.23251915753382435,2.5293004102255274,0.8664540421871226,1.0,0.0,0.0,1.0,0.0,0.0,0
0.663195273649271,-0.9893680180777676,-0.09180911354573014,1.2994359028449272,1.3740729708200325,-0.07161178236944823,-0.6993364408147547,1.0,0.0,0.0,0.0,0.0,1.0,0
-0.7569726004043908,0.3110822968601414,0.9798409392048153,0.6183587922885866,-1.4898251923365953,-1.372067878666936,-0.5934113257461106,1.0,0.0,0.0,0.0,0.0,1.0,1
-0.49043872451564674,-1.675254518735148,-0.5280560376742708,1.417884095985159,0.5529553156492513,-0.07161178236944823,-0.2294634944846162,0.0,1.0,0.0,0.0,0.0,1.0,0
-1.0993385049550841,-0.8074951678167993,0.733266590784336,-0.10713639069534185,-0.5285167179903145,0.5786162657792957,0.7415167269779527,1.0,0.0,0.0,0.0,0.0,1.0,0
-1.3232449091107799,1.0350075635851754,-0.13922725747274525,-0.003494221697638729,0.0723010784761109,-0.07161178236944823,-1.1963696730599302,0.0,1.0,0.0,0.0,0.0,1.0,0
0.21134407327895902,-1.2675264949474854,0.5625612726470812,-0.5513171149712159,0.09232833835832507,-0.07161178236944823,0.6858381408521265,1.0,0.0,0.0,0.0,0.0,1.0,0
0.8135132002868625,-0.1097215527632779,0.7901683634967549,1.1217636131345772,-0.04786248081717419,0.5786162657792957,0.19016292290270334,1.0,0.0,0.0,0.0,0.0,1.0,0
1.783624714885288,0.27304353079248683,1.3781533481917436,-0.7289894046815658,-0.588598497636957,0.5786162657792957,-1.6024159474897313,0.0,1.0,0.0,0.0,0.0,1.0,0
-0.9647254363244052,0.3705178688408502,-1.2013936814378878,-0.3884508494033962,-0.007807961052745825,-0.7218398305181921,-0.7971134701088873,0.0,0.0,1.0,0.0,0.0,1.0,0
-0.42672187203045875,1.4260936272182385,-0.14871088625814813,1.4771081925552758,-0.588598497636957,-0.07161178236944823,-1.8930310067806262,1.0,0.0,0.0,1.0,0.0,0.0,0
-1.4408069890482396,-0.7409273271984052,-0.4901215225326585,0.5295226474334109,1.2739366714089617,-1.372067878666936,1.0049715003538102,1.0,0.0,0.0,0.0,1.0,0.0,0
-1.0028658057697644,0.07096258605807818,-1.3531317420043365,0.04092385072994907,-0.18805329999267345,-0.7218398305181921,-0.9899515001056495,0.0,1.0,0.0,0.0,1.0,0.0,0
-2.2372676451130893,0.08641583477306193,-1.381582628360546,-1.2175882013850277,-1.249498073750025,-1.372067878666936,0.14263242255138858,0.0,1.0,0.0,0.0,0.0,1.0,0
-0.8117152483142003,-1.1308246793918553,0.8755210225653822,-0.5217050666861582,-0.688734797048028,1.2288443139280396,-0.05427965033262835,0.0,1.0,0.0,0.0,0.0,1.0,0
-0.50165648023487,-0.6969450039326809,-0.33838346196620944,0.1297599955851247,0.9935550330579632,1.2288443139280396,0.7292945983161856,1.0,0.0,0.0,0.0,0.0,1.0,0
0.35403392602747863,1.556851885575799,0.1832161212309586,1.5215262649828636,-0.04786248081717419,-0.7218398305181921,0.6383076405008127,1.0,0.0,0.0,1.0,0.0,0.0,0
0.4222378808003559,2.056110690213752,0.6858484468573209,0.6035527681460564,-0.40835315869702943,0.5786162657792957,-0.49835032504348203,0.0,0.0,1.0,0.0,0.0,1.0,1
0.5622354721762619,0.5607116991791178,-0.935852075446602,2.2322154238242633,-0.06788974069938837,1.8790723620767835,-0.6993364408147547,0.0,1.0,0.0,0.0,0.0,1.0,0
0.6492852565574342,0.7734910468700562,0.7901683634967549,0.8848672268541108,-0.42838041857924364,-1.372067878666936,-0.6300777117314108,0.0,1.0,0.0,0.0,0.0,1.0,0
1.478053049093647,-1.6146302353148252,-1.3720989995751427,-0.4476749459735128,-0.8689801359879556,2.5293004102255274,-0.9641492284863648,1.0,0.0,0.0,0.0,0.0,1.0,0
0.5380051198227397,2.0703752274891225,-1.713509635849653,1.1513756614196349,-0.4484076784614578,0.5786162657792957,-0.17378490835879104,0.0,1.0,0.0,0.0,1.0,0.0,0
0.8911400698638873,0.09473681485036035,0.021994431879106657,0.0557298748724779,-0.40835315869702943,-0.07161178236944823,0.22818732318375515,0.0,0.0,1.0,1.0,0.0,0.0,0
0.5415948016528912,-0.7349837700003338,-0.053874598404117874,-0.15155446312292964,-0.22810781975710182,1.2288443139280396,-0.4616839390581818,0.0,1.0,0.0,0.0,0.0,1.0,0
0.5119799265541418,-1.0713891074111463,1.719563984466254,0.011311802444891415,-1.249498073750025,0.5786162657792957,1.2887964881659462,0.0,0.0,1.0,0.0,0.0,1.0,0
-0.6380643897806245,-0.9774809036816265,-2.4342654235402854,-1.4692906118080231,-0.7888710964590989,-0.07161178236944823,-1.447602317774021,1.0,0.0,0.0,0.0,0.0,1.0,0
-1.476255097120985,-1.1308246793918553,-0.6323759543137043,1.2698238545598681,-1.12933451445674,0.5786162657792957,-0.810693613066406,0.0,1.0,0.0,1.0,0.0,0.0,0
0.5572996596598037,1.1479351503485224,0.2970196666557954,-0.6845713322539794,2.275299665519671,-0.7218398305181921,-1.303652802424326,0.0,1.0,0.0,1.0,0.0,0.0,0
-1.8787481723267148,-0.32606703477305726,0.2590851515141831,1.7288106029782724,2.075027066697529,-0.07161178236944823,0.5799130257834834,0.0,0.0,1.0,0.0,0.0,1.0,0
-0.46755450284843136,-0.5257705566282397,0.36340506815361706,-0.10713639069534185,0.5129007958848228,0.5786162657792957,1.5413871471757894,1.0,0.0,0.0,0.0,0.0,1.0,0
0.04891097046460654,2.157151162580958,-0.7651467573093472,0.011311802444891415,-0.7688438365768847,-1.372067878666936,-1.649946447841046,1.0,0.0,0.0,0.0,0.0,1.0,0
-0.3055701102628478,-2.135285845865834,0.894488280136188,0.29262626115294443,0.19246463776939599,0.5786162657792957,-1.8971050496678818,0.0,1.0,0.0,0.0,1.0,0.0,1
1.0293428203247175,-0.8253258394110118,1.3402188330501315,1.003315419994344,-0.588598497636957,-0.7218398305181921,1.832002206466684,1.0,0.0,0.0,0.0,0.0,1.0,0
0.22211311876941334,0.11019006356534579,-1.4669352874291732,0.11495397144259453,0.633064355178108,-0.07161178236944823,0.11683015093210383,1.0,0.0,0.0,0.0,0.0,1.0,0
0.27730447690799165,-0.0015488117583865397,0.2401178939433774,-0.5513171149712159,0.0723010784761109,0.5786162657792957,-1.721921205515894,0.0,1.0,0.0,0.0,0.0,1.0,0
-0.013011041105505737,1.8861249543489254,-0.9832702193736176,-0.6845713322539794,0.4327917563559662,0.5786162657792957,-1.0904445579912863,0.0,1.0,0.0,1.0,0.0,0.0,0
-2.2372676451130893,1.0908770012470415,-1.6186733479956223,0.3222383094380034,0.5729825755314654,-0.7218398305181921,0.6559618263455861,0.0,0.0,1.0,0.0,0.0,1.0,0
-0.5981291794201898,0.6035053110052281,1.776465757178673,1.314241926987456,-1.0692527348100973,-0.7218398305181921,0.4427535819125464,0.0,0.0,1.0,1.0,0.0,0.0,0
-1.463691210715455,-1.7192368420008721,1.406604234547953,0.38146240600812004,-1.029198215045669,-0.07161178236944823,0.37892691001220985,1.0,0.0,0.0,1.0,0.0,0.0,0
-0.832355918837571,-0.06692794093716761,-0.5565069240304797,0.42588047843570653,0.7932824342358215,0.5786162657792957,-0.18193299413330144,0.0,1.0,0.0,0.0,1.0,0.0,0
-0.3831969798398726,-1.4446444994499978,-0.5659905528158831,0.8700612027115819,0.13238285812275344,-0.7218398305181921,0.7564548842312229,0.0,1.0,0.0,0.0,0.0,1.0,0
0.3661491022042397,0.4537276696138429,1.2643498027669078,0.2778202370104156,-0.8689801359879556,-0.7218398305181921,0.8922563138064074,0.0,0.0,1.0,0.0,0.0,1.0,0
-0.6546666682450749,-1.7204255534404869,0.20218337880176512,-0.018300245840167557,-0.6286530174013855,-0.07161178236944823,0.2213972517049963,1.0,0.0,0.0,0.0,0.0,1.0,0
-0.3890302128138687,0.613015002522143,-0.3478670907516123,-1.4544845876654942,0.052273818593896716,-1.372067878666936,-1.2031597445386892,0.0,1.0,0.0,0.0,0.0,1.0,0
0.3248677611574982,1.2572966027930252,-0.6608268406699133,0.4999105991483533,-0.06788974069938837,-0.07161178236944823,0.5215184110661542,1.0,0.0,0.0,0.0,0.0,1.0,0
1.032932502154869,-0.8158161478940985,1.2738334315523105,1.003315419994344,-0.688734797048028,-0.7218398305181921,1.9650876074503645,1.0,0.0,0.0,0.0,0.0,1.0,0
-2.0842574571028845,0.11732233220303112,0.11683071973313733,-0.15155446312292964,-0.5084894581081003,-0.7218398305181921,0.3381864811396549,0.0,0.0,1.0,0.0,1.0,0.0,0
0.29525288605874883,1.2192578367253724,0.8850046513507851,-0.24039060797810394,0.7131733947069647,-0.07161178236944823,0.22275526600074788,1.0,0.0,0.0,0.0,0.0,1.0,0
0.9548569223490753,-0.7647015559906881,-1.2013936814378878,-1.2472002496700867,-1.1093072545745257,-0.7218398305181921,-0.028477378713343604,0.0,1.0,0.0,1.0,0.0,0.0,0
0.6748617395972633,-0.2547443483962073,0.6668811892865143,-1.1139460323873247,-0.2681623395215302,-1.372067878666936,-0.5472388396905483,0.0,1.0,0.0,0.0,1.0,0.0,1
0.034552243144000794,-0.11804253284057632,-0.08232548476032686,-0.8326315736792702,-1.589961491747666,-0.07161178236944823,0.25127356621153674,1.0,0.0,0.0,1.0,0.0,0.0,0
0.47653181848139636,0.03767866574888109,1.719563984466254,0.24820818872535794,0.9134459935291065,-0.7218398305181921,-0.329956552370253,0.0,1.0,0.0,0.0,0.0,1.0,0
0.2858299712546013,-0.017002060473371983,2.3739343706590654,-1.676574949803432,-1.3296071132788818,0.5786162657792957,-0.35304279539803457,0.0,1.0,0.0,1.0,0.0,0.0,0
1.153635553693711,-0.8966485257878626,1.0177754543464277,-0.9066616943919157,0.19246463776939599,0.5786162657792957,-0.16156277969702398,0.0,1.0,0.0,0.0,0.0,1.0,0
1.0472912294754748,-0.03602144350719841,-0.3288998331808066,0.6923889130012321,1.3941002307022468,0.5786162657792957,-1.1963696730599302,1.0,0.0,0.0,1.0,0.0,0.0,0
0.6578107509040438,-0.07049407525600858,-0.29096531803919434,0.4702985508632943,-0.6486802772835996,1.8790723620767835,-0.5336586967330297,1.0,0.0,0.0,1.0,0.0,0.0,0
-0.921649254362588,0.11851104364264423,-0.9927538481590205,1.595556385695509,-1.249498073750025,0.5786162657792957,-0.9967415715844083,1.0,0.0,0.0,1.0,0.0,0.0,0
0.41640464782635983,0.09711423772958992,-0.5375396664596737,-0.6845713322539794,0.0723010784761109,0.5786162657792957,-0.7047684979977619,0.0,1.0,0.0,0.0,1.0,0.0,0
-2.2350240939692445,-0.5875835514881764,-0.13922725747274525,-0.6845713322539794,0.032246558711682534,-0.7218398305181921,-1.353899331367144,1.0,0.0,0.0,0.0,0.0,1.0,0
1.0015227861410438,1.3428838264452458,-0.40476886346403074,1.4326901201276894,-0.9691164353990265,0.5786162657792957,0.30831016663311445,1.0,0.0,0.0,0.0,0.0,1.0,0
-0.14852153019372244,0.6439214999521105,0.6384303029303058,-1.8986653119413683,-0.248135079639316,-0.7218398305181921,0.6681839550073532,1.0,0.0,0.0,1.0,0.0,0.0,0
-0.9642767260956363,-0.7100208297684367,1.0272590831318313,-1.2916183220976731,1.634427349288817,-1.372067878666936,0.0326332645954898,0.0,1.0,0.0,0.0,0.0,1.0,0
0.453647596814181,1.5378325025419708,-0.006456454477102331,1.106957588992047,-1.6300160115120945,0.5786162657792957,-0.44810379610066314,1.0,0.0,0.0,1.0,0.0,0.0,1
-0.6681279751081428,0.7211877435270326,-0.7082449845969289,-0.12194241483787067,-0.3482713790503869,-0.07161178236944823,0.47127188212333526,1.0,0.0,0.0,0.0,0.0,1.0,0
0.14179398781977495,-0.15964743322707184,0.7237829619989332,-1.5729327808057274,2.2352451457552425,-0.07161178236944823,-0.43452365314314545,0.0,1.0,0.0,1.0,0.0,0.0,0
-0.8718424189692369,-1.258016803430572,-0.006456454477102331,-0.1663604872654585,-1.4497706725721669,0.5786162657792957,-1.1406910869341043,1.0,0.0,0.0,0.0,0.0,1.0,0
-1.7912496777167735,-0.3855026067537661,-1.049655620871439,-0.13674843898040082,0.3727099767093236,-1.372067878666936,1.0334898005645992,1.0,0.0,0.0,0.0,0.0,1.0,0
0.02647545902616006,-0.09902314980674991,-0.5754741816012859,0.011311802444891415,-0.7287893168124563,-0.07161178236944823,1.4857085610499632,0.0,1.0,0.0,0.0,0.0,1.0,0
-0.7004351115795058,-0.24761207975852198,-1.2298445677940968,-0.10713639069534185,3.3367444392770227,-1.372067878666936,-0.9926675286971536,1.0,0.0,0.0,0.0,0.0,1.0,0
0.880371024373433,2.4483854652864316,1.823883901105688,1.6843925305506846,-0.08791700058160255,-0.07161178236944823,2.1579256374471267,0.0,0.0,1.0,0.0,0.0,1.0,0
-0.6021675714791102,-1.639593175546723,0.021994431879106657,-0.37364482526086734,0.753227914471393,0.5786162657792957,-0.5132884822967523,0.0,1.0,0.0,0.0,0.0,1.0,0
1.2711976336311706,-1.064256838773461,-0.2814816892537911,0.0557298748724779,0.2525464174160385,-1.372067878666936,0.1670766798749227,1.0,0.0,0.0,0.0,1.0,0.0,0
-1.2662587100571259,-1.8416741202811324,0.07889620459152506,0.3666563818655899,-0.5285167179903145,0.5786162657792957,-0.664028069125207,0.0,1.0,0.0,1.0,0.0,0.0,0
0.6304394269491392,-0.8728742969955786,0.11683071973313733,0.44068650257823666,-0.909034655752384,-1.372067878666936,1.1204027154927172,1.0,0.0,0.0,0.0,0.0,1.0,0
0.784347035416882,0.7616039324739151,-2.035953014553357,-2.2095918189344803,0.012219298829468357,-0.07161178236944823,1.2983025882362091,0.0,0.0,1.0,1.0,0.0,0.0,0
-0.6564615091601507,-1.030972918464264,-0.3478670907516123,-0.43286892183098397,1.5743455696421744,0.5786162657792957,-1.0048896573589197,0.0,1.0,0.0,0.0,0.0,1.0,0
-2.2372676451130893,1.694742412571043,1.1600298861274738,0.38146240600812004,-0.04786248081717419,-0.7218398305181921,0.7197884982459226,0.0,0.0,1.0,0.0,0.0,1.0,0
-0.7188322309590318,-0.9608389435270279,-1.400549885931352,1.0329274682794016,-0.688734797048028,-0.07161178236944823,-1.0592102291889933,1.0,0.0,0.0,0.0,1.0,0.0,0
0.8911400698638873,-0.2250265624058529,0.5910121590032906,0.4702985508632943,-0.20808055987488763,-0.7218398305181921,-2.295003238323172,0.0,1.0,0.0,0.0,1.0,0.0,0
-1.8415052233388935,1.1693319562615767,-1.049655620871439,2.069349158256442,-0.22810781975710182,1.8790723620767835,1.6486702765401848,0.0,0.0,1.0,0.0,0.0,1.0,0
2.195540704895165,-1.1118052963580278,0.8470701362091728,-1.025109887532149,-0.8289256162235272,-0.07161178236944823,1.1231187440842214,1.0,0.0,0.0,0.0,0.0,1.0,0
0.7919751093059538,2.054921978774139,1.3307352042647287,-0.4920930184010993,-0.5485439778725287,-0.07161178236944823,-0.5458808253947958,1.0,0.0,0.0,1.0,0.0,0.0,0
0.822487404862241,0.31464843117898406,-1.2013936814378878,-0.3144207286907507,0.19246463776939599,1.8790723620767835,-1.1243949153850823,1.0,0.0,0.0,0.0,1.0,0.0,0
-2.183871127889587,0.49176643568149575,-1.6471242343518313,1.1513756614196349,2.2352451457552425,-0.7218398305181921,-0.7142745980680248,0.0,1.0,0.0,1.0,0.0,0.0,0
-0.0991634050291402,-1.1545989081841381,1.1315789997712644,-0.15155446312292964,-1.1894162941033826,-0.7218398305181921,2.6644649697625655,0.0,0.0,1.0,0.0,1.0,0.0,0
0.5985810007065452,1.0920657126866546,-0.006456454477102331,-0.24039060797810394,-0.1279715203460309,-1.372067878666936,-0.6871143121529886,1.0,0.0,0.0,0.0,1.0,0.0,0
-0.4653109517045867,1.4451130102520666,-0.13922725747274525,1.0625395165644607,0.7932824342358215,-0.7218398305181921,1.0959584581691841,1.0,0.0,0.0,0.0,0.0,1.0,0
-0.9315208793955044,0.0994916606088178,-0.8694666739487807,-1.1139460323873247,-1.029198215045669,-0.07161178236944823,0.19287895149420745,1.0,0.0,0.0,0.0,1.0,0.0,0
-0.11217600166343916,0.8804750764353327,-0.3099325756100005,0.7516130095713487,-0.6086257575191713,0.5786162657792957,-1.5372312612936432,1.0,0.0,0.0,1.0,0.0,0.0,0
0.6223626428312985,-1.5896672950829274,-0.6703104694553166,-1.780217118801135,-0.7688438365768847,0.5786162657792957,-0.18600703702055713,0.0,1.0,0.0,1.0,0.0,0.0,0
-1.380679818393203,1.26680629430994,-1.068622878442245,-1.4840966359505532,0.3126281970626811,-1.372067878666936,0.7646029700057342,0.0,0.0,1.0,0.0,1.0,0.0,0
2.184322949175942,-1.1308246793918553,0.8565537649945757,-1.054721935817208,-0.8489528761057414,-0.07161178236944823,1.1204027154927172,1.0,0.0,0.0,0.0,0.0,1.0,0
0.587363244987322,-2.042566353575928,0.7806847347113511,1.314241926987456,1.3941002307022468,0.5786162657792957,-0.14662462244375377,0.0,1.0,0.0,0.0,0.0,1.0,0
0.2988425678889003,1.1289157673146943,-0.006456454477102331,0.7220009612862897,0.8733914737646782,-0.7218398305181921,0.34090250973115804,0.0,0.0,1.0,0.0,1.0,0.0,0
0.21313891419403475,0.6427327885124974,-0.015940083262505608,0.5147166232908821,0.1724373778871818,-1.372067878666936,-1.2167398874962079,0.0,0.0,1.0,1.0,0.0,0.0,0
0.8485125981308389,0.13753042667647233,0.04096168944991279,0.07053589901500805,-0.4484076784614578,-0.07161178236944823,0.20917512304322924,0.0,0.0,1.0,1.0,0.0,0.0,0
2.0402869657411156,-0.49129792487942786,-0.2150962877559698,-0.714183380539037,-1.029198215045669,-0.7218398305181921,1.5223749470352634,0.0,0.0,1.0,0.0,0.0,1.0,0
0.5577483698885726,-0.6969450039326809,-0.5565069240304797,0.6183587922885866,-0.20808055987488763,-0.07161178236944823,-0.04613156455811697,1.0,0.0,0.0,0.0,0.0,1.0,0
0.04576999886322403,0.0008286111208413406,1.3876369769771475,-1.054721935817208,-1.0492254749278833,-0.07161178236944823,-0.329956552370253,1.0,0.0,0.0,1.0,0.0,0.0,0
0.46217309116079064,0.042433511507336846,-1.2298445677940968,-1.5877388049482564,-1.2895525935144534,1.2288443139280396,1.7518793630173248,1.0,0.0,0.0,0.0,0.0,1.0,0
0.988510189506745,-0.5091285964736412,2.0514909919553608,-0.6401532598263915,1.0536368127046059,-1.372067878666936,0.036707307482745484,1.0,0.0,0.0,1.0,0.0,0.0,0
-2.2372676451130893,-0.5305254023866954,-0.16767814382895427,1.8620648202610346,0.8333369540002498,-0.07161178236944823,-1.503280903899847,1.0,0.0,0.0,1.0,0.0,0.0,0
-1.4268969719564026,1.4035081098655695,-0.006456454477102331,-2.653772543210356,-1.0892799946923115,-1.372067878666936,1.1394149156332432,1.0,0.0,0.0,0.0,0.0,1.0,0
0.3508929544260961,-0.2773298657488764,0.19269975001636144,2.9132925343806026,-0.8689801359879556,-0.7218398305181921,-1.044272071935723,1.0,0.0,0.0,0.0,0.0,1.0,0
-0.724216753704259,-1.0404826099811773,0.30650329544119825,-0.8622436219643279,-1.0492254749278833,-0.7218398305181921,1.46126430372643,0.0,1.0,0.0,0.0,0.0,1.0,0
-0.5864627134721977,1.1621996876238914,0.09786346216233119,0.07053589901500805,-0.6486802772835996,-0.07161178236944823,1.0457119292263661,1.0,0.0,0.0,0.0,0.0,1.0,0
1.7975347319771249,0.6391666541936547,-0.006456454477102331,-0.8030195253942126,0.9134459935291065,-0.07161178236944823,-1.260196344960267,0.0,1.0,0.0,0.0,0.0,1.0,0
0.8678071379679029,2.067997804609895,-0.2719980604683882,-1.3064243462402034,1.8947817277576013,-0.07161178236944823,1.4341040178113937,1.0,0.0,0.0,0.0,0.0,1.0,0
1.1087645308168181,1.5033598707931608,1.036742711917234,0.17417806801271116,0.4528190162381803,4.479984554671759,0.3952230815612326,0.0,0.0,1.0,1.0,0.0,0.0,0
-0.450503514155212,0.5143519530341648,-0.5185724088888675,-0.46248097011604167,-0.36829863893260106,-0.07161178236944823,0.3476925812099178,0.0,1.0,0.0,0.0,0.0,1.0,0
-0.5927446566749627,0.14822882963299863,0.47720861357845384,0.6035527681460564,1.1537731121156767,-0.07161178236944823,0.8637380135956184,1.0,0.0,0.0,0.0,1.0,0.0,0
0.6277471655765257,2.2772110179819904,-1.5522879464978008,-0.7586014529666248,-0.4484076784614578,2.5293004102255274,-0.729212755321295,1.0,0.0,0.0,1.0,0.0,0.0,0
1.4547201171976627,0.9898365288798355,-0.19612903018516367,1.4919142166978059,-1.3296071132788818,1.8790723620767835,-1.013037743133431,0.0,1.0,0.0,0.0,1.0,0.0,0
2.6918142179136013,-1.18075055985565,0.1263143485185406,1.1365696372771061,0.7732551743536072,1.8790723620767835,-0.2213154087101058,1.0,0.0,0.0,0.0,0.0,1.0,1
-0.7403703219399405,0.923268688261443,2.0040728480283456,0.04092385072994907,0.13238285812275344,-0.7218398305181921,-0.06650177899439541,1.0,0.0,0.0,0.0,0.0,1.0,0
-1.6359959385627239,0.8626444048411194,0.7237829619989332,1.1217636131345772,-0.8689801359879556,-1.372067878666936,0.2404094518455222,0.0,0.0,1.0,0.0,0.0,1.0,0
-0.02871589911241827,0.8852299221937885,-0.006456454477102331,1.0625395165644607,-0.6286530174013855,1.2288443139280396,0.02448517882097842,1.0,0.0,0.0,0.0,1.0,0.0,0
-2.046565797886294,1.4534339903293652,0.5625612726470812,-1.3212303703827322,-0.5485439778725287,-0.07161178236944823,0.29744605226709897,0.0,0.0,1.0,0.0,0.0,1.0,0
-0.564924622491289,-0.5400350939036087,0.5435940150762747,-0.2107785596930463,-0.2681623395215302,-0.7218398305181921,-0.9641492284863648,1.0,0.0,0.0,1.0,0.0,0.0,0
-0.8664578962240097,-1.0357277642227205,-0.3858016058932246,0.4702985508632943,0.7332006545891788,-1.372067878666936,1.8673105781562318,0.0,1.0,0.0,0.0,0.0,1.0,0
-0.25217359303934517,-1.4446444994499978,-0.09180911354573014,-1.6321568773758441,1.2739366714089617,1.2288443139280396,0.24855753762003263,1.0,0.0,0.0,0.0,0.0,1.0,0
-0.1462779790498778,-1.5551946633341163,-0.44270337860564296,0.10014794730006571,0.9535005132935349,-0.07161178236944823,-0.8799523421497497,1.0,0.0,0.0,0.0,0.0,1.0,0
-0.17409801323355142,-1.0666342616526898,-1.5333206889269946,0.6923889130012321,0.8934187336468923,1.2288443139280396,-0.9858774572183938,0.0,1.0,0.0,0.0,0.0,1.0,1
0.517364449299369,0.018659282715054668,1.0746772270588465,-0.6549592839689203,1.754590908582102,-0.07161178236944823,-0.7550150269405808,0.0,1.0,0.0,0.0,0.0,1.0,1
2.940848394880357,-0.33438801485035735,-1.590222461639413,0.55913469571847,4.177889354330018,3.179528458374271,-0.7047684979977619,0.0,1.0,0.0,0.0,0.0,1.0,0
-1.1944650734540971,1.212125568087687,-0.26251443168298494,0.011311802444891415,-0.5485439778725287,0.5786162657792957,-0.7278547410255435,0.0,1.0,0.0,1.0,0.0,0.0,1
-0.4792209687964235,1.0932544241262694,0.30650329544119825,0.04092385072994907,0.032246558711682534,1.8790723620767835,-0.938346956867079,1.0,0.0,0.0,0.0,0.0,1.0,0
-0.4141579856249287,-0.5697528798939631,-1.8273131812744896,-0.24039060797810394,-1.1693890342211684,-0.7218398305181921,-0.5160045108882554,0.0,1.0,0.0,0.0,0.0,1.0,0
-1.705097313793139,-0.48059952192289984,1.0651935982734435,1.1957937338472227,-0.4484076784614578,-1.372067878666936,1.1407729299289946,1.0,0.0,0.0,0.0,0.0,1.0,0
-0.7444087139988609,0.1922111528987237,-0.44270337860564296,-0.003494221697638729,0.29260093718046687,-0.7218398305181921,0.016337093046467042,0.0,1.0,0.0,1.0,0.0,0.0,0
1.9263145676338076,1.3274305777302622,1.0841608558442493,0.8848672268541108,-0.28818959940374433,-0.07161178236944823,2.0153341363931836,0.0,0.0,1.0,1.0,0.0,0.0,0
-0.9952377318806924,0.48701158992304,-1.0022374769444238,-1.8246351912287229,1.093691332469034,0.5786162657792957,-0.7061265122935144,1.0,0.0,0.0,0.0,0.0,1.0,0
0.04576999886322403,-2.359952307952913,-0.3194162043954033,-0.7586014529666248,0.9535005132935349,-0.07161178236944823,-0.8066195701791502,0.0,1.0,0.0,0.0,1.0,0.0,0
0.198780186873429,-1.0559358586961618,-0.2150962877559698,0.29262626115294443,1.3941002307022468,-0.7218398305181921,-0.47390606771994886,0.0,1.0,0.0,0.0,0.0,1.0,0
-0.3468514513095893,-0.8217597050921691,-0.03490734083331174,-1.3212303703827322,1.3540457109378186,-0.07161178236944823,0.5934931687410011,0.0,0.0,1.0,0.0,0.0,1.0,1
-1.0140835614889876,1.1645771105031193,-0.5565069240304797,0.9440913234242274,-0.7688438365768847,-0.7218398305181921,0.8623799992998669,0.0,0.0,1.0,0.0,0.0,1.0,0
0.6676823759369603,-0.15251516458938819,1.1126117422004587,1.106957588992047,-0.3883258988148153,-0.07161178236944823,-0.3258825094829973,1.0,0.0,0.0,0.0,0.0,1.0,1
0.7758215410702723,-1.2199780373629185,0.581528530217887,-0.7882135012516824,-0.14799878022824509,-0.07161178236944823,-1.325381031156355,1.0,0.0,0.0,0.0,0.0,1.0,0
-2.137653974326387,-0.7135869640872786,1.0936444846296522,-0.4920930184010993,1.8146726882287447,-0.7218398305181921,1.1258347726757245,0.0,1.0,0.0,0.0,0.0,1.0,0
1.185045269707536,0.8008314099811827,-1.0022374769444238,0.0557298748724779,0.973527773175749,0.5786162657792957,-1.8278463205845379,1.0,0.0,0.0,1.0,0.0,0.0,0
0.7188353420166184,0.3087048739809135,1.0936444846296522,-2.179979770649423,-1.029198215045669,-0.07161178236944823,0.5242344396576573,0.0,1.0,0.0,0.0,0.0,1.0,0
0.11756363546625276,-0.17866681626089995,0.6858484468573209,-1.5877388049482564,2.2352451457552425,-0.07161178236944823,-0.4073633672281082,0.0,1.0,0.0,1.0,0.0,0.0,0
-2.2318831223678623,0.10186908348804569,-1.3626153707897397,-1.2175882013850277,-1.2294708138678108,-1.372067878666936,0.1833728514239445,0.0,1.0,0.0,0.0,0.0,1.0,0
-0.8175484812881963,-0.4746559647248293,-0.6323759543137043,0.29262626115294443,-0.5685712377547429,0.5786162657792957,-3.20623083077266,1.0,0.0,0.0,1.0,0.0,0.0,0
-1.7221483024863582,1.2572966027930252,0.6099794165740964,-0.06271831826775535,0.6530916150603221,-0.7218398305181921,0.6790480693733677,0.0,1.0,0.0,1.0,0.0,0.0,0
-0.1476241097361846,-0.18936521921742624,0.5910121590032906,-2.446488205214947,-1.1493617743389541,0.5786162657792957,-0.3489687525107789,0.0,1.0,0.0,0.0,0.0,1.0,0
-0.1749954336910893,-0.7016998496911375,-0.8789503027341836,0.011311802444891415,0.5930098354136796,-0.7218398305181921,-0.5064984108179924,0.0,1.0,0.0,1.0,0.0,0.0,0
2.330602483754613,-0.6303771633142867,0.5246267575054689,0.21859614044029896,-0.7287893168124563,-0.07161178236944823,-0.4087213815238598,0.0,0.0,1.0,0.0,1.0,0.0,0
0.8247309560060857,-0.3438977063672706,0.39185595450982563,-0.9806918151045612,2.9762537613971674,1.2288443139280396,0.09510192220007478,1.0,0.0,0.0,0.0,1.0,0.0,0
0.4146098069112841,0.30157260534322816,-0.006456454477102331,0.1889840921552413,0.2725736772982527,-0.7218398305181921,0.29744605226709897,1.0,0.0,0.0,0.0,1.0,0.0,1
-1.0988897947263152,1.2596740256722547,-0.43321974982024014,-1.5285147083781396,-0.06788974069938837,-0.07161178236944823,-1.0551361863017377,0.0,0.0,1.0,1.0,0.0,0.0,0
-0.577488508896819,-0.6719820637007831,0.8660373937799786,1.1365696372771061,-1.12933451445674,0.5786162657792957,0.3870749957867212,1.0,0.0,0.0,0.0,0.0,1.0,0
1.955032022275019,-2.389670093943268,-0.23406354532677592,0.15937204387018233,0.4528190162381803,-0.7218398305181921,-1.4245160747462402,0.0,1.0,0.0,0.0,0.0,1.0,0
0.5411460914241222,-0.121608667159419,-1.087590136013051,0.011311802444891415,0.6731188749425363,-0.07161178236944823,0.319174280999129,1.0,0.0,0.0,0.0,0.0,1.0,0
1.644075833738151,0.31821456549782673,-0.727212242167735,-0.41806289768845384,-0.9891436952812407,-0.07161178236944823,-0.7781012699683614,0.0,1.0,0.0,1.0,0.0,0.0,0
0.3948665568454512,0.8317379074111502,-0.48063789374725524,1.0477334924219306,-0.6286530174013855,0.5786162657792957,0.3449765526184137,1.0,0.0,0.0,1.0,0.0,0.0,0
-2.2372676451130893,-2.169758477614645,-0.7082449845969289,-0.04791229412522521,0.47284627612039454,-0.7218398305181921,-0.9600751855991091,1.0,0.0,0.0,0.0,0.0,1.0,0
0.14448624919238853,0.2777983765509443,0.6384303029303058,0.5739407198609988,1.0736640725868198,-0.7218398305181921,0.1983110086772147,1.0,0.0,0.0,0.0,0.0,1.0,0
-2.220665366648639,-0.7326063471211058,1.0841608558442493,-0.5365110908286871,1.7946454283465305,-0.7218398305181921,1.1638591729567762,0.0,1.0,0.0,0.0,0.0,1.0,0
0.7987057627374877,-0.7456821729568617,-2.4627163098964946,1.1513756614196349,0.753227914471393,0.5786162657792957,-2.1075972655094177,0.0,1.0,0.0,0.0,0.0,1.0,0
0.4814676309978546,0.130398158038787,0.8470701362091728,-1.1731701289574412,-0.7087620569302422,-0.07161178236944823,1.7070648912575141,0.0,0.0,1.0,1.0,0.0,0.0,0
0.7749241206127345,0.5167293759133944,0.10734709094773447,-0.403256873545925,0.6731188749425363,-0.7218398305181921,-0.907112628064787,0.0,1.0,0.0,1.0,0.0,0.0,1
-0.8027410437388217,-1.2211667488025324,-0.48063789374725524,0.10014794730006571,-0.2681623395215302,0.5786162657792957,-0.43180762455164134,0.0,1.0,0.0,1.0,0.0,0.0,0
-0.18621318941031254,0.245703167681362,2.042007363169958,-0.41806289768845384,2.115081586461957,1.8790723620767835,1.336326988517261,0.0,0.0,1.0,0.0,1.0,0.0,0
0.3490981135110204,-0.06930536381639549,-0.5659905528158831,1.1513756614196349,-0.6486802772835996,3.829756506523015,0.4088032245187503,1.0,0.0,0.0,0.0,0.0,1.0,0
0.15839626628422535,0.011527014077369335,1.1789971436982796,-0.714183380539037,0.3126281970626811,0.5786162657792957,-0.12082235082446902,0.0,1.0,0.0,1.0,0.0,0.0,0
0.6281958758052946,-0.2036297564927969,1.1410626285566672,1.1217636131345772,-0.3883258988148153,-0.07161178236944823,-0.27835200913168257,1.0,0.0,0.0,0.0,0.0,1.0,1
-0.17993124620754752,-0.7694564017491456,-1.4669352874291732,-0.47728699425857046,0.21249189765161017,-0.7218398305181921,-0.27020392335717214,1.0,0.0,0.0,0.0,0.0,1.0,0
-0.43704220729214416,-0.4651462732079161,1.5867931814706115,0.55913469571847,1.414127490584461,-0.07161178236944823,1.3716353602068088,1.0,0.0,0.0,0.0,1.0,0.0,0
-1.6310601260462656,-0.31774605469575884,1.0936444846296522,0.7664190337138775,0.012219298829468357,-1.372067878666936,0.7211465125416752,0.0,1.0,0.0,0.0,0.0,1.0,0
2.941745815337895,-0.005114946077229205,1.624727696612224,1.1217636131345772,-1.4297434126899526,0.5786162657792957,-0.2715619376529237,1.0,0.0,0.0,0.0,0.0,1.0,0
0.07403874327566659,0.5405036047056766,-0.8125649012363624,1.4771081925552758,-0.9891436952812407,0.5786162657792957,-1.7504395057266828,1.0,0.0,0.0,0.0,0.0,1.0,0
-1.9303498486351416,-2.8306820380401274,-1.4195171435021583,0.24820818872535794,-0.14799878022824509,-0.7218398305181921,-0.8052615558833986,1.0,0.0,0.0,0.0,0.0,1.0,0
-0.13416280287311672,1.2989015031795224,-0.129743628687342,-1.7209930222310184,-1.2294708138678108,0.5786162657792957,0.5799130257834834,0.0,1.0,0.0,0.0,0.0,1.0,0
-1.411640824178259,1.2703724286287812,-1.078106507227648,-1.4840966359505532,0.33265545694489523,-1.372067878666936,0.780899141554756,0.0,0.0,1.0,0.0,1.0,0.0,0
0.46172438093202167,-1.065445550213075,1.2643498027669078,0.1297599955851247,2.6558176032817404,0.5786162657792957,-0.08958802202217604,1.0,0.0,0.0,1.0,0.0,0.0,0
-1.722597012715127,-1.7168594191216442,-1.2867463405065154,-1.4692906118080231,0.1724373778871818,0.5786162657792957,0.2825078950138287,0.0,1.0,0.0,0.0,0.0,1.0,0
2.134516113782591,-0.35697353220302647,0.19269975001636144,0.24820818872535794,1.2138548917623193,-0.07161178236944823,2.0954569798425418,1.0,0.0,0.0,1.0,0.0,0.0,0
-1.1513888914922799,0.2635338392755736,-1.4669352874291732,-1.602544829090785,-1.2094435539855968,-0.7218398305181921,-1.1121727867233153,1.0,0.0,0.0,0.0,1.0,0.0,0
-0.02826718888364934,0.005583456879297101,0.41082321208063216,0.8404491544265229,1.0536368127046059,-0.07161178236944823,0.09645993649582635,0.0,1.0,0.0,0.0,0.0,1.0,0
-0.021087825223346467,1.5627954427738695,-0.22457991654137266,0.011311802444891415,1.6544546091710313,-1.372067878666936,-0.8134096416579101,0.0,0.0,1.0,0.0,0.0,1.0,0
1.650357776940916,0.8008314099811827,1.4445387496895654,-0.03310626998269639,0.09232833835832507,0.5786162657792957,0.3544826526886767,0.0,1.0,0.0,0.0,1.0,0.0,1
-0.058779484439936545,-0.09070216972944979,1.98510559045754,-0.04791229412522521,0.6931461348247505,0.5786162657792957,0.6328755833178055,0.0,1.0,0.0,0.0,0.0,1.0,0
-0.10903503006205666,1.9324847004938783,2.1652945373801975,-0.8178255495367415,0.5329280557670371,0.5786162657792957,0.28929796649258854,0.0,0.0,1.0,0.0,0.0,1.0,1
-0.03320300140010757,-1.6574238471409355,-0.4616706361764491,-0.10713639069534185,0.012219298829468357,-1.372067878666936,-0.28106803772318667,1.0,0.0,0.0,0.0,0.0,1.0,0
0.09198715242642377,-0.14062805019324542,-0.25303080289758206,0.2778202370104156,0.19246463776939599,-0.7218398305181921,0.8976883709894146,0.0,0.0,1.0,0.0,1.0,0.0,0
0.18487016978159218,0.12207717796148689,-0.3858016058932246,0.7071949371437608,-0.5084894581081003,-0.7218398305181921,2.6861931984945944,1.0,0.0,0.0,0.0,0.0,1.0,0
0.1000639365442645,0.34555492860895326,-1.2013936814378878,1.2402118062748106,-1.3095798533966676,0.5786162657792957,0.20645909445172608,0.0,1.0,0.0,0.0,0.0,1.0,0
0.708515006754933,-1.5088349171891633,2.4972215448693054,-1.1731701289574412,-0.08791700058160255,1.2288443139280396,0.6763320407818645,1.0,0.0,0.0,0.0,0.0,1.0,1
0.24813831203801123,-0.6256223175558293,0.36340506815361706,-0.8770496461068581,-0.5084894581081003,-0.7218398305181921,0.1290522795938709,1.0,0.0,0.0,0.0,0.0,1.0,0
1.5381802197486836,-0.0883247468502219,0.5435940150762747,-0.5809291632562749,-0.28818959940374433,1.2288443139280396,-1.9188332783999118,0.0,1.0,0.0,1.0,0.0,0.0,0
-0.4002479685330919,1.0468946779813164,-0.044390969618714596,1.7732286754058588,0.47284627612039454,-0.07161178236944823,-0.664028069125207,0.0,0.0,1.0,0.0,0.0,1.0,0
-1.0885694594646298,1.6923649896918151,-1.713509635849653,0.011311802444891415,0.09232833835832507,-1.372067878666936,-0.12353837941597216,1.0,0.0,0.0,0.0,0.0,1.0,0
-1.412986954864566,0.6142037139617561,0.7142993332135303,-0.6697653081114492,0.5729825755314654,0.5786162657792957,2.009902079210175,1.0,0.0,0.0,1.0,0.0,0.0,0
-1.9245166156611455,-0.8930823914690199,0.9229391664923974,0.9440913234242274,0.8333369540002498,-0.07161178236944823,-1.1841475443981633,1.0,0.0,0.0,0.0,1.0,0.0,1
-0.3876840821275619,-0.9192340431405316,0.2970196666557954,1.2402118062748106,1.6744818690532455,-0.7218398305181921,1.0796622866201622,0.0,1.0,0.0,0.0,0.0,1.0,0
0.5528125573721144,0.56665525637719,0.268568780299586,0.08534192315753687,-1.5098524522188095,-1.372067878666936,0.5418886255024316,0.0,0.0,1.0,0.0,0.0,1.0,0
0.5595432108036483,-0.456825293130616,-0.09180911354573014,-0.4476749459735128,-0.36829863893260106,0.5786162657792957,1.0796622866201622,0.0,1.0,0.0,0.0,0.0,1.0,0
-0.0960224334277577,0.8971170365899296,0.4392740984368416,-0.5513171149712159,-1.0492254749278833,-0.7218398305181921,0.19152093719845587,1.0,0.0,0.0,0.0,0.0,1.0,0
0.4738395571087828,0.3384226599712679,0.1832161212309586,-0.9214677185344445,-1.4097161528077384,-0.7218398305181921,1.2168217304910982,0.0,0.0,1.0,0.0,0.0,1.0,0
0.12653784004163135,-2.0699067166870546,-0.025423712047908463,-0.714183380539037,0.7932824342358215,1.8790723620767835,0.319174280999129,1.0,0.0,0.0,0.0,0.0,1.0,0
-0.6869738047164379,1.1717093791408046,2.383417999444468,-1.1139460323873247,-1.029198215045669,-0.07161178236944823,-0.729212755321295,0.0,0.0,1.0,0.0,0.0,1.0,0
-0.074933052675618,0.036489954309266305,-0.13922725747274525,0.38146240600812004,1.7946454283465305,-0.07161178236944823,-0.3272405237787489,1.0,0.0,0.0,0.0,1.0,0.0,0
0.06147485687013656,0.6772054202613076,0.5720449014324841,-0.2107785596930463,0.7932824342358215,-0.07161178236944823,1.1394149156332432,0.0,1.0,0.0,0.0,0.0,1.0,0
-1.0926078515235502,-0.46276885032868825,-1.429000772287561,-0.8030195253942126,-0.248135079639316,-0.07161178236944823,-0.7903233986301285,0.0,1.0,0.0,0.0,0.0,1.0,0
0.29345804514367313,-0.341520283488041,0.7237829619989332,-0.3884508494033962,2.615763083517312,-0.07161178236944823,0.2376934232540181,0.0,1.0,0.0,1.0,0.0,0.0,0
1.3070944519326848,-0.8491000682032948,0.268568780299586,0.0557298748724779,-1.1693890342211684,1.2288443139280396,-0.07057582188165014,0.0,1.0,0.0,1.0,0.0,0.0,0
0.6851820748589486,-1.4113605791408008,0.5720449014324841,-1.4840966359505532,0.8934187336468923,1.8790723620767835,-0.04884759314962108,0.0,0.0,1.0,0.0,0.0,1.0,0
-1.4897164039840527,0.5939956194883149,0.7427502195697389,-0.6105412115413326,0.5329280557670371,0.5786162657792957,1.9515074644928458,1.0,0.0,0.0,1.0,0.0,0.0,0
2.249385932347437,0.12445460084071476,-0.8884339315195869,-0.03310626998269639,0.2725736772982527,-0.07161178236944823,-1.73414333417766,1.0,0.0,0.0,0.0,0.0,1.0,0
-0.7008838218082747,-0.3391428606088131,-0.053874598404117874,0.8256431302839942,-0.36829863893260106,-0.07161178236944823,-0.6422998403931769,0.0,1.0,0.0,0.0,0.0,1.0,0
-0.23243034297351228,2.085828476204106,0.268568780299586,0.4110744542931777,-0.18805329999267345,-1.372067878666936,-0.5811891970843445,0.0,1.0,0.0,0.0,1.0,0.0,0
1.2729924745462462,2.7360536336730625,1.5488586663289994,1.4623021684127469,1.5943728295243886,1.2288443139280396,1.5318810471055264,0.0,0.0,1.0,1.0,0.0,0.0,1
1.0320350816973312,1.302467637498365,-0.5280560376742708,0.011311802444891415,0.41276449647375196,1.8790723620767835,1.6283000621039074,0.0,0.0,1.0,1.0,0.0,0.0,0
-0.9162647316173609,-0.9644050778458706,-0.755663128523944,1.2402118062748106,0.8133096941180356,-1.372067878666936,-2.03562250783457,1.0,0.0,0.0,0.0,0.0,1.0,0
0.010321890790478598,-1.3578685643581625,1.3307352042647287,0.10014794730006571,1.3139911911733901,-1.372067878666936,0.053003479031767275,1.0,0.0,0.0,1.0,0.0,0.0,0
2.069901840839865,-0.8431565110052243,-0.23406354532677592,1.3438539752725136,-0.7488165766946705,1.8790723620767835,1.5033627468947375,0.0,0.0,1.0,1.0,0.0,0.0,0
1.147353610490946,1.0647253495755298,-1.2393281965795002,0.07053589901500805,-0.20808055987488763,-1.372067878666936,-0.6653860834209585,1.0,0.0,0.0,0.0,0.0,1.0,0
0.4330069262908102,-0.8847614113917206,-0.43321974982024014,-0.9806918151045612,1.9949180271686722,-0.07161178236944823,0.1439904368471411,0.0,0.0,1.0,0.0,1.0,0.0,1
0.13237107301562742,-0.22383785096623812,2.506705173654708,-0.743795428824096,-1.2895525935144534,-0.07161178236944823,0.9167005711299405,0.0,0.0,1.0,0.0,0.0,1.0,0
0.00942447033294074,-0.16915712474398673,-0.4616706361764491,-0.3588388011183372,1.9748907672864582,-1.372067878666936,-0.4032893243408525,1.0,0.0,0.0,0.0,0.0,1.0,0
-1.3070913408750984,-1.8178998914888493,0.0694125758061222,0.3962684301506489,-0.468434938343672,0.5786162657792957,-0.645015868984681,0.0,1.0,0.0,1.0,0.0,0.0,0
0.6901178873754068,-0.7135869640872786,-0.33838346196620944,0.6923889130012321,-1.4097161528077384,-0.07161178236944823,0.8067014131740408,1.0,0.0,0.0,0.0,0.0,1.0,1
0.31948323841227105,-0.5126947307924838,-0.2435471741121788,0.15937204387018233,-0.5084894581081003,0.5786162657792957,-1.668958647981572,1.0,0.0,0.0,1.0,0.0,0.0,0
-0.7385754810248648,-1.3376604698847214,0.36340506815361706,-1.0843339841022657,1.5743455696421744,0.5786162657792957,-0.42365953877713,0.0,1.0,0.0,0.0,0.0,1.0,0
0.6344778190080596,0.05075449158463696,0.5246267575054689,-1.7506050705160774,2.5757085637528836,-0.7218398305181921,-1.4883427466465768,0.0,1.0,0.0,1.0,0.0,0.0,0
0.816205461659476,1.1907287621746327,2.2221963100926163,0.1445660197276535,-1.4898251923365953,1.2288443139280396,0.9873173145090368,0.0,1.0,0.0,0.0,0.0,1.0,1
-0.2629426385297995,0.34436621716933846,0.2780524090849897,1.9953190375437966,1.293963931291176,-0.07161178236944823,-0.28650009490619394,1.0,0.0,0.0,0.0,0.0,1.0,1
-0.2965959056874692,-1.0250293612661934,-0.727212242167735,0.9885093958518152,0.633064355178108,-1.372067878666936,-0.02711936441759203,1.0,0.0,0.0,0.0,1.0,0.0,0
0.880371024373433,1.1336706130731518,-0.3099325756100005,-1.3952604910953776,-0.08791700058160255,1.8790723620767835,-1.1243949153850823,1.0,0.0,0.0,0.0,1.0,0.0,0
1.3088892928477607,-0.9085356401840037,0.31598692422660196,0.07053589901500805,-1.12933451445674,1.2288443139280396,-0.11403227934570921,0.0,1.0,0.0,1.0,0.0,0.0,0
-0.13461151310188563,0.3408000828504958,-0.4237361210348368,1.0625395165644607,0.29260093718046687,-0.7218398305181921,0.9017624138766703,0.0,0.0,1.0,0.0,1.0,0.0,0
0.23153603357356084,-0.9501405405705,0.16424886366015287,1.3438539752725136,0.23251915753382435,-0.7218398305181921,-2.398212324800313,1.0,0.0,0.0,0.0,0.0,1.0,1
-0.04083107528917937,0.14347398387454288,0.10734709094773447,-1.0843339841022657,0.15241011800496762,0.5786162657792957,0.043497378961504324,0.0,1.0,0.0,0.0,0.0,1.0,0
1.3008125087299198,0.5547681419810473,0.42030684086603504,1.2105997579897516,-0.7287893168124563,-0.07161178236944823,-0.09773610779668741,0.0,0.0,1.0,0.0,0.0,1.0,0
0.39935365913314047,2.302173958213887,1.5678259238998051,0.1889840921552413,-0.3883258988148153,-0.07161178236944823,-0.11131625075420606,0.0,0.0,1.0,1.0,0.0,0.0,0
-0.3724279343494183,-0.0003601003187734442,1.4919568936165806,-1.1435580806723822,-0.20808055987488763,-0.07161178236944823,0.9343547569747148,0.0,1.0,0.0,1.0,0.0,0.0,0
0.8197951434896275,1.789839327740177,0.17373249244555572,-1.0843339841022657,-0.6286530174013855,0.5786162657792957,0.8080594274697933,0.0,0.0,1.0,0.0,0.0,1.0,0
-0.9826738454751625,-0.06336180661832494,0.7142993332135303,-0.22558458383557511,-1.249498073750025,1.2288443139280396,-0.7020524694062588,1.0,0.0,0.0,0.0,0.0,1.0,0
1.4260026625564513,-1.2806023207832413,0.07889620459152506,0.011311802444891415,-0.8689801359879556,0.5786162657792957,-0.183291008429054,1.0,0.0,0.0,0.0,0.0,1.0,0
-0.47114418467858277,-0.4330510643383338,0.15476523487474916,-0.6253472356838627,-0.10794426046381674,0.5786162657792957,-0.3421786810320191,1.0,0.0,0.0,0.0,1.0,0.0,0
0.6434520235834381,0.7960765642227252,0.7617174771405454,0.9440913234242274,-0.4484076784614578,-1.372067878666936,-0.6083494829993807,0.0,1.0,0.0,0.0,0.0,1.0,0
-1.182798607506105,-0.7468708843964756,-0.594441439172092,0.48510457500582316,-1.3095798533966676,-1.372067878666936,-1.325381031156355,1.0,0.0,0.0,0.0,0.0,1.0,0
1.1890836617664564,-0.5257705566282397,0.031478060664509935,0.10014794730006571,-0.7287893168124563,0.5786162657792957,-0.5499548682820515,0.0,1.0,0.0,0.0,0.0,1.0,0
0.5626841824050308,-0.14776031883093074,0.7806847347113511,0.4110744542931777,-1.2094435539855968,-0.07161178236944823,2.172863794700397,0.0,0.0,1.0,0.0,1.0,0.0,0
-0.621910821544943,-0.17985552770051302,0.9703573104194125,-0.34403277697580836,-1.0892799946923115,-0.07161178236944823,1.2168217304910982,1.0,0.0,0.0,1.0,0.0,0.0,0
0.606209074595617,-1.2960555694982259,1.7005967268954485,0.15937204387018233,-0.8489528761057414,-0.7218398305181921,2.4865650970190734,0.0,0.0,1.0,1.0,0.0,0.0,0
-1.0576084536795736,0.13753042667647233,-0.1581945150435514,0.2630142128678868,-0.5485439778725287,-0.7218398305181921,-1.606489990376987,1.0,0.0,0.0,0.0,0.0,1.0,0
0.1956392152720465,-0.6921901581742235,0.5151431287200662,2.78003831709784,-0.9490891755168124,-0.7218398305181921,0.22954533747950673,0.0,1.0,0.0,0.0,0.0,1.0,0
-0.5025539006924078,-0.40689941266682206,0.211667007587168,-0.6105412115413326,-0.06788974069938837,0.5786162657792957,-0.3992152814535968,1.0,0.0,0.0,0.0,1.0,0.0,0
1.0374196044425583,-1.1629198882614376,0.9229391664923974,-0.12194241483787067,0.2525464174160385,-1.372067878666936,1.723361062806536,0.0,0.0,1.0,0.0,0.0,1.0,0
0.1000639365442645,0.2504580134398178,0.38237232572442276,1.5067202408403346,-0.16802604011045927,-0.7218398305181921,-0.008107164277066125,1.0,0.0,0.0,1.0,0.0,0.0,0
1.4098490943207698,-0.41046554698566473,1.719563984466254,3.268637113801302,-1.029198215045669,-0.07161178236944823,-0.8161256702494132,1.0,0.0,0.0,0.0,0.0,1.0,0
-0.52678425304593,-1.1759957140971933,-0.17716177261435753,0.11495397144259453,-0.40835315869702943,0.5786162657792957,-0.28106803772318667,1.0,0.0,0.0,0.0,0.0,1.0,0
1.9222761755748872,-0.06573922949755283,-0.8030812724509595,-0.5513171149712159,-0.007807961052745825,-0.7218398305181921,-1.4951328181253356,0.0,1.0,0.0,1.0,0.0,0.0,0
0.4998647503773807,-0.5531109197393645,0.6479139317157087,1.0477334924219306,-0.6486802772835996,-0.7218398305181921,1.9691616503376201,0.0,0.0,1.0,0.0,0.0,1.0,0
0.9799846951601353,1.6685907608995314,2.563606946367126,-1.0695279599597367,1.6945091289354595,1.2288443139280396,0.7170724696544195,0.0,0.0,1.0,0.0,0.0,1.0,1
-0.8188946119745032,-1.2318651517590604,-0.44270337860564296,0.07053589901500805,-0.2681623395215302,0.5786162657792957,-0.3353886095532603,0.0,1.0,0.0,1.0,0.0,0.0,0
0.5783890404119434,-0.4770333876040572,0.8755210225653822,-2.0171135050816016,-1.4097161528077384,-0.07161178236944823,-0.2661298804699164,0.0,1.0,0.0,0.0,1.0,0.0,0
0.1745498345199068,0.03292381999042364,-0.6134086967428982,0.8848672268541108,-0.06788974069938837,-1.372067878666936,0.2757178235350699,1.0,0.0,0.0,0.0,1.0,0.0,0
-2.2372676451130893,0.7009796490535914,-0.9548193330174082,0.8552551785690518,-0.7287893168124563,-0.07161178236944823,0.08831185072131498,0.0,0.0,1.0,0.0,0.0,1.0,0
-1.4533708754537695,-0.6874353124157668,-0.4901215225326585,0.4999105991483533,1.2338821516445333,-1.372067878666936,1.0049715003538102,1.0,0.0,0.0,0.0,1.0,0.0,0
-1.2218363974090019,1.4724533733631915,-0.7651467573093472,0.4110744542931777,-0.5685712377547429,-0.07161178236944823,-0.24032760885063073,1.0,0.0,0.0,0.0,0.0,1.0,0
1.4574123785702764,-2.3575748850736855,0.6668811892865143,1.003315419994344,1.1537731121156767,-0.07161178236944823,-0.7468669411660694,1.0,0.0,0.0,0.0,0.0,1.0,0
-0.8817140440021533,-0.08594732397099403,-0.5565069240304797,0.42588047843570653,0.8133096941180356,0.5786162657792957,-0.24983370892089368,0.0,1.0,0.0,0.0,1.0,0.0,0
1.8011244138072764,-0.845533933884453,-1.4764189162145767,-0.9658857909620323,0.6931461348247505,0.5786162657792957,-0.5635350112395702,1.0,0.0,0.0,0.0,0.0,1.0,1
-0.35044113313974073,-1.9082419608995267,0.6668811892865143,-0.5957351873988037,-1.12933451445674,-0.07161178236944823,-1.8848829210061158,1.0,0.0,0.0,1.0,0.0,0.0,0
1.4870272536690257,0.8067749671792532,-0.7366958709531378,-0.9658857909620323,-1.249498073750025,1.2288443139280396,0.4115192531102544,1.0,0.0,0.0,0.0,0.0,1.0,0
0.9364598029695491,0.8246056387734649,0.021994431879106657,-0.46248097011604167,-0.027835220934960006,0.5786162657792957,-1.3620474171416552,0.0,1.0,0.0,0.0,0.0,1.0,1
0.5393512505090465,0.023414128473510428,-0.2814816892537911,1.5511383132679226,2.195190625990814,1.2288443139280396,-0.9397049711628316,0.0,1.0,0.0,0.0,1.0,0.0,0
0.3118551645231992,-0.14657160739131594,-1.0970737647984539,-0.1811665114079873,1.173800371997891,-0.7218398305181921,-1.091802572287038,0.0,1.0,0.0,0.0,0.0,1.0,0
-0.8305610779224953,-1.2806023207832413,0.003027174308300525,-0.15155446312292964,-1.4898251923365953,0.5786162657792957,-1.1434071155256083,1.0,0.0,0.0,0.0,0.0,1.0,0
0.7430656943701405,-0.02056819479221465,1.5678259238998051,-0.3884508494033962,-1.4097161528077384,0.5786162657792957,-0.11267426504995763,0.0,0.0,1.0,0.0,0.0,1.0,0
-0.19563610421446004,0.2956290481451576,-1.8178295524890866,0.2334021645828278,0.5930098354136796,-0.07161178236944823,0.8420097848635895,0.0,1.0,0.0,0.0,1.0,0.0,0
0.17499854474867574,-1.1129940077976428,-0.12025999990193913,-1.3064243462402034,-0.909034655752384,-0.7218398305181921,-0.09502007920518427,0.0,1.0,0.0,0.0,0.0,1.0,0
-0.8036384641963595,0.648676345710568,-0.7177286133823317,-1.2916183220976731,-0.468434938343672,0.5786162657792957,1.1068225725351986,1.0,0.0,0.0,1.0,0.0,0.0,0
-0.876778231485695,0.044810934386566414,-2.4911671962527038,0.3666563818655899,-0.5084894581081003,-0.07161178236944823,-0.9356309282755759,1.0,0.0,0.0,1.0,0.0,0.0,0
-0.552360736085759,-1.5207220315853054,0.4866922423638567,-0.891855670249387,-0.588598497636957,-0.07161178236944823,-0.7319287839127991,0.0,1.0,0.0,1.0,0.0,0.0,0
-0.2965959056874692,-0.6541513921065698,-0.006456454477102331,-1.1139460323873247,1.4742092702311036,-1.372067878666936,0.7428747412737042,0.0,1.0,0.0,0.0,0.0,1.0,0
-0.463067400560742,-0.41878652706296315,0.16424886366015287,-0.6401532598263915,-0.10794426046381674,0.5786162657792957,-0.3285985380745014,1.0,0.0,0.0,0.0,1.0,0.0,0
0.7542834500893637,1.315543463334121,-1.0117211057298265,0.011311802444891415,3.5370170380991643,-0.7218398305181921,-0.09230405061368016,0.0,1.0,0.0,0.0,0.0,1.0,0
-1.290040352181879,1.7042521040879564,0.15476523487474916,0.7368069854288185,-0.3482713790503869,-0.7218398305181921,-1.0062476716546713,1.0,0.0,0.0,0.0,0.0,1.0,0
-0.2315329225159744,-0.27376373143003374,-0.8315321588071685,0.2778202370104156,-1.12933451445674,-0.07161178236944823,0.32732236677364035,1.0,0.0,0.0,1.0,0.0,0.0,0
-1.6831105125834613,-0.13587320443478965,-1.70402600706425,-0.9214677185344445,0.21249189765161017,-0.07161178236944823,-0.5404487682117886,0.0,1.0,0.0,0.0,0.0,1.0,0
-0.20371288833230078,-0.20006362217395424,-0.19612903018516367,-0.7586014529666248,0.012219298829468357,-0.07161178236944823,0.3449765526184137,1.0,0.0,0.0,0.0,0.0,1.0,0
1.1931220538253768,-0.9572728092081854,-0.3478670907516123,1.284629878702397,-1.009170955163455,-0.7218398305181921,-0.7522989983490767,0.0,1.0,0.0,0.0,0.0,1.0,0
-0.5128742359540932,-0.3866913181933809,0.44875772722224444,1.447496144270218,-0.8489528761057414,1.2288443139280396,-0.5363747253245338,1.0,0.0,0.0,0.0,0.0,1.0,1
-2.055091292232904,-0.43899462153640434,-0.3478670907516123,0.5147166232908821,0.4928735360026087,-1.372067878666936,0.30423612374585873,1.0,0.0,0.0,1.0,0.0,0.0,0
0.9252420472503259,1.109896384280868,1.036742711917234,1.0773455407069894,-0.007807961052745825,-0.07161178236944823,0.8759601422573855,1.0,0.0,0.0,0.0,0.0,1.0,0
0.3966613977605269,2.2688900379046903,1.5867931814706115,0.17417806801271116,-0.3883258988148153,-0.07161178236944823,-0.10724220786695036,0.0,0.0,1.0,1.0,0.0,0.0,0
1.0531244624494709,1.5378325025419708,1.0936444846296522,0.20379011629777014,0.4528190162381803,4.479984554671759,0.3992971244484873,0.0,0.0,1.0,1.0,0.0,0.0,0
-1.2873480908092656,-0.37480420379723806,-0.4996051513180614,0.011311802444891415,0.3126281970626811,0.5786162657792957,-1.325381031156355,0.0,1.0,0.0,0.0,1.0,0.0,0
1.2635695597420988,0.8139072358169386,1.890269302603509,2.46911181010473,-0.04786248081717419,-0.7218398305181921,0.7252205554289308,0.0,0.0,1.0,0.0,0.0,1.0,1
-0.5680655940926715,1.168143244821962,-2.0738875296949693,0.4702985508632943,1.3540457109378186,-0.7218398305181921,-0.6585960119421996,0.0,1.0,0.0,1.0,0.0,0.0,0
0.87319166071313,1.9336734119334933,-0.7366958709531378,-0.7586014529666248,-0.6286530174013855,0.5786162657792957,0.3680627956461953,1.0,0.0,0.0,0.0,1.0,0.0,0
3.1993054866512605,0.15892723258952662,0.7617174771405454,0.8256431302839942,0.3126281970626811,1.8790723620767835,0.33411243825239917,1.0,0.0,0.0,0.0,1.0,0.0,0
-0.8153049301443517,-2.5192396408612137,0.003027174308300525,-1.7209930222310184,-0.5285167179903145,0.5786162657792957,-0.07464986476890582,1.0,0.0,0.0,0.0,1.0,0.0,0
-0.22659710999951618,0.5761649478941032,0.5246267575054689,0.011311802444891415,-0.7688438365768847,-0.7218398305181921,0.487568053672358,1.0,0.0,0.0,1.0,0.0,0.0,0
0.7686421774099694,-0.40689941266682206,-0.006456454477102331,-0.13674843898040082,-0.7888710964590989,1.2288443139280396,0.08831185072131498,0.0,1.0,0.0,1.0,0.0,0.0,0
-0.004036836530127146,-0.8942711029086338,0.8091356210675605,-0.10713639069534185,0.8733914737646782,-0.07161178236944823,-0.6409418260974253,1.0,0.0,0.0,0.0,0.0,1.0,0
-1.374846585419207,0.23975961048329145,-0.3288998331808066,1.1513756614196349,0.9535005132935349,1.8790723620767835,-1.175999458623652,1.0,0.0,0.0,1.0,0.0,0.0,0
0.7340914897947619,-0.41997523850257795,-0.26251443168298494,-0.5365110908286871,0.35268271682710944,-0.07161178236944823,1.2426240021103832,0.0,0.0,1.0,1.0,0.0,0.0,0
0.5263386538747475,0.55833427629989,0.2401178939433774,0.026117826587420245,-1.5098524522188095,-1.372067878666936,0.5323825254321687,0.0,0.0,1.0,0.0,0.0,1.0,0
-1.5117032051937302,0.4988987043191811,-1.4100335147167549,-0.12194241483787067,0.8333369540002498,0.5786162657792957,-0.6871143121529886,0.0,0.0,1.0,0.0,0.0,1.0,0
1.4668352933744238,0.7093006291308899,0.6953320756427238,1.7288106029782724,-0.16802604011045927,0.5786162657792957,0.9044784424681744,0.0,0.0,1.0,0.0,0.0,1.0,0
1.3174147871943702,-0.5875835514881764,2.8006976660022023,0.6035527681460564,1.173800371997891,-0.7218398305181921,-0.9261248282053129,0.0,1.0,0.0,0.0,0.0,1.0,0
-0.7129989979850357,0.4561050924930708,-0.6323759543137043,-0.6253472356838627,0.33265545694489523,-1.372067878666936,1.1434889585204988,0.0,0.0,1.0,0.0,0.0,1.0,0
-2.2372676451130893,1.684044009614515,1.3876369769771475,-0.9362737426769747,-0.3883258988148153,0.5786162657792957,-0.4535358532836704,1.0,0.0,0.0,0.0,0.0,1.0,0
1.516642128767775,0.5904294851694722,1.3307352042647287,0.973703371709285,1.2539094115267475,-0.7218398305181921,1.6052138190761258,0.0,1.0,0.0,1.0,0.0,0.0,0
0.4729421366512449,1.2109368566480723,-0.07284185597492401,-0.2700026562631629,0.47284627612039454,2.5293004102255274,1.211389673308091,0.0,0.0,1.0,1.0,0.0,0.0,0
-0.47428515627996526,-0.29040569158463225,-1.4859025449999794,0.5887467440035276,-0.2681623395215302,0.5786162657792957,-0.07600787906465836,0.0,1.0,0.0,1.0,0.0,0.0,0
-0.8830601746884601,0.08641583477306193,0.41082321208063216,0.4554925267207655,-1.3896888929255242,-0.07161178236944823,-0.7631631127150912,0.0,1.0,0.0,0.0,0.0,1.0,0
0.6748617395972633,-0.09070216972944979,-0.2814816892537911,0.4110744542931777,-0.6286530174013855,1.8790723620767835,-0.5730411113098332,1.0,0.0,0.0,1.0,0.0,0.0,0
0.16781918108837285,-2.0247356819817157,-0.8410157875925713,-0.9214677185344445,0.5729825755314654,-0.7218398305181921,0.10868206515759245,0.0,1.0,0.0,0.0,0.0,1.0,0
-0.5110793950390174,-1.6526690013824787,-0.5375396664596737,1.4326901201276894,0.5529553156492513,-0.07161178236944823,-0.16156277969702398,0.0,1.0,0.0,0.0,0.0,1.0,0
-0.008523938817816441,-0.1846103734589705,-0.44270337860564296,-0.34403277697580836,2.0149452870508866,-1.372067878666936,-0.4195854958898743,1.0,0.0,0.0,0.0,0.0,1.0,0
-0.03589526277272114,1.156256130425821,1.2643498027669078,0.662776864716173,-0.468434938343672,0.5786162657792957,0.4590497534615691,1.0,0.0,0.0,0.0,0.0,1.0,1
0.8651148765952893,1.2073707223292314,0.733266590784336,-0.7586014529666248,0.29260093718046687,-0.07161178236944823,-1.8387104349505525,1.0,0.0,0.0,0.0,0.0,1.0,1
0.8395383935554603,0.5072196843964812,-1.2298445677940968,1.3290479511299849,-0.40835315869702943,-0.07161178236944823,1.0728722151414025,1.0,0.0,0.0,0.0,1.0,0.0,0
-0.012113620647967878,-0.6696046408215544,-0.06335822718952074,0.6923889130012321,-0.248135079639316,-0.07161178236944823,-0.46711599624118905,1.0,0.0,0.0,0.0,0.0,1.0,0
0.9126781608447958,1.0076672004740488,1.0936444846296522,0.011311802444891415,0.8934187336468923,1.2288443139280396,0.256705623394544,1.0,0.0,0.0,1.0,0.0,0.0,1
0.11576879455117703,0.6296569626767399,0.1832161212309586,-0.8474375978217991,-0.688734797048028,1.2288443139280396,-0.1289704365989804,0.0,1.0,0.0,0.0,0.0,1.0,0
0.013014152163092174,-0.9501405405705,-0.6608268406699133,0.20379011629777014,0.21249189765161017,1.2288443139280396,-1.5548854471384175,1.0,0.0,0.0,0.0,1.0,0.0,1
-1.0037632262273022,-0.6933788696138382,-2.415298165969479,0.3962684301506489,-0.6086257575191713,-1.372067878666936,0.07337369346804476,0.0,1.0,0.0,0.0,1.0,0.0,0
-0.4473625425538295,-1.386397638908903,-0.8220485300217653,2.602366027387492,-0.5685712377547429,-1.372067878666936,0.18608888001544766,1.0,0.0,0.0,0.0,0.0,1.0,0
-1.2873480908092656,-0.5911496858070191,1.823883901105688,0.3666563818655899,-0.8689801359879556,1.2288443139280396,-1.0877285293997823,1.0,0.0,0.0,1.0,0.0,0.0,1
2.001697886066988,1.4688872390443488,-0.2435471741121788,-0.5661231391137461,-0.28818959940374433,-0.7218398305181921,-0.2715619376529237,0.0,1.0,0.0,0.0,1.0,0.0,0
-0.9063931065844444,-0.03245530918835574,-0.07284185597492401,0.973703371709285,-0.007807961052745825,-0.7218398305181921,-0.016255250051576537,1.0,0.0,0.0,0.0,0.0,1.0,0
-0.9449821862585723,0.3847824061162209,-1.1824264238670819,-0.41806289768845384,0.052273818593896716,-0.7218398305181921,-0.7835333271513687,0.0,0.0,1.0,0.0,0.0,1.0,0
0.5079415344952214,-0.5269592680678529,0.6099794165740964,1.0477334924219306,-0.588598497636957,-0.7218398305181921,1.9732356932248758,0.0,0.0,1.0,0.0,0.0,1.0,0
2.2790008074461863,-0.6208674717973736,0.6099794165740964,0.20379011629777014,-0.7287893168124563,-0.07161178236944823,-0.35847485258104184,0.0,0.0,1.0,0.0,1.0,0.0,0
-0.25800682601334124,-0.2381023882416088,-0.935852075446602,0.2778202370104156,-1.1693890342211684,-0.07161178236944823,0.3639887527589396,1.0,0.0,0.0,1.0,0.0,0.0,0
-0.1233937573826624,1.1265383444354664,1.833367529891091,0.3370443335805322,-0.8689801359879556,-0.7218398305181921,0.7822571558505076,0.0,1.0,0.0,0.0,0.0,1.0,0
0.20865181190634544,0.0994916606088178,0.13579797730394347,-0.3144207286907507,-0.7888710964590989,1.2288443139280396,-1.4041458603099617,0.0,1.0,0.0,1.0,0.0,0.0,0
-0.4958232472608739,-0.12517480147826165,0.7142993332135303,0.3222383094380034,1.6544546091710313,1.2288443139280396,0.9941073859877957,0.0,1.0,0.0,1.0,0.0,0.0,0
-1.2195928462651573,1.5116808508704591,-0.7366958709531378,0.38146240600812004,-0.5685712377547429,-0.07161178236944823,-0.24304363744213486,1.0,0.0,0.0,0.0,0.0,1.0,0
0.14089656736223707,0.4477841124157724,-0.6703104694553166,1.2994359028449272,-0.14799878022824509,-0.07161178236944823,1.6962007768914997,0.0,1.0,0.0,0.0,0.0,1.0,0
0.35179037488363396,-0.1311183586763322,-0.5754741816012859,1.1365696372771061,-0.6687075371658138,3.829756506523015,0.3884330100824728,1.0,0.0,0.0,0.0,0.0,1.0,0
0.5025570117499942,-0.3700493580387823,0.7522338483551426,1.7140045788357423,-0.30821685928595854,-0.07161178236944823,2.665822984058316,0.0,0.0,1.0,0.0,1.0,0.0,0
0.1745498345199068,-0.2642540399131205,0.37288869693901994,-0.1811665114079873,0.47284627612039454,-0.7218398305181921,-0.2824260520189382,1.0,0.0,0.0,1.0,0.0,0.0,0
0.6694772168520361,0.8246056387734649,0.9229391664923974,1.1513756614196349,-0.6086257575191713,1.2288443139280396,-0.3421786810320191,1.0,0.0,0.0,0.0,0.0,1.0,1
-0.49806679840471857,0.34555492860895326,0.19269975001636144,0.026117826587420245,0.09232833835832507,-1.372067878666936,-0.5037823822264893,1.0,0.0,0.0,1.0,0.0,0.0,0
2.1757974548293326,1.0219317377494195,0.07889620459152506,0.7368069854288185,-1.2294708138678108,-0.07161178236944823,1.5658314044993225,0.0,0.0,1.0,0.0,0.0,1.0,0
0.8274232173786993,0.34436621716933846,-1.2013936814378878,-0.3144207286907507,0.21249189765161017,1.8790723620767835,-1.0890865436955337,1.0,0.0,0.0,0.0,1.0,0.0,0
-0.4482599630113674,-0.49010921343981306,1.5583422951144021,0.5443286715759398,1.3740729708200325,-0.07161178236944823,1.3662033030238014,1.0,0.0,0.0,0.0,1.0,0.0,0
-0.02198524568088433,-2.0271131048609443,1.3686697194063409,0.38146240600812004,0.5930098354136796,-0.07161178236944823,-0.052921636036876774,0.0,1.0,0.0,1.0,0.0,0.0,0
1.4237591114126065,1.039762409343631,-0.006456454477102331,-1.36564844281032,2.075027066697529,-0.07161178236944823,0.7618869414142301,1.0,0.0,0.0,1.0,0.0,0.0,0
1.0594064056522359,-0.08238118965215137,-0.5565069240304797,-0.6253472356838627,1.093691332469034,0.5786162657792957,-1.459824446435788,0.0,1.0,0.0,0.0,1.0,0.0,1
-0.6124879067407956,-0.9941228638362251,-2.4247817947548826,-1.513708684235611,-0.7888710964590989,-0.07161178236944823,-1.4611824607315396,1.0,0.0,0.0,0.0,0.0,1.0,0
-0.5366558780788465,-0.28327342294694696,0.5151431287200662,1.447496144270218,-0.8289256162235272,1.2288443139280396,-0.5282266395500225,1.0,0.0,0.0,0.0,0.0,1.0,1
0.8211412741759342,-0.7991741877395,0.8565537649945757,-0.2551966321206341,-1.3296071132788818,0.5786162657792957,0.4400375533210432,1.0,0.0,0.0,0.0,1.0,0.0,0
-0.5770397986680501,0.03886737718849418,0.6573975605011115,-0.7882135012516824,-0.36829863893260106,-1.372067878666936,0.09374390790432223,1.0,0.0,0.0,0.0,1.0,0.0,1
-2.2372676451130893,-1.0583132815753904,-1.0306883633006327,-0.4920930184010993,-0.909034655752384,-0.07161178236944823,-0.7522989983490767,0.0,1.0,0.0,0.0,0.0,1.0,0
1.7118310782822592,-0.23572496536237922,-1.3626153707897397,-0.5217050666861582,1.2138548917623193,1.8790723620767835,0.29744605226709897,1.0,0.0,0.0,0.0,0.0,1.0,0
1.2770308666051666,-0.8158161478940985,-0.006456454477102331,-0.2107785596930463,0.4327917563559662,0.5786162657792957,0.2376934232540181,1.0,0.0,0.0,0.0,0.0,1.0,0
0.835051291267771,-1.0250293612661934,0.37288869693901994,-0.8622436219643279,-1.3296071132788818,1.2288443139280396,0.2648537091690554,0.0,1.0,0.0,0.0,0.0,1.0,0
-0.1368550642457303,2.8513586433156375,-0.29096531803919434,-1.8838592877988396,0.6731188749425363,-0.07161178236944823,1.3308949313342529,0.0,1.0,0.0,0.0,0.0,1.0,1
0.4881982844293885,-0.812250013575256,-0.414252492249434,-0.8770496461068581,0.0723010784761109,-1.372067878666936,-1.4788366465763139,1.0,0.0,0.0,1.0,0.0,0.0,0
1.1765197753609264,-0.7016998496911375,-0.8220485300217653,0.8256431302839942,-0.4484076784614578,-0.07161178236944823,-0.539090753916037,1.0,0.0,0.0,1.0,0.0,0.0,0
-1.3250397500258557,0.522672933111465,-0.044390969618714596,-0.3144207286907507,-0.06788974069938837,0.5786162657792957,-0.9600751855991091,1.0,0.0,0.0,0.0,0.0,1.0,0
-0.5133229461828621,-0.3914461639518366,0.4297904696514379,1.447496144270218,-0.7888710964590989,1.2288443139280396,-0.5472388396905483,1.0,0.0,0.0,0.0,0.0,1.0,1
-0.15031637110879817,0.07334000893730605,0.012510803093703803,0.011311802444891415,-1.12933451445674,1.8790723620767835,-0.34353669532777165,0.0,1.0,0.0,0.0,1.0,0.0,0
0.023334487424777554,2.694448733286565,-1.0212047345152298,0.9885093958518152,-0.6687075371658138,2.5293004102255274,-1.1434071155256083,0.0,1.0,0.0,1.0,0.0,0.0,0
1.6718958679218245,-1.4363235193726986,-0.13922725747274525,-2.0171135050816016,-0.808898356341313,-0.07161178236944823,1.4015116747133491,0.0,1.0,0.0,1.0,0.0,0.0,0
0.03500095337276972,0.591618196609087,0.07889620459152506,0.48510457500582316,0.9535005132935349,0.5786162657792957,0.49707415374262093,1.0,0.0,0.0,1.0,0.0,0.0,0
-0.1476241097361846,1.2656175828703253,0.0694125758061222,0.011311802444891415,0.2525464174160385,-0.7218398305181921,0.24584150902852947,1.0,0.0,0.0,0.0,0.0,1.0,0
-0.7475496856002434,-0.833646819488311,0.22115063637257085,-0.07752434241028419,-0.06788974069938837,1.2288443139280396,1.1190447011969655,1.0,0.0,0.0,1.0,0.0,0.0,0
-0.355376945656199,0.6676957287443944,0.40133958329522934,1.2402118062748106,-0.30821685928595854,1.8790723620767835,-0.9464950426415905,1.0,0.0,0.0,1.0,0.0,0.0,0
0.7668473364948938,0.30395002822245604,1.0936444846296522,-2.268815915504597,-0.9691164353990265,-0.07161178236944823,0.5065802538128839,0.0,1.0,0.0,0.0,0.0,1.0,0
-0.45992642895935953,0.7188103206478031,0.9703573104194125,0.011311802444891415,-1.1894162941033826,-1.372067878666936,-0.07872390765616151,0.0,1.0,0.0,0.0,1.0,0.0,0
0.32262421001365355,0.6011278881260003,0.6099794165740964,-1.202782177242499,0.23251915753382435,1.2288443139280396,-0.5472388396905483,1.0,0.0,0.0,0.0,0.0,1.0,0
0.516467028841831,0.46085993825152827,0.6479139317157087,-0.46248097011604167,-1.12933451445674,0.5786162657792957,1.4802765038669559,0.0,0.0,1.0,0.0,0.0,1.0,0
-1.0867746185495541,0.34436621716933846,0.012510803093703803,-0.9954978392470913,0.6931461348247505,-1.372067878666936,-0.7210646695467846,0.0,1.0,0.0,0.0,0.0,1.0,0
-1.730673796832968,1.2168804138461444,0.5341103862908718,-0.04791229412522521,0.5930098354136796,-0.7218398305181921,0.6450977119795716,0.0,1.0,0.0,1.0,0.0,0.0,0
1.3281838326848245,-1.2128457687252332,1.103128113415055,0.7960310819989351,-0.8890073958701697,-1.372067878666936,-0.23489555166762346,1.0,0.0,0.0,0.0,0.0,1.0,1
0.3468545623671757,0.08522712333344713,-1.2298445677940968,-2.0467255533666604,-0.5084894581081003,-0.07161178236944823,-0.009465178572817699,0.0,1.0,0.0,0.0,0.0,1.0,0
0.898768143752959,1.9194088746581226,-0.7935976436655562,-0.7289894046815658,-0.6486802772835996,0.5786162657792957,0.3843589671952171,1.0,0.0,0.0,0.0,1.0,0.0,0
-1.4291405231002472,1.5081147165516164,-0.8030812724509595,0.5295226474334109,-0.28818959940374433,-0.7218398305181921,-0.7726692127853542,0.0,1.0,0.0,0.0,0.0,1.0,0
-1.1590169653813518,-0.5210157108697823,-0.39528523467862786,0.011311802444891415,0.35268271682710944,-0.7218398305181921,-0.8718042563752394,1.0,0.0,0.0,0.0,0.0,1.0,0
0.24185636883524622,-0.9513292520101139,0.14528160608934632,1.358659999415044,0.2525464174160385,-0.7218398305181921,-2.47018708247516,1.0,0.0,0.0,0.0,0.0,1.0,1
-1.112351101589383,-1.3697556787543044,-0.2150962877559698,-0.9806918151045612,-1.1093072545745257,1.8790723620767835,-1.0483461148229787,1.0,0.0,0.0,0.0,0.0,1.0,0
-0.44332415049490914,-0.626811028995444,-0.30044894682459716,0.15937204387018233,0.9134459935291065,1.2288443139280396,0.7034923266969009,1.0,0.0,0.0,0.0,0.0,1.0,0
0.9059475074132619,-0.3106137860580735,1.3876369769771475,1.4919142166978059,0.8733914737646782,0.5786162657792957,-0.1602047654012724,0.0,1.0,0.0,0.0,0.0,1.0,0
-0.052946251465940466,0.2040982672948648,0.1263143485185406,-1.1287520565298534,0.1724373778871818,0.5786162657792957,0.08831185072131498,0.0,1.0,0.0,0.0,0.0,1.0,0
0.5860171143010152,-0.12874093579710433,0.8091356210675605,0.5295226474334109,-1.1693890342211684,-0.07161178236944823,2.085950879772279,0.0,0.0,1.0,0.0,1.0,0.0,0
2.1407980569853557,-0.01105850327529975,2.0040728480283456,-1.0843339841022657,0.052273818593896716,0.5786162657792957,-2.0301904506515625,0.0,1.0,0.0,1.0,0.0,0.0,0
-1.2227338178665397,-0.6470191234688852,0.38237232572442276,-0.6549592839689203,2.9161719817505247,-1.372067878666936,0.7958372988080262,0.0,1.0,0.0,0.0,1.0,0.0,0
0.016155123764474682,0.8388701760488355,0.8470701362091728,-0.6253472356838627,-1.0492254749278833,-1.372067878666936,-0.8677302134879836,1.0,0.0,0.0,1.0,0.0,0.0,0
0.21448504488034154,2.3782514903491947,-0.19612903018516367,-0.28480868040569174,0.5129007958848228,-0.7218398305181921,-0.1724268940630385,0.0,1.0,0.0,0.0,0.0,1.0,0
-1.7019563421917565,-0.36410580084071176,0.3254705530120048,0.2778202370104156,-0.3883258988148153,-0.7218398305181921,-0.5309426681415256,1.0,0.0,0.0,1.0,0.0,0.0,0
-0.18307221780893002,0.03292381999042364,-0.9263684466611992,-0.1811665114079873,-0.6486802772835996,-0.7218398305181921,-0.6681021120124626,0.0,1.0,0.0,0.0,1.0,0.0,0
0.9342162518257044,0.010338302637754551,0.8565537649945757,-0.2107785596930463,-0.5285167179903145,-0.07161178236944823,-0.06106972181138815,0.0,1.0,0.0,1.0,0.0,0.0,0
0.7807573535867306,0.7021683604932062,-0.6987613558115255,2.9132925343806026,-0.08791700058160255,-0.07161178236944823,1.2168217304910982,0.0,0.0,1.0,0.0,1.0,0.0,0
0.6326829780929838,1.168143244821962,-1.2772627117211124,-0.7882135012516824,-0.8489528761057414,0.5786162657792957,0.055719507623271394,0.0,1.0,0.0,1.0,0.0,0.0,1
-0.8090229869415867,1.3690354781167593,0.22115063637257085,-0.3144207286907507,1.0135822929401774,1.2288443139280396,0.43188946754653185,0.0,1.0,0.0,0.0,0.0,1.0,0
0.4585834093306392,0.5928069080487018,-1.2677790829357092,-0.9214677185344445,-0.007807961052745825,-1.372067878666936,0.07201567917229318,0.0,1.0,0.0,0.0,0.0,1.0,0
-0.3450566103945136,-0.5602431883770499,0.6573975605011115,0.011311802444891415,-0.7087620569302422,-1.372067878666936,0.8813921994403928,1.0,0.0,0.0,0.0,0.0,1.0,0
-0.07897144473453838,2.684939041769652,-1.3626153707897397,0.3666563818655899,1.3740729708200325,0.5786162657792957,1.2697842880254204,1.0,0.0,0.0,0.0,1.0,0.0,0
0.040834186346765805,-1.836919274522676,0.5056594999346624,-0.15155446312292964,-0.8689801359879556,-0.07161178236944823,0.9927493716920441,0.0,1.0,0.0,0.0,0.0,1.0,0
0.6470417054135896,-0.7242853670438066,0.6479139317157087,-0.2996147045482206,-0.22810781975710182,0.5786162657792957,0.5228764253619057,0.0,1.0,0.0,1.0,0.0,0.0,0
0.6905665976041757,-0.06930536381639549,-0.3099325756100005,0.4554925267207655,-0.6486802772835996,1.8790723620767835,-0.5621769969438186,1.0,0.0,0.0,1.0,0.0,0.0,0
0.13237107301562742,2.801432762851842,0.7522338483551426,-0.6253472356838627,2.1551361062263856,-0.7218398305181921,-0.9139026995435459,0.0,1.0,0.0,0.0,0.0,1.0,1
-1.8670817063787224,-0.4282962185798764,-0.129743628687342,0.011311802444891415,-0.3883258988148153,0.5786162657792957,0.014979078750715469,1.0,0.0,0.0,0.0,0.0,1.0,0
0.1956392152720465,0.8293604845319223,0.05992894702071892,-0.003494221697638729,0.3927372365915378,1.2288443139280396,1.1570691014780174,1.0,0.0,0.0,0.0,1.0,0.0,0
1.7383049817796261,-0.30229280598077335,-1.220360939008694,0.9440913234242274,-1.2294708138678108,-0.07161178236944823,-0.5974853686333663,0.0,1.0,0.0,0.0,1.0,0.0,0
0.042180317033072595,2.752695593827661,-0.7935976436655562,-1.513708684235611,-0.7688438365768847,-0.7218398305181921,0.11411412234060068,0.0,1.0,0.0,0.0,0.0,1.0,0
-0.7780619811565306,1.71970535280294,1.0082918255610247,0.011311802444891415,0.11235559824053926,-0.07161178236944823,2.140271451602352,0.0,0.0,1.0,0.0,1.0,0.0,0
0.9108833199297202,-0.14657160739131594,-1.0117211057298265,0.011311802444891415,0.23251915753382435,-0.7218398305181921,-2.2338925950143396,0.0,1.0,0.0,0.0,0.0,1.0,0
-0.4518496448415188,0.4145001921065753,0.8281028786383671,0.662776864716173,-0.42838041857924364,-1.372067878666936,-0.9560011427118533,1.0,0.0,0.0,1.0,0.0,0.0,0
-0.5487710542556076,-0.43542848721756167,0.4297904696514379,-0.3884508494033962,-0.909034655752384,-1.372067878666936,-2.7580861131745515,1.0,0.0,0.0,0.0,0.0,1.0,0
1.1397255366018741,1.5318889453439004,1.0651935982734435,0.11495397144259453,0.47284627612039454,4.479984554671759,0.4943581251511168,0.0,0.0,1.0,1.0,0.0,0.0,0
-0.043972046890561875,0.4442179780969297,1.3307352042647287,0.4999105991483533,-0.5084894581081003,-0.07161178236944823,0.5989252259240093,0.0,1.0,0.0,0.0,1.0,0.0,0
0.05384678298106476,0.5202955102322371,-0.9263684466611992,-0.3588388011183372,-1.0892799946923115,-0.7218398305181921,-2.1972262090290395,0.0,1.0,0.0,0.0,1.0,0.0,0
0.6990920919507854,-0.4556365816910029,-0.2435471741121788,-1.18797615309997,-0.9691164353990265,0.5786162657792957,-1.14476512982136,1.0,0.0,0.0,0.0,0.0,1.0,0
0.9620362860093781,0.07690614325614871,0.8186192498529634,-0.1811665114079873,-0.5285167179903145,-0.07161178236944823,-0.031193407304846755,0.0,1.0,0.0,1.0,0.0,0.0,0
1.3806829294507894,-0.40571070122720726,-0.3858016058932246,-0.6105412115413326,-0.7688438365768847,-0.7218398305181921,0.2186812231134922,0.0,1.0,0.0,0.0,0.0,1.0,0
-0.6578076398464574,-0.5638093226958926,-0.5659905528158831,1.6843925305506846,-0.5285167179903145,-1.372067878666936,-0.4630419533539334,1.0,0.0,0.0,0.0,0.0,1.0,0
0.8754352118569747,-0.08000376677292348,-0.6703104694553166,1.8028407236909179,-1.12933451445674,-0.07161178236944823,1.4069437318963565,1.0,0.0,0.0,1.0,0.0,0.0,0
0.6865282055452554,-0.08594732397099403,1.6057604390414173,-0.3588388011183372,-1.4097161528077384,0.5786162657792957,-0.12761242230322786,0.0,0.0,1.0,0.0,0.0,1.0,0
1.1451100593471013,0.9101928624256872,-0.2814816892537911,-0.3144207286907507,0.8733914737646782,-0.07161178236944823,-0.9845194429226423,0.0,1.0,0.0,1.0,0.0,0.0,0
1.1199822865360414,0.5785423707733311,0.6004957877886935,0.1445660197276535,-0.9290619156345982,-0.7218398305181921,0.20510108015597356,1.0,0.0,0.0,0.0,0.0,1.0,0
-0.3078136614066924,-2.1400406916242907,0.9039719089215908,0.35185035772306106,0.19246463776939599,0.5786162657792957,-1.8957470353721302,0.0,1.0,0.0,0.0,1.0,0.0,1
0.47608310825262745,-2.237515029672653,-0.053874598404117874,-1.4396785635229654,-0.6286530174013855,-1.372067878666936,0.7048503409926524,1.0,0.0,0.0,0.0,1.0,0.0,0
0.7641550751222802,-0.1537038760290013,0.42030684086603504,-0.8030195253942126,-0.8489528761057414,-1.372067878666936,0.3653467670546912,0.0,1.0,0.0,0.0,0.0,1.0,0
0.8588329333925243,0.4251985950631016,0.6953320756427238,2.661590123957607,-0.14799878022824509,0.5786162657792957,2.3086652242755816,0.0,0.0,1.0,0.0,0.0,1.0,0
-0.13057312104296526,0.4228211721838737,0.7522338483551426,-0.15155446312292964,-0.40835315869702943,0.5786162657792957,0.7075663695841565,0.0,0.0,1.0,1.0,0.0,0.0,0
-1.1289533800538334,0.11969975508225901,1.359186090620938,1.0329274682794016,-1.2294708138678108,0.5786162657792957,-0.16971086547153535,1.0,0.0,0.0,0.0,0.0,1.0,1
-0.7776132709277617,0.5987504652467723,-0.6987613558115255,-1.2916183220976731,-0.4484076784614578,0.5786162657792957,1.083736329507418,1.0,0.0,0.0,1.0,0.0,0.0,0
-1.7019563421917565,0.24213703336251935,-2.548068968965122,0.21859614044029896,-0.588598497636957,-1.372067878666936,-0.8052615558833986,0.0,1.0,0.0,0.0,0.0,1.0,0
0.8408845242417672,0.7877555841454268,1.3686697194063409,-0.018300245840167557,3.0763900608082384,-0.07161178236944823,1.7627434773833404,0.0,0.0,1.0,1.0,0.0,0.0,0
0.5039031424363011,-0.13825062731401752,0.5246267575054689,0.21859614044029896,-1.3696616330433102,-0.07161178236944823,1.2684262737296688,0.0,1.0,0.0,0.0,0.0,1.0,0
0.663195273649271,-0.13706191587440275,2.0040728480283456,0.3370443335805322,1.0536368127046059,0.5786162657792957,-0.006749149981313585,1.0,0.0,0.0,0.0,0.0,1.0,0
1.7172156010274864,-0.30348151742038815,-1.2962299692919181,0.9440913234242274,-1.2094435539855968,-0.07161178236944823,-0.5879792685631033,0.0,1.0,0.0,0.0,1.0,0.0,0
-1.3106810227052499,-0.08713603541060712,-0.594441439172092,0.3222383094380034,-1.4097161528077384,0.5786162657792957,-0.7631631127150912,0.0,1.0,0.0,1.0,0.0,0.0,0
0.4392888694935752,0.06501902886000593,-0.5470232952450769,-0.6993773563965082,0.0723010784761109,0.5786162657792957,-0.7034104837020103,0.0,1.0,0.0,0.0,1.0,0.0,0
-0.19294384284184649,1.8136135565324607,0.8091356210675605,-1.336036394525261,-0.007807961052745825,-0.07161178236944823,1.2874384738701947,0.0,0.0,1.0,0.0,0.0,1.0,0
-1.0410061752151232,1.763687676068665,0.38237232572442276,0.3222383094380034,-0.8689801359879556,1.2288443139280396,0.915342556834189,0.0,0.0,1.0,1.0,0.0,0.0,0
-0.14672668927864674,0.4216324607442589,-0.30044894682459716,1.7288106029782724,-1.1093072545745257,-0.07161178236944823,-0.06514376469864287,1.0,0.0,0.0,0.0,1.0,0.0,0
-0.494925826803336,0.41806632642541797,0.31598692422660196,-1.9726954326540138,1.954863507404244,-0.07161178236944823,-1.0809384579210233,0.0,1.0,0.0,1.0,0.0,0.0,0
0.797359632051181,1.328619289169877,-0.6418595830991072,0.42588047843570653,-1.1693890342211684,1.2288443139280396,-0.4874862106774665,1.0,0.0,0.0,0.0,0.0,1.0,0
0.5074928242664525,-1.6716883844163053,0.44875772722224444,-0.5809291632562749,-1.3696616330433102,1.2288443139280396,-1.5168610468573656,1.0,0.0,0.0,0.0,0.0,1.0,0
-0.0991634050291402,-0.41997523850257795,0.9988081967756219,0.6923889130012321,-0.8289256162235272,-0.7218398305181921,1.1950935017590683,0.0,0.0,1.0,0.0,0.0,1.0,0
-1.0454932775028125,-0.3997671440291367,-1.8273131812744896,-0.6697653081114492,-1.12933451445674,-0.07161178236944823,1.2439820164061355,1.0,0.0,0.0,0.0,0.0,1.0,0
1.394592946542626,-0.3700493580387823,-0.414252492249434,-0.5957351873988037,-0.7087620569302422,-0.7218398305181921,0.2146071802262365,0.0,1.0,0.0,0.0,0.0,1.0,0
-0.3818508491535658,2.1512076053828872,0.6953320756427238,-0.7734074771091536,-1.6099887516298803,-1.372067878666936,0.3449765526184137,0.0,1.0,0.0,0.0,0.0,1.0,0
-0.22166129748305796,-0.37837033811608073,-1.1065573935838573,0.17417806801271116,-0.248135079639316,-0.7218398305181921,-1.787105891711982,0.0,0.0,1.0,0.0,1.0,0.0,0
0.11890976615255953,0.6284682512371268,0.733266590784336,-0.9806918151045612,0.9935550330579632,1.2288443139280396,0.09510192220007478,1.0,0.0,0.0,1.0,0.0,0.0,0
-1.8993888428500854,-0.5519222082997515,-0.20561265897056652,1.7880346995483878,-0.14799878022824509,0.5786162657792957,-0.6585960119421996,0.0,1.0,0.0,0.0,0.0,1.0,0
0.50435185266507,-0.30348151742038815,-0.6892777270261227,0.4702985508632943,0.29260093718046687,1.2288443139280396,-0.028477378713343604,1.0,0.0,0.0,0.0,0.0,1.0,0
0.8323590298951574,0.044810934386566414,-1.5238370601415918,0.10014794730006571,-0.40835315869702943,-0.07161178236944823,-0.8582241134177206,0.0,1.0,0.0,0.0,0.0,1.0,0
-1.845543615397814,1.1800303592181047,-1.0591392496568417,2.054543134113913,-0.22810781975710182,1.8790723620767835,1.6269420478081558,0.0,0.0,1.0,0.0,0.0,1.0,0
-0.7538316288030084,-0.38788002963299395,-0.101292742331133,0.7812250578564063,-0.36829863893260106,-0.07161178236944823,-0.654521969054944,0.0,1.0,0.0,0.0,0.0,1.0,0
0.13147365255808957,0.17794661562335307,1.937687446530525,1.358659999415044,0.9334732534113207,-0.7218398305181921,-0.5160045108882554,0.0,0.0,1.0,0.0,0.0,1.0,1
-0.978635453416242,-0.2511782140773646,-0.3194162043954033,0.026117826587420245,1.0736640725868198,0.5786162657792957,0.5771969971919793,0.0,1.0,0.0,0.0,0.0,1.0,0
-0.5855652930146598,-1.3875863503485169,0.8470701362091728,1.7436166271208013,3.4368807386880937,-0.7218398305181921,-0.35847485258104184,1.0,0.0,0.0,0.0,1.0,0.0,0
-0.19698223490076683,-1.466041305363053,-0.03490734083331174,0.8996732509966395,-1.3296071132788818,-0.7218398305181921,1.9949639219569049,0.0,0.0,1.0,0.0,0.0,1.0,0
0.7726805694688899,-1.2461296890344302,-1.3436481132189337,-1.780217118801135,-0.468434938343672,-0.07161178236944823,-1.7395753913606682,1.0,0.0,0.0,0.0,0.0,1.0,0
1.3147225258217567,-1.432757385053856,0.5720449014324841,-0.41806289768845384,-0.3883258988148153,1.8790723620767835,0.7184304839501711,1.0,0.0,0.0,1.0,0.0,0.0,0
0.36839265334808435,-0.626811028995444,1.3307352042647287,0.2778202370104156,1.4942365301133178,-0.07161178236944823,-0.3869931527918307,0.0,1.0,0.0,1.0,0.0,0.0,0
-0.30153171820392743,1.2644288714307106,0.7617174771405454,1.5215262649828636,0.8733914737646782,1.2288443139280396,0.8786761708488887,0.0,0.0,1.0,0.0,0.0,1.0,0
0.4451221024675713,-0.4128429698648926,1.4729896360457748,0.7071949371437608,0.4528190162381803,-0.07161178236944823,1.8618785209732245,0.0,0.0,1.0,0.0,0.0,1.0,0
-0.4482599630113674,-1.9653001100010068,-1.9790512418409385,0.04092385072994907,2.4755722643418125,-0.7218398305181921,-0.46983202483269315,0.0,1.0,0.0,0.0,1.0,0.0,0
1.4802966002374918,0.71762160920819,-1.391066257145949,-0.9806918151045612,1.0536368127046059,-0.7218398305181921,-1.9201912926956635,1.0,0.0,0.0,1.0,0.0,0.0,0
0.18621630046789897,-0.20719589081163958,-1.4859025449999794,0.5739407198609988,-0.36829863893260106,0.5786162657792957,-0.8677302134879836,1.0,0.0,0.0,0.0,0.0,1.0,0
1.9406732949544134,-0.8669307397975081,-1.1350082799400663,0.011311802444891415,-0.7287893168124563,0.5786162657792957,-0.7156326123637764,1.0,0.0,0.0,1.0,0.0,0.0,0
0.6649901145643468,0.2766096651113295,1.103128113415055,-2.254009891362068,-0.9691164353990265,-0.07161178236944823,0.5215184110661542,0.0,1.0,0.0,0.0,0.0,1.0,0
-1.1545298630936625,0.3812162717973782,-1.8367968100598928,-1.8098291670861941,-0.04786248081717419,-0.07161178236944823,-0.5458808253947958,0.0,1.0,0.0,1.0,0.0,0.0,0
0.7197327624741562,-0.0467198464637264,1.5583422951144021,-0.2996147045482206,-1.3896888929255242,0.5786162657792957,-0.1289704365989804,0.0,0.0,1.0,0.0,0.0,1.0,0
0.2517279938681627,0.12207717796148689,0.19269975001636144,-0.3588388011183372,-0.7888710964590989,1.2288443139280396,-1.4082199031972176,0.0,1.0,0.0,1.0,0.0,0.0,0
-1.7773396606249365,-0.36767193515955277,-1.049655620871439,-0.19597253555051744,0.35268271682710944,-1.372067878666936,1.0389218577476063,1.0,0.0,0.0,0.0,0.0,1.0,0
1.2438263096762658,0.8899847679522459,1.9471710753159277,2.4394997618196705,0.012219298829468357,-0.7218398305181921,0.7034923266969009,0.0,0.0,1.0,0.0,0.0,1.0,1
0.9750488826436771,0.03767866574888109,-0.9168848178757959,-1.3952604910953776,0.23251915753382435,1.8790723620767835,-1.7708097201629602,1.0,0.0,0.0,0.0,1.0,0.0,0
-0.11845794486620417,-0.3652945122803249,-0.053874598404117874,-0.9658857909620323,-0.18805329999267345,0.5786162657792957,-0.8500760276432093,0.0,0.0,1.0,0.0,1.0,0.0,0
-1.0481855388754262,-0.17510068194205727,-0.7935976436655562,-0.12194241483787067,1.3941002307022468,1.2288443139280396,0.3680627956461953,1.0,0.0,0.0,1.0,0.0,0.0,0
-0.25307101349688305,-1.4814945540780369,0.5056594999346624,0.9440913234242274,-0.18805329999267345,-0.7218398305181921,-1.8821668924146115,0.0,1.0,0.0,0.0,0.0,1.0,0
-0.596783048733883,0.8709653849184178,0.9324227952778003,0.5887467440035276,-0.8689801359879556,-0.07161178236944823,0.016337093046467042,0.0,1.0,0.0,1.0,0.0,0.0,0
-0.7919719982483674,-1.0856536446865162,0.8470701362091728,-0.5661231391137461,-0.6687075371658138,1.2288443139280396,-0.03390943589635087,0.0,1.0,0.0,0.0,0.0,1.0,0
1.2388904971598076,-0.22740398528508077,-0.48063789374725524,0.1889840921552413,-0.909034655752384,0.5786162657792957,-0.9722973142608752,1.0,0.0,0.0,0.0,1.0,0.0,0
1.688049436157506,-0.536468959584766,-0.6892777270261227,1.1365696372771061,-0.7488165766946705,-0.07161178236944823,-0.875878299262495,1.0,0.0,0.0,0.0,0.0,1.0,0
0.4226865910291248,0.5298052017491502,0.4582413560076473,-0.5217050666861582,1.634427349288817,-1.372067878666936,0.8420097848635895,0.0,1.0,0.0,0.0,0.0,1.0,0
-1.5579203587569301,1.260862737111868,-0.2814816892537911,0.3074322852954733,-1.009170955163455,-1.372067878666936,0.6043572831070165,0.0,0.0,1.0,0.0,0.0,1.0,0
1.407156832948156,0.8531347133242062,-0.053874598404117874,-1.2175882013850277,-0.5685712377547429,1.8790723620767835,-1.6227861619260098,0.0,1.0,0.0,0.0,0.0,1.0,0
0.7094124272124708,0.4846341670438104,-1.1634591662962757,-0.3144207286907507,0.6931461348247505,1.8790723620767835,0.053003479031767275,0.0,1.0,0.0,0.0,0.0,1.0,0
-1.3492701023793778,1.25848531423264,-1.0117211057298265,-1.4544845876654942,0.3727099767093236,-1.372067878666936,0.7822571558505076,0.0,0.0,1.0,0.0,1.0,0.0,0
0.7103098476700086,0.7723023354304414,2.933468468997846,-0.5513171149712159,-1.3296071132788818,0.5786162657792957,-0.6572379976464471,0.0,1.0,0.0,1.0,0.0,0.0,0
-0.3652485706891154,-0.4164091041837353,-0.8410157875925713,0.4554925267207655,-0.5285167179903145,-0.7218398305181921,0.4210253531805173,1.0,0.0,0.0,0.0,0.0,1.0,0
0.3302522839027253,-0.8681194512371221,1.1126117422004587,1.1365696372771061,1.4742092702311036,-1.372067878666936,-0.005391135685562011,0.0,1.0,0.0,0.0,0.0,1.0,0
0.4348017672058859,-2.374216845228284,2.098909135882377,-1.602544829090785,1.2739366714089617,-0.07161178236944823,0.5568267827557019,1.0,0.0,0.0,0.0,0.0,1.0,0
0.29211191445736634,0.28493064518862965,-0.006456454477102331,-1.0103038633896202,1.0736640725868198,-0.07161178236944823,0.11411412234060068,1.0,0.0,0.0,1.0,0.0,0.0,0
0.6452468644985139,-0.038398866386426284,2.7437958932897843,-0.1663604872654585,-1.1093072545745257,-1.372067878666936,-0.15884675110552082,1.0,0.0,0.0,0.0,0.0,1.0,0
-0.8188946119745032,0.11851104364264423,1.463506007260372,1.447496144270218,-1.0892799946923115,0.5786162657792957,-0.11946433652871744,0.0,0.0,1.0,1.0,0.0,0.0,1
0.21134407327895902,-1.0428600328604059,-0.03490734083331174,-1.3952604910953776,-1.12933451445674,-1.372067878666936,-1.568465590095935,0.0,1.0,0.0,0.0,0.0,1.0,0
1.35106805435204,-0.07643763245408082,2.250647196448826,-0.8474375978217991,-0.027835220934960006,-0.7218398305181921,1.220895773378354,0.0,1.0,0.0,1.0,0.0,0.0,0
0.8422306549280739,-0.27019759711119107,1.8713020450327031,-0.2700026562631629,-0.7488165766946705,-0.7218398305181921,1.0362058291561032,0.0,1.0,0.0,0.0,0.0,1.0,0
1.038765735128865,-1.1308246793918553,-0.053874598404117874,-0.3144207286907507,0.6130370952958938,-0.07161178236944823,-0.33946265244051593,1.0,0.0,0.0,0.0,0.0,1.0,0
0.10275619791687808,-0.0788150553333087,0.20218337880176512,0.6035527681460564,0.6931461348247505,1.2288443139280396,-0.6029174258163735,0.0,1.0,0.0,1.0,0.0,0.0,0
-1.800223882292152,-0.352218686444569,-0.7651467573093472,0.011311802444891415,1.6144000894066028,-0.7218398305181921,0.10732405086184088,0.0,1.0,0.0,0.0,0.0,1.0,0
-1.0221603456068282,0.49176643568149575,1.5867931814706115,0.9588973475667563,-0.36829863893260106,0.5786162657792957,0.1792988085366888,0.0,1.0,0.0,1.0,0.0,0.0,1
-1.1850421586499496,-0.46395756176830133,0.8470701362091728,0.5739407198609988,0.052273818593896716,-0.7218398305181921,0.141274408255637,1.0,0.0,0.0,0.0,0.0,1.0,0
0.35403392602747863,2.249870654870864,0.4866922423638567,-0.41806289768845384,-0.7888710964590989,-0.7218398305181921,-0.6803242406742287,0.0,1.0,0.0,1.0,0.0,0.0,0
-1.9963102522641742,0.9422880712952695,-0.6987613558115255,-0.2107785596930463,-0.027835220934960006,-0.7218398305181921,-0.560818982648067,0.0,0.0,1.0,1.0,0.0,0.0,0
1.0755599738879174,-1.0702003959715316,-0.3099325756100005,1.2105997579897516,-1.009170955163455,-0.7218398305181921,-0.685756297857236,0.0,1.0,0.0,0.0,0.0,1.0,0
-0.7112041570699601,0.8971170365899296,1.975621961672137,0.04092385072994907,0.11235559824053926,-0.7218398305181921,-0.07736589336040994,1.0,0.0,0.0,0.0,0.0,1.0,0
1.2725437643174773,0.511974530154937,-0.2814816892537911,-0.9954978392470913,-1.12933451445674,0.5786162657792957,-0.25933980899115666,0.0,1.0,0.0,0.0,0.0,1.0,0
0.40025107959067835,-1.5219107430249192,0.3539214393682142,-0.743795428824096,-0.06788974069938837,-0.7218398305181921,0.7252205554289308,0.0,1.0,0.0,0.0,0.0,1.0,0
-0.8498556177595593,0.9660623000875533,-0.12025999990193913,1.9805130134012678,-0.7488165766946705,-1.372067878666936,-0.4616839390581818,1.0,0.0,0.0,0.0,0.0,1.0,0
0.2678815621038441,-1.258016803430572,1.2738334315523105,1.1365696372771061,-0.5485439778725287,-0.7218398305181921,0.4115192531102544,1.0,0.0,0.0,0.0,1.0,0.0,0
-0.19070029169800182,0.018659282715054668,-0.9168848178757959,-0.2107785596930463,-0.6486802772835996,-0.7218398305181921,-0.6585960119421996,0.0,1.0,0.0,0.0,1.0,0.0,0
0.0044886578164825145,-1.5658930662906434,-1.0212047345152298,0.5739407198609988,-0.5485439778725287,-0.7218398305181921,0.1955949800857106,1.0,0.0,0.0,0.0,1.0,0.0,0
1.5556799186706718,0.7770571811888989,-0.06335822718952074,-0.06271831826775535,0.15241011800496762,-1.372067878666936,-1.2167398874962079,0.0,1.0,0.0,0.0,1.0,0.0,0
0.3917255852440687,-2.431274994329764,2.089425507096973,-1.5581267566631987,1.2739366714089617,-0.07161178236944823,0.5215184110661542,1.0,0.0,0.0,0.0,0.0,1.0,0
0.535761568678895,0.9066267281068445,-0.13922725747274525,-0.15155446312292964,-0.8890073958701697,1.2288443139280396,-1.5820457330534536,1.0,0.0,0.0,0.0,0.0,1.0,0
1.058508985194698,-0.051474692222182164,1.103128113415055,-0.3884508494033962,-0.8890073958701697,-0.7218398305181921,0.4685558535318321,0.0,1.0,0.0,0.0,0.0,1.0,0
0.13416591393070315,-0.100211861246363,0.5246267575054689,0.7220009612862897,-0.7087620569302422,0.5786162657792957,-1.1583452727788786,1.0,0.0,0.0,1.0,0.0,0.0,0
-0.49178485520195353,0.9541751856914106,1.3971206057625503,0.3074322852954733,-0.6086257575191713,-1.372067878666936,0.39658109585698414,0.0,1.0,0.0,0.0,0.0,1.0,0
-0.17903382575000965,-0.6707933522611683,0.6099794165740964,1.0329274682794016,0.012219298829468357,-0.7218398305181921,3.127547844613944,0.0,0.0,1.0,0.0,0.0,1.0,0
0.8489613083596078,-1.3436040270827927,-1.4953861737853829,-0.09233036655281301,-0.7688438365768847,2.5293004102255274,-0.08008192195191309,1.0,0.0,0.0,0.0,1.0,0.0,0
-0.052946251465940466,0.06383031742039284,0.7237829619989332,-0.43286892183098397,-1.2695253336322392,-0.07161178236944823,-0.21180930863984285,1.0,0.0,0.0,1.0,0.0,0.0,0
0.16467820948699036,0.2528354363190473,1.150546257342071,0.17417806801271116,0.0723010784761109,-1.372067878666936,-0.6803242406742287,0.0,0.0,1.0,1.0,0.0,0.0,0
0.3657003919754708,2.213020600242824,1.5583422951144021,0.17417806801271116,-0.3482713790503869,-0.07161178236944823,-0.12082235082446902,0.0,0.0,1.0,1.0,0.0,0.0,0
0.1790369368075961,-0.5792625714108763,-0.006456454477102331,-0.15155446312292964,-0.007807961052745825,1.2288443139280396,-1.2343940733409813,1.0,0.0,0.0,0.0,0.0,1.0,0
0.3890333238714551,2.1844915256920845,-0.36683434832241846,1.3882720477001014,-0.22810781975710182,-0.7218398305181921,-1.9283393784701748,1.0,0.0,0.0,0.0,1.0,0.0,0
-0.15570089385402533,0.5500132962225915,1.7859493859640758,-1.4100665152379064,-0.468434938343672,-0.07161178236944823,0.05436149332751885,0.0,1.0,0.0,0.0,1.0,0.0,0
0.5703122562941026,1.5853809601265385,-2.016985756982551,-0.8030195253942126,-0.688734797048028,-0.7218398305181921,-0.1411925652607465,1.0,0.0,0.0,1.0,0.0,0.0,0
0.8319103196663885,-0.056229537980639614,0.7427502195697389,-0.8030195253942126,0.35268271682710944,-0.7218398305181921,-1.3729115315076699,0.0,1.0,0.0,0.0,1.0,0.0,0
-0.6501795659573857,0.6558086143482533,0.6479139317157087,-0.6697653081114492,0.9334732534113207,1.2288443139280396,0.48621003937660545,0.0,0.0,1.0,1.0,0.0,0.0,0
-0.3881327923563308,-0.8372129538071537,-0.044390969618714596,-1.3064243462402034,1.3139911911733901,-0.07161178236944823,0.6152213974730311,0.0,0.0,1.0,0.0,0.0,1.0,1
-1.1540811528648935,-0.8051177449375706,0.30650329544119825,0.38146240600812004,0.35268271682710944,-0.7218398305181921,-0.26205583758266077,0.0,0.0,1.0,0.0,0.0,1.0,0
2.7784152920660046,0.08403841189383404,2.6774104917919628,1.3290479511299849,0.8133096941180356,-0.07161178236944823,0.34361853832266215,1.0,0.0,0.0,0.0,0.0,1.0,0
-1.0266474478945176,-0.05860696085986749,0.6384303029303058,-0.24039060797810394,-1.2695253336322392,1.2288443139280396,-0.6613120405337028,1.0,0.0,0.0,0.0,0.0,1.0,0
0.19967760733096684,0.8507572904449783,0.09786346216233119,-0.018300245840167557,0.41276449647375196,1.2288443139280396,1.1570691014780174,1.0,0.0,0.0,0.0,1.0,0.0,0
-1.7943906493181558,-1.2675264949474854,-1.874731325201505,-0.8030195253942126,0.5930098354136796,0.5786162657792957,1.6038558047803744,0.0,1.0,0.0,0.0,1.0,0.0,0
1.9909288405765335,-0.8859501228313346,-1.1350082799400663,0.011311802444891415,-0.6687075371658138,0.5786162657792957,-0.729212755321295,1.0,0.0,0.0,1.0,0.0,0.0,0
0.2948041758299799,0.7699249125512135,-0.4521870073910463,0.9885093958518152,-0.6286530174013855,0.5786162657792957,0.28658193790108444,1.0,0.0,0.0,1.0,0.0,0.0,0
-0.08300983679345875,2.973795921595898,-0.4996051513180614,-1.202782177242499,0.35268271682710944,-0.7218398305181921,-0.17785895124604673,0.0,1.0,0.0,0.0,0.0,1.0,0
-0.5164639177842446,-1.3911524846673595,1.7005967268954485,1.1513756614196349,0.853364213882464,1.2288443139280396,1.9094090213245394,0.0,0.0,1.0,1.0,0.0,0.0,0
1.1168413149346588,-1.0167083811888942,-0.30044894682459716,1.2254057821322804,-0.9891436952812407,-0.7218398305181921,-0.7129165837722733,0.0,1.0,0.0,0.0,0.0,1.0,0
-0.6317824465778595,-0.685057889536539,0.4961758711492596,-0.9806918151045612,0.633064355178108,0.5786162657792957,0.9044784424681744,0.0,1.0,0.0,0.0,0.0,1.0,1
1.491514355956715,1.0290640063871048,0.9134555377069945,-0.37364482526086734,2.9962810212793816,0.5786162657792957,-0.20501923716108303,0.0,0.0,1.0,0.0,0.0,1.0,1
-2.2368189348843206,0.937533225536812,-1.2772627117211124,-0.4920930184010993,-1.2294708138678108,-0.07161178236944823,1.0158356147198258,0.0,0.0,1.0,1.0,0.0,0.0,0
-0.11980407555251096,0.21123053593255015,0.7806847347113511,0.011311802444891415,-0.9490891755168124,-0.7218398305181921,-0.91661872813505,1.0,0.0,0.0,1.0,0.0,0.0,0
-0.3567230763425058,0.6843376888989929,1.9187201889597183,0.7220009612862897,-0.20808055987488763,-0.07161178236944823,-0.10181015068394311,1.0,0.0,0.0,0.0,0.0,1.0,1
1.6023457824626406,1.2073707223292314,0.9134555377069945,0.6331648164311154,-0.14799878022824509,-0.7218398305181921,1.3037346454192165,0.0,1.0,0.0,0.0,0.0,1.0,0
0.46082696047448385,-1.0119535354304376,1.7574984996078664,0.011311802444891415,-1.1693890342211684,0.5786162657792957,1.3105247168979752,0.0,0.0,1.0,0.0,0.0,1.0,0
-0.406081201507088,-0.11685382140096154,0.6763648180719181,-0.13674843898040082,0.09232833835832507,-0.7218398305181921,0.4644818106445764,0.0,0.0,1.0,0.0,0.0,1.0,0
0.30153482926151387,1.8992007801846813,0.6099794165740964,0.011311802444891415,-0.06788974069938837,1.2288443139280396,0.08016376494680456,0.0,1.0,0.0,0.0,0.0,1.0,0
0.2647405905024616,-0.40689941266682206,-0.4996051513180614,-2.268815915504597,-0.5285167179903145,1.8790723620767835,0.7863311987377632,0.0,0.0,1.0,0.0,0.0,1.0,0
-1.6238807623859628,-1.8535612346772745,-1.429000772287561,-1.1435580806723822,-0.3883258988148153,-1.372067878666936,0.20781710874747766,1.0,0.0,0.0,0.0,0.0,1.0,0
0.2445486302078598,0.23262734184560613,-1.3531317420043365,1.1513756614196349,-0.808898356341313,-0.07161178236944823,0.33682846684390333,1.0,0.0,0.0,0.0,0.0,1.0,0
-0.6237056624600188,-1.5421188374983603,-1.391066257145949,-2.3724580845023016,-0.588598497636957,-0.7218398305181921,0.8895402852149032,0.0,1.0,0.0,0.0,0.0,1.0,0
0.09737167517165092,-0.5459786511016792,-0.6513432118845105,-1.780217118801135,-0.14799878022824509,-1.372067878666936,-1.0524201577102346,1.0,0.0,0.0,1.0,0.0,0.0,0
-0.3257620705574496,2.5042549029482974,1.7480148708224634,-0.09233036655281301,-0.1279715203460309,-0.7218398305181921,0.8189235418358078,0.0,0.0,1.0,0.0,0.0,1.0,0
0.12384557866901777,0.5191067987926223,-0.006456454477102331,1.7288106029782724,1.1337458522334625,-0.7218398305181921,-0.3720549955385605,1.0,0.0,0.0,0.0,0.0,1.0,1
1.2972228268997685,-1.1724295797783515,1.0651935982734435,0.7664190337138775,-0.9290619156345982,-1.372067878666936,-0.2919321520892012,1.0,0.0,0.0,0.0,0.0,1.0,1
-0.2283919509145919,0.2980064710243855,1.6342113253976267,1.2698238545598681,1.0135822929401774,-1.372067878666936,0.7917632559207706,1.0,0.0,0.0,1.0,0.0,0.0,0
0.20954923236388331,1.3095999061360504,0.07889620459152506,-0.1811665114079873,-0.8489528761057414,-0.7218398305181921,-0.05699567892413246,1.0,0.0,0.0,0.0,0.0,1.0,0
1.4686301342894996,0.7164328977685752,0.6384303029303058,1.6399744581230968,-0.22810781975710182,0.5786162657792957,0.9329967426789623,0.0,0.0,1.0,0.0,0.0,1.0,0
-0.5276816735034678,1.4391694530539945,-0.03490734083331174,0.6331648164311154,-1.2895525935144534,0.5786162657792957,2.908907542997897,0.0,0.0,1.0,0.0,0.0,1.0,0
0.011668021476785386,-0.8395903766863816,-0.13922725747274525,-0.12194241483787067,0.6130370952958938,-0.7218398305181921,1.1760813016185434,1.0,0.0,0.0,1.0,0.0,0.0,0
-1.8083006664099928,0.41806632642541797,-2.879995976454229,0.8552551785690518,-0.7888710964590989,-0.07161178236944823,0.7157144553586678,1.0,0.0,0.0,1.0,0.0,0.0,0
0.707617586297395,0.08998196909190459,-0.015940083262505608,0.5147166232908821,-1.029198215045669,-0.7218398305181921,-0.43452365314314545,0.0,1.0,0.0,0.0,0.0,1.0,0
0.08211552739350732,0.059075471661935386,-1.1729427950816784,-1.6913809739459609,-0.42838041857924364,-1.372067878666936,0.3069521523373619,0.0,1.0,0.0,0.0,0.0,1.0,0
0.7480015068865987,0.5393148932660635,0.15476523487474916,-0.12194241483787067,-1.249498073750025,0.5786162657792957,0.038065321778497065,0.0,1.0,0.0,1.0,0.0,0.0,0
-0.47518257673750314,-0.5329028252659234,-1.0591392496568417,0.8108371061414653,-0.48846219822588616,-0.7218398305181921,1.0864523580989212,1.0,0.0,0.0,0.0,1.0,0.0,0
0.1808317777226718,-1.9688662443198495,-0.9832702193736176,-1.0991400082447944,0.4928735360026087,0.5786162657792957,-0.20366122286533148,1.0,0.0,0.0,1.0,0.0,0.0,0
0.8911400698638873,0.3110822968601414,1.359186090620938,1.2402118062748106,0.0723010784761109,-0.07161178236944823,0.46991386782758365,1.0,0.0,0.0,0.0,0.0,1.0,0
-1.6247781828435006,-1.3126975296528243,-1.078106507227648,1.358659999415044,-0.7888710964590989,-0.07161178236944823,-1.5413053041808988,1.0,0.0,0.0,0.0,0.0,1.0,0
1.1828017185636914,0.8852299221937885,-0.2814816892537911,-0.2700026562631629,0.9334732534113207,-0.07161178236944823,-1.029333914682453,0.0,1.0,0.0,1.0,0.0,0.0,0
-2.2372676451130893,-0.21195073657009703,-0.2814816892537911,-1.4396785635229654,0.19246463776939599,-0.07161178236944823,-0.09094603631792858,0.0,1.0,0.0,0.0,0.0,1.0,0
-0.43749091752091307,-1.2984329923774538,-0.6608268406699133,0.7812250578564063,-1.009170955163455,-0.7218398305181921,0.41423528170175755,1.0,0.0,0.0,0.0,0.0,1.0,0
0.9575491837216888,-0.006303657516843989,0.5246267575054689,0.7368069854288185,0.9935550330579632,1.8790723620767835,-0.11674830793721332,0.0,1.0,0.0,1.0,0.0,0.0,1
-1.1235688573086062,0.4644260725703709,0.2970196666557954,0.3962684301506489,1.0736640725868198,-1.372067878666936,1.0470699435221178,0.0,0.0,1.0,1.0,0.0,0.0,0
-1.3654236706150593,-0.9465744062516573,-0.6797940982407195,-0.41806289768845384,-0.18805329999267345,0.5786162657792957,-0.7047684979977619,1.0,0.0,0.0,1.0,0.0,0.0,0
-1.030685839953438,0.025791551352738307,-0.3763179771078217,-2.0023074809390726,-0.8890073958701697,-0.07161178236944823,-1.072790372146512,1.0,0.0,0.0,1.0,0.0,0.0,0
0.7233224443043076,0.9006831709087723,-0.3194162043954033,0.35185035772306106,0.6130370952958938,-0.7218398305181921,0.5948511830367537,0.0,1.0,0.0,0.0,0.0,1.0,0
0.34864940328225147,-0.8645533169182794,0.5530776438616783,2.11376723068403,-0.5285167179903145,0.5786162657792957,1.0253417147900876,1.0,0.0,0.0,1.0,0.0,0.0,0
0.7296043875070726,1.220446548164987,-0.6608268406699133,0.6183587922885866,-0.3282441191681727,1.2288443139280396,-0.2376115802591276,1.0,0.0,0.0,0.0,0.0,1.0,0
1.6001022313187958,-0.8431565110052243,1.890269302603509,-0.6549592839689203,-0.8489528761057414,0.5786162657792957,0.06929965058078907,0.0,0.0,1.0,0.0,1.0,0.0,1
-0.2925575136285488,-0.6886240238553816,-0.7841140148801534,0.011311802444891415,-1.3095798533966676,0.5786162657792957,1.0986744867606881,1.0,0.0,0.0,0.0,1.0,0.0,0
1.012740541860267,-1.0321616299038778,0.31598692422660196,-0.5068990425436295,-0.909034655752384,0.5786162657792957,-0.5255106109585184,1.0,0.0,0.0,1.0,0.0,0.0,0
-0.7183835207302629,-0.009869791835686655,-1.6471242343518313,-0.003494221697638729,-0.9490891755168124,-0.7218398305181921,-0.4399557103261527,0.0,0.0,1.0,0.0,1.0,0.0,0
0.5568509494310347,-1.5575720862133442,-0.6513432118845105,-1.7654110946586061,-0.7488165766946705,0.5786162657792957,-0.17785895124604673,0.0,1.0,0.0,1.0,0.0,0.0,0
0.8314616094376196,-0.32844445765228514,0.37288869693901994,-0.9954978392470913,2.956226501514953,1.2288443139280396,0.06386759339778181,1.0,0.0,0.0,0.0,1.0,0.0,0
1.0984441955551327,-0.7991741877395,1.036742711917234,-0.3588388011183372,0.032246558711682534,0.5786162657792957,2.0995310227297974,0.0,0.0,1.0,0.0,0.0,1.0,0
-0.87049628828293,-1.891600000744928,-1.087590136013051,-0.3588388011183372,0.19246463776939599,-1.372067878666936,-1.2262459875664709,1.0,0.0,0.0,0.0,0.0,1.0,0
1.9173403630584291,-0.6244336061162162,0.3444378105828105,-0.7586014529666248,0.2725736772982527,-0.07161178236944823,0.24312548043702537,0.0,1.0,0.0,0.0,0.0,1.0,0
-1.3761927161055136,0.21360795881177802,-0.5280560376742708,0.5147166232908821,-0.909034655752384,-0.07161178236944823,-1.200443715947185,1.0,0.0,0.0,1.0,0.0,0.0,0
-0.1144195528072838,-0.7112095412080507,-0.6892777270261227,0.011311802444891415,-0.14799878022824509,1.2288443139280396,0.48892606796810956,0.0,0.0,1.0,0.0,0.0,1.0,0
0.3468545623671757,1.87899268571124,0.6763648180719181,0.011311802444891415,-0.08791700058160255,1.2288443139280396,0.038065321778497065,0.0,1.0,0.0,0.0,0.0,1.0,0
1.9231735960324252,1.3607144980394592,1.036742711917234,0.8108371061414653,-0.22810781975710182,-0.07161178236944823,2.0710127225190087,0.0,0.0,1.0,1.0,0.0,0.0,0
-2.2372676451130893,1.7125730841652564,1.1600298861274738,0.4110744542931777,-0.007807961052745825,-0.7218398305181921,0.7197884982459226,0.0,0.0,1.0,0.0,0.0,1.0,0
-1.246066749762524,-0.6339432976331294,-0.3288998331808066,-1.025109887532149,0.2725736772982527,0.5786162657792957,1.3838574888685748,0.0,1.0,0.0,0.0,0.0,1.0,0
0.3773668579234629,0.22906120752676346,-0.727212242167735,0.48510457500582316,2.5556813038706694,-1.372067878666936,-0.1792169655417983,0.0,1.0,0.0,1.0,0.0,0.0,1
-0.08480467770853446,0.545258450464134,0.4297904696514379,0.48510457500582316,-0.007807961052745825,-0.07161178236944823,-0.7360028268000549,0.0,0.0,1.0,0.0,1.0,0.0,0
1.0791496557180686,-0.6969450039326809,0.5341103862908718,0.6775828888587019,-1.0492254749278833,-0.7218398305181921,-0.5839052256758476,0.0,1.0,0.0,0.0,1.0,0.0,0
1.3250428610834422,-1.0369164756623352,-0.025423712047908463,1.0773455407069894,0.0723010784761109,1.2288443139280396,-1.5929098474194683,0.0,1.0,0.0,0.0,0.0,1.0,1
0.8058851263977906,0.6225246940390562,-1.4100335147167549,0.17417806801271116,0.35268271682710944,0.5786162657792957,0.17250873705792996,0.0,1.0,0.0,0.0,0.0,1.0,0
0.9876127690492071,0.21955151600985026,0.15476523487474916,0.7368069854288185,0.0723010784761109,0.5786162657792957,-1.6078480046727386,0.0,0.0,1.0,0.0,0.0,1.0,0
-2.2296395712240176,-2.179268169131559,-0.7177286133823317,-0.018300245840167557,0.47284627612039454,-0.7218398305181921,-0.9777293714438834,1.0,0.0,0.0,0.0,0.0,1.0,0
0.6138371484846888,0.0780948546957635,1.4445387496895654,0.011311802444891415,-0.7688438365768847,-0.07161178236944823,-1.5046389181955986,1.0,0.0,0.0,0.0,0.0,1.0,1
1.911507130084433,-0.1834216620193557,-1.7324768934204593,0.7960310819989351,-0.8890073958701697,-0.07161178236944823,1.0633661150711395,0.0,1.0,0.0,0.0,0.0,1.0,0
-1.208375090545934,-0.6244336061162162,0.2306342651579737,-1.7061869980884896,-0.688734797048028,1.2288443139280396,-0.1330444794862351,1.0,0.0,0.0,0.0,1.0,0.0,0
-1.1289533800538334,-0.18579908489858526,-0.414252492249434,-1.2323942255275566,-0.14799878022824509,-1.372067878666936,0.8325036847933265,0.0,1.0,0.0,0.0,0.0,1.0,0
0.988061479277976,-0.050285980782569066,-1.6566078631372347,-0.9510797668195036,-0.1279715203460309,1.2288443139280396,0.1833728514239445,0.0,1.0,0.0,0.0,1.0,0.0,0
1.3367093270314343,-1.0511810129377053,-0.006456454477102331,0.21859614044029896,0.6931461348247505,0.5786162657792957,-0.17785895124604673,0.0,1.0,0.0,0.0,0.0,1.0,1
0.08839747059627233,0.45848251537229867,0.6668811892865143,1.003315419994344,-0.3883258988148153,-0.7218398305181921,-0.06785979329014699,1.0,0.0,0.0,0.0,0.0,1.0,0
0.5882606654448598,-1.3162636639716663,1.624727696612224,0.1445660197276535,-0.8489528761057414,-0.7218398305181921,2.4363185680762545,0.0,0.0,1.0,1.0,0.0,0.0,0
-0.021536535452115396,2.097715590600249,1.2643498027669078,0.17417806801271116,-0.7888710964590989,1.8790723620767835,0.634233597613557,0.0,0.0,1.0,0.0,0.0,1.0,0
-1.2110673519185475,-0.13706191587440275,0.30650329544119825,1.5215262649828636,-0.30821685928595854,-1.372067878666936,0.8107754560612964,1.0,0.0,0.0,0.0,1.0,0.0,0
1.2160062754925922,0.41687761498580317,-0.2719980604683882,-0.9362737426769747,-0.7087620569302422,-1.372067878666936,-0.9600751855991091,1.0,0.0,0.0,0.0,0.0,1.0,0
0.8826145755172776,0.9684397229667812,-1.1539755375108725,0.10014794730006571,-0.3482713790503869,-0.7218398305181921,-0.6599540262379513,0.0,1.0,0.0,0.0,0.0,1.0,0
1.2276727414405844,-0.22740398528508077,-0.48063789374725524,0.17417806801271116,-0.8890073958701697,0.5786162657792957,-0.9899515001056495,1.0,0.0,0.0,0.0,1.0,0.0,0
0.2642918802736927,1.4165839357013252,-2.0075021281971477,0.9292852992816986,-0.6486802772835996,2.5293004102255274,-1.556243461434169,1.0,0.0,0.0,0.0,1.0,0.0,0
-0.39800441738924724,0.6665070173047796,0.42030684086603504,1.2698238545598681,-0.28818959940374433,1.8790723620767835,-0.9437790140500872,1.0,0.0,0.0,1.0,0.0,0.0,0
-0.6008214407928034,0.9066267281068445,0.211667007587168,-0.19597253555051744,-0.40835315869702943,-0.07161178236944823,1.5536092758375555,0.0,0.0,1.0,0.0,0.0,1.0,1
0.6712720577671117,-0.7421160386380191,-0.006456454477102331,-1.6173508532333154,-0.20808055987488763,1.2288443139280396,-0.938346956867079,0.0,1.0,0.0,0.0,1.0,0.0,0
0.0376932147453833,0.7616039324739151,0.211667007587168,0.011311802444891415,0.4327917563559662,0.5786162657792957,-1.315874931086092,1.0,0.0,0.0,1.0,0.0,0.0,1
-1.087223328778323,0.49414385856072535,-0.101292742331133,0.7071949371437608,0.9134459935291065,-1.372067878666936,-0.19551313709082008,0.0,1.0,0.0,1.0,0.0,0.0,0
-0.19294384284184649,0.6225246940390562,-1.7229932646350559,0.42588047843570653,-0.40835315869702943,0.5786162657792957,-0.27020392335717214,0.0,1.0,0.0,1.0,0.0,0.0,0
1.377093247620638,-2.6000720187549775,-1.4384844010729643,-1.36564844281032,-1.3095798533966676,-0.07161178236944823,-0.7984714844046399,0.0,1.0,0.0,0.0,0.0,1.0,0
-0.24768649075165589,-0.8966485257878626,-0.29096531803919434,-0.1663604872654585,-0.8689801359879556,-0.07161178236944823,0.34361853832266215,1.0,0.0,0.0,0.0,0.0,1.0,0
-1.042801016130199,0.3788388489181486,0.0694125758061222,0.7368069854288185,-0.36829863893260106,-1.372067878666936,0.6002832402197609,0.0,1.0,0.0,0.0,0.0,1.0,0
-0.7614597026920802,1.1931061850538607,2.3454834843028562,-1.1731701289574412,-1.1093072545745257,-0.07161178236944823,-0.7441509125745652,0.0,0.0,1.0,0.0,0.0,1.0,0
-0.6946018786055097,0.021036705594282546,0.17373249244555572,1.1513756614196349,0.8733914737646782,-0.7218398305181921,-0.7061265122935144,0.0,1.0,0.0,1.0,0.0,0.0,0
-0.7843439243592956,-1.272281340705942,0.5341103862908718,1.5659443374104514,-0.9290619156345982,-0.7218398305181921,1.0185516433113289,0.0,0.0,1.0,0.0,0.0,1.0,0
0.5828761426996326,1.1645771105031193,0.31598692422660196,-0.714183380539037,2.2352451457552425,-0.7218398305181921,-1.2832825879880485,0.0,1.0,0.0,1.0,0.0,0.0,0
-1.245618039533755,1.2097481452084593,0.6953320756427238,-0.4476749459735128,-0.8489528761057414,-0.7218398305181921,-0.3109443522297271,0.0,0.0,1.0,1.0,0.0,0.0,0
-0.972353510213477,-1.9664888214406215,-1.1919100526524846,0.5443286715759398,0.2525464174160385,0.5786162657792957,-0.9030385851775313,1.0,0.0,0.0,0.0,1.0,0.0,0
1.3542090259534225,0.38834854043506356,0.05992894702071892,0.6923889130012321,-0.30821685928595854,-0.07161178236944823,-0.33131456666600456,1.0,0.0,0.0,0.0,1.0,0.0,0
0.5155696083842932,-0.1299296472367174,-0.03490734083331174,0.6479708405736442,1.9748907672864582,1.8790723620767835,0.3653467670546912,0.0,0.0,1.0,0.0,0.0,1.0,0
-0.28492943973947704,0.635600519874812,-0.33838346196620944,-1.4396785635229654,-0.007807961052745825,-1.372067878666936,-1.2126658446089522,0.0,1.0,0.0,0.0,0.0,1.0,0
0.44422468201003346,0.5951843309279297,-0.006456454477102331,0.2334021645828278,1.5743455696421744,1.2288443139280396,2.4553307682167804,0.0,1.0,0.0,0.0,0.0,1.0,0
-0.37332535480695617,-0.8586097597202088,-0.053874598404117874,-1.3508424186677899,1.3740729708200325,-0.07161178236944823,0.6111473545857754,0.0,0.0,1.0,0.0,0.0,1.0,1
0.06730808984413264,0.7520942409570002,-0.18664540139976038,1.6695865064081559,-0.8689801359879556,-0.07161178236944823,1.155711087182265,0.0,0.0,1.0,0.0,0.0,1.0,0
-1.0145322717177565,-0.1537038760290013,-2.2256255902614184,-1.2916183220976731,-1.0492254749278833,0.5786162657792957,-0.38563513849607817,0.0,1.0,0.0,1.0,0.0,0.0,0
0.8022954445676392,-1.492192957034565,0.05044531823531607,-1.3952604910953776,-1.4097161528077384,1.2288443139280396,-0.2715619376529237,1.0,0.0,0.0,0.0,0.0,1.0,0
-0.20909741107752794,0.10424650636727525,0.5625612726470812,-0.6993773563965082,0.19246463776939599,-0.7218398305181921,-1.921549306991415,1.0,0.0,0.0,0.0,0.0,1.0,0
0.8696019788829786,-0.2250265624058529,0.7142993332135303,-0.403256873545925,0.4528190162381803,-0.7218398305181921,0.6613938835285933,1.0,0.0,0.0,1.0,0.0,0.0,0
1.3156199462792946,-1.5504398175756597,-0.30044894682459716,0.08534192315753687,-0.2681623395215302,-0.07161178236944823,1.0362058291561032,1.0,0.0,0.0,0.0,0.0,1.0,0
-0.7538316288030084,-0.9002146601067044,0.2970196666557954,0.0557298748724779,-0.28818959940374433,0.5786162657792957,-1.2642703878475225,1.0,0.0,0.0,0.0,0.0,1.0,0
1.0625473772536183,0.23857089904367668,-0.29096531803919434,0.8256431302839942,-1.2695253336322392,-1.372067878666936,2.6427367410305345,0.0,0.0,1.0,1.0,0.0,0.0,0
0.3298035736739564,0.28374193374901485,-0.03490734083331174,0.15937204387018233,0.23251915753382435,-0.7218398305181921,0.19287895149420745,1.0,0.0,0.0,0.0,1.0,0.0,1
-0.44063188912229556,0.7996426985415679,0.4297904696514379,-0.3144207286907507,0.3727099767093236,-0.07161178236944823,0.1249782367066152,0.0,1.0,0.0,0.0,1.0,0.0,1
-0.09108662091129947,-0.3201234775749867,-2.254076476617627,0.07053589901500805,-0.027835220934960006,-0.07161178236944823,0.21324916593048493,1.0,0.0,0.0,0.0,0.0,1.0,0
-0.5909498157598869,1.9419943920107916,-0.8315321588071685,0.35185035772306106,0.7332006545891788,-0.7218398305181921,0.6885541694436306,1.0,0.0,0.0,0.0,0.0,1.0,0
1.0930596728099056,2.0489784215760682,0.268568780299586,0.026117826587420245,1.3941002307022468,0.5786162657792957,-0.1248963937117247,0.0,0.0,1.0,0.0,1.0,0.0,1
0.24499734043662874,0.009149591198139767,0.09786346216233119,-0.22558458383557511,-0.5685712377547429,-0.7218398305181921,1.7002748197787554,0.0,0.0,1.0,0.0,0.0,1.0,0
-0.10544534823190521,-0.2642540399131205,-1.248811825364903,0.3370443335805322,0.2525464174160385,-0.7218398305181921,1.2331179020401202,1.0,0.0,0.0,0.0,1.0,0.0,0
0.421789170571587,0.14941754107261343,0.003027174308300525,1.2698238545598681,2.41549048469517,-0.7218398305181921,0.2988040665628515,1.0,0.0,0.0,1.0,0.0,0.0,0
-0.49223356543072244,-1.4303799621746272,-0.8979175603049897,0.7664190337138775,0.9535005132935349,-0.7218398305181921,-0.6300777117314108,1.0,0.0,0.0,0.0,1.0,0.0,0
-0.7224219127891833,0.1731917698648973,-0.414252492249434,0.24820818872535794,0.032246558711682534,0.5786162657792957,0.28114988071807717,0.0,1.0,0.0,0.0,0.0,1.0,0
-1.8724662291239496,-0.9358760032951302,0.894488280136188,0.9588973475667563,0.8333369540002498,-0.07161178236944823,-1.260196344960267,1.0,0.0,0.0,0.0,1.0,0.0,1
-1.3434368694053818,2.482858097035242,1.5298914087581927,-0.37364482526086734,0.012219298829468357,-0.7218398305181921,0.023127164525226847,0.0,0.0,1.0,0.0,0.0,1.0,0
1.5000398503033245,1.4712646619235783,-0.3478670907516123,-0.5957351873988037,-0.20808055987488763,-0.7218398305181921,1.629658076399659,0.0,1.0,0.0,1.0,0.0,0.0,0
1.8572131924033926,1.0647253495755298,-0.4616706361764491,-0.09233036655281301,-0.8489528761057414,-0.7218398305181921,0.37892691001220985,1.0,0.0,0.0,1.0,0.0,0.0,0
1.433182026216754,1.5984567859622945,0.10734709094773447,-0.04791229412522521,-0.2681623395215302,0.5786162657792957,0.11139809374909657,0.0,0.0,1.0,1.0,0.0,0.0,0
0.5092876651815282,1.1360480359523797,-0.6323759543137043,0.17417806801271116,0.5129007958848228,0.5786162657792957,2.4308865108932483,0.0,0.0,1.0,0.0,0.0,1.0,0
0.2458947608941666,1.9895428495953593,2.1652945373801975,1.4771081925552758,-0.9891436952812407,-1.372067878666936,-0.8215577274324205,0.0,0.0,1.0,1.0,0.0,0.0,0
-0.2073025701624522,-0.9239888888989882,-0.47115426496185236,0.29262626115294443,-0.16802604011045927,-0.07161178236944823,-0.5947693400418631,1.0,0.0,0.0,0.0,1.0,0.0,0
-1.9487469680146676,-1.0357277642227205,-0.907401189090393,-1.36564844281032,0.7732551743536072,-0.7218398305181921,0.13720036536838132,1.0,0.0,0.0,1.0,0.0,0.0,0
-1.2007470166568621,-0.7623241331114603,-0.8030812724509595,-2.313233987932185,0.8333369540002498,-0.7218398305181921,-0.009465178572817699,0.0,1.0,0.0,0.0,0.0,1.0,0
-0.22480226908444048,-2.488333143431244,-0.8125649012363624,-0.003494221697638729,-0.9691164353990265,0.5786162657792957,0.15757057980465974,1.0,0.0,0.0,0.0,0.0,1.0,0
-0.7224219127891833,-1.3899637732277457,0.38237232572442276,-0.9954978392470913,1.5543183097599602,0.5786162657792957,-0.45489386757942296,0.0,1.0,0.0,0.0,0.0,1.0,0
-0.5505658951706833,0.12564331228032954,-0.6608268406699133,0.11495397144259453,1.5743455696421744,-0.07161178236944823,-0.5431647968032927,0.0,1.0,0.0,1.0,0.0,0.0,0
-0.476079997195041,1.256107891353412,-0.006456454477102331,-0.9066616943919157,0.35268271682710944,-0.7218398305181921,0.28929796649258854,0.0,1.0,0.0,0.0,0.0,1.0,0
-1.8563126608882683,-1.4541541909669111,-1.4953861737853829,-0.743795428824096,3.2366081398659516,-0.07161178236944823,-0.3326725809617571,0.0,1.0,0.0,0.0,1.0,0.0,0
-0.055189802609785114,0.38953725187467664,-0.7841140148801534,2.7060081963851963,-1.009170955163455,0.5786162657792957,-1.5222931040403729,1.0,0.0,0.0,0.0,0.0,1.0,0
-0.5501171849419144,0.4644260725703709,-1.5048698025707856,-0.15155446312292964,0.5729825755314654,-0.07161178236944823,0.21596519452198903,1.0,0.0,0.0,0.0,0.0,1.0,0
-0.5411429803665357,0.24808059056058987,-0.33838346196620944,-1.7654110946586061,-1.1493617743389541,-1.372067878666936,-0.19687115138657263,0.0,1.0,0.0,0.0,1.0,0.0,0
-1.0733133116864861,-0.8752517198748074,0.031478060664509935,0.8700612027115819,-0.8289256162235272,-0.07161178236944823,-0.8840263850370055,1.0,0.0,0.0,0.0,0.0,1.0,0
0.10185877745934022,-2.099624502677409,-0.015940083262505608,-0.714183380539037,0.7732551743536072,1.8790723620767835,0.30559413804161034,1.0,0.0,0.0,0.0,0.0,1.0,0
-0.36614599114665325,-2.107945482754708,0.9419064240632031,0.35185035772306106,0.21249189765161017,0.5786162657792957,-1.8998210782593858,0.0,1.0,0.0,0.0,1.0,0.0,1
0.43076337514696555,1.9479379492088622,1.3402188330501315,1.0625395165644607,-0.248135079639316,-0.07161178236944823,0.5894191258537463,0.0,0.0,1.0,0.0,0.0,1.0,0
-1.4865754323826703,0.06383031742039284,-0.48063789374725524,-0.8770496461068581,-0.8689801359879556,-0.07161178236944823,-1.0836544865125264,1.0,0.0,0.0,0.0,0.0,1.0,0
0.6928101487480204,-0.14657160739131594,2.0609746207407644,0.42588047843570653,1.0736640725868198,0.5786162657792957,-0.044773550262365396,1.0,0.0,0.0,0.0,0.0,1.0,0
1.115943894477121,0.2873080680678575,1.0936444846296522,-1.854247239513782,3.9575894956256623,-0.7218398305181921,0.036707307482745484,0.0,1.0,0.0,0.0,0.0,1.0,1
1.637793890535386,0.4572938039326856,0.10734709094773447,0.24820818872535794,0.23251915753382435,-0.07161178236944823,-0.6287196974356593,1.0,0.0,0.0,1.0,0.0,0.0,0
-0.18935416101169503,-1.5789688921263993,1.0272590831318313,0.1445660197276535,0.7932824342358215,-0.7218398305181921,-1.774883763050216,0.0,0.0,1.0,0.0,0.0,1.0,0
-0.7426138730837851,0.22668378464753558,-0.9453357042320053,0.2334021645828278,-0.36829863893260106,1.2288443139280396,-0.2213154087101058,1.0,0.0,0.0,0.0,0.0,1.0,0
0.5761454892680987,-0.7456821729568617,-0.07284185597492401,-0.1811665114079873,-0.18805329999267345,1.2288443139280396,-0.476622096311452,0.0,1.0,0.0,0.0,0.0,1.0,0
-0.38050471846725903,0.8210395044546239,-1.381582628360546,-1.4544845876654942,1.4341547504666752,-1.372067878666936,-0.08415596483916878,0.0,1.0,0.0,0.0,0.0,1.0,1
-0.08031757542084517,0.1113787750049589,-0.47115426496185236,1.417884095985159,4.197916614212232,1.2288443139280396,0.5894191258537463,1.0,0.0,0.0,0.0,0.0,1.0,0
-1.0208142149205215,-0.2511782140773646,-0.26251443168298494,-0.5957351873988037,-0.808898356341313,-1.372067878666936,1.3390430171087642,0.0,1.0,0.0,1.0,0.0,0.0,0
0.2580099370709277,-1.0939746247638154,0.2590851515141831,-1.054721935817208,0.032246558711682534,-0.7218398305181921,-0.7740272270811067,0.0,1.0,0.0,1.0,0.0,0.0,0
0.2835864201107567,1.1289157673146943,-0.006456454477102331,0.7071949371437608,0.8934187336468923,-0.7218398305181921,0.309668180928866,0.0,0.0,1.0,0.0,1.0,0.0,0
0.6169781200860713,-0.3605396665218691,0.6194630453594993,0.7812250578564063,0.29260093718046687,0.5786162657792957,-0.9885934858098979,0.0,1.0,0.0,1.0,0.0,0.0,0
0.669925927080805,0.6974135147347488,0.031478060664509935,-1.2768122979551444,3.837425936332377,1.2288443139280396,-0.1330444794862351,1.0,0.0,0.0,0.0,0.0,1.0,0
-0.19698223490076683,-0.8907049685897912,-0.11077637111653585,0.4554925267207655,-0.06788974069938837,-0.7218398305181921,-0.5458808253947958,1.0,0.0,0.0,0.0,0.0,1.0,0
1.2963254064422305,1.6341181291507194,0.3539214393682142,-0.46248097011604167,1.0336095528223916,0.5786162657792957,0.17250873705792996,0.0,0.0,1.0,0.0,0.0,1.0,0
0.879473603915895,0.5131632415945517,-0.3099325756100005,0.8256431302839942,0.19246463776939599,-1.372067878666936,-0.7971134701088873,0.0,1.0,0.0,0.0,0.0,1.0,0
0.4208917501140491,-1.2972442809378397,-0.17716177261435753,0.1297599955851247,0.41276449647375196,0.5786162657792957,-0.9872354715141454,1.0,0.0,0.0,0.0,0.0,1.0,0
0.1260891298128624,1.083744732609356,0.6194630453594993,0.7071949371437608,-0.3282441191681727,-0.7218398305181921,2.0248402364634464,0.0,0.0,1.0,0.0,0.0,1.0,0
-0.6308850261203217,0.18626759570065318,0.5246267575054689,0.6331648164311154,1.093691332469034,-0.07161178236944823,0.968305114368511,1.0,0.0,0.0,0.0,1.0,0.0,0
-2.2372676451130893,-0.6244336061162162,-1.713509635849653,0.6479708405736442,0.0723010784761109,-0.7218398305181921,-0.32316648089149413,1.0,0.0,0.0,0.0,0.0,1.0,0
-0.1978796553583047,-0.8728742969955786,-0.044390969618714596,0.4110744542931777,-0.08791700058160255,-0.7218398305181921,-0.5105724537052482,1.0,0.0,0.0,0.0,0.0,1.0,0
1.4699762649758064,-1.1534101967445243,0.05992894702071892,0.6035527681460564,-0.5285167179903145,-0.7218398305181921,0.9044784424681744,1.0,0.0,0.0,0.0,0.0,1.0,0
-0.42043992882769377,-0.00868108039607187,-0.8789503027341836,-0.003494221697638729,4.197916614212232,0.5786162657792957,-0.49020223926897066,1.0,0.0,0.0,1.0,0.0,0.0,1
-0.1521112120238739,0.4240098836234885,-0.8125649012363624,-0.8770496461068581,-1.029198215045669,-0.07161178236944823,0.7836151701462601,1.0,0.0,0.0,0.0,0.0,1.0,0
-1.0890181696933987,-0.8514774910825236,0.05044531823531607,1.447496144270218,-0.7688438365768847,-1.372067878666936,0.1439904368471411,1.0,0.0,0.0,0.0,0.0,1.0,0
-1.0019683853122263,-0.9014033715463191,0.031478060664509935,0.8700612027115819,-0.8289256162235272,-0.07161178236944823,-0.854150070530465,1.0,0.0,0.0,0.0,0.0,1.0,0
1.0342786328411757,0.4858228784834252,1.2643498027669078,-1.3064243462402034,1.8747544678753871,-0.07161178236944823,-0.12218036512022058,0.0,1.0,0.0,0.0,0.0,1.0,0
-0.6573589296176885,0.27542095367171643,-2.0454366433387596,0.11495397144259453,-0.6086257575191713,2.5293004102255274,-1.9419195214276925,0.0,1.0,0.0,0.0,1.0,0.0,0
0.6111448871120753,0.7081119176912768,0.24960152272878025,-1.0103038633896202,0.2725736772982527,-0.07161178236944823,-1.085012500808279,0.0,1.0,0.0,0.0,0.0,1.0,0
1.2285701618981222,-0.07168278669562336,-0.25303080289758206,-1.0991400082447944,-0.8489528761057414,-1.372067878666936,1.8578044780859688,0.0,0.0,1.0,0.0,0.0,1.0,0
-0.17140575186093784,-0.3914461639518366,-1.3626153707897397,-0.8326315736792702,-1.0492254749278833,-0.07161178236944823,-0.2661298804699164,1.0,0.0,0.0,0.0,0.0,1.0,0
0.4756343980238585,-1.2948668580586111,0.9703573104194125,0.6923889130012321,-1.2895525935144534,-1.372067878666936,0.8664540421871226,1.0,0.0,0.0,0.0,0.0,1.0,0
-1.1926702325390215,0.46204864969114134,0.8186192498529634,0.6331648164311154,-0.22810781975710182,1.8790723620767835,-0.7536570126448282,1.0,0.0,0.0,0.0,0.0,1.0,0
-0.14672668927864674,-0.614923914599303,-0.13922725747274525,0.5295226474334109,1.2138548917623193,-0.07161178236944823,-0.15477270821826514,1.0,0.0,0.0,0.0,1.0,0.0,0
0.7488989273441365,0.49176643568149575,-1.1729427950816784,-0.3588388011183372,0.6931461348247505,1.8790723620767835,0.0869538364255634,0.0,1.0,0.0,0.0,0.0,1.0,0
0.14224269804854386,-0.305858940299616,0.7142993332135303,0.2334021645828278,0.7131733947069647,-0.7218398305181921,-0.592053311450359,0.0,1.0,0.0,1.0,0.0,0.0,0
0.2948041758299799,0.6665070173047796,-0.8315321588071685,0.8996732509966395,-0.3883258988148153,1.8790723620767835,1.3662033030238014,1.0,0.0,0.0,0.0,0.0,1.0,0
0.029167720398773637,0.09354810341074725,-0.4616706361764491,-0.9806918151045612,0.7332006545891788,0.5786162657792957,0.3164582524076249,0.0,1.0,0.0,0.0,0.0,1.0,0
0.07089777167428409,0.2861193566282444,0.33495418179740766,0.4999105991483533,-0.3482713790503869,-0.7218398305181921,0.20781710874747766,1.0,0.0,0.0,1.0,0.0,0.0,1
-2.200922116582806,-0.5412238053432235,-0.09180911354573014,-0.714183380539037,0.0723010784761109,-0.7218398305181921,-1.38784968876094,1.0,0.0,0.0,0.0,0.0,1.0,0
0.13910172644716137,1.4391694530539945,-0.727212242167735,-0.37364482526086734,0.2725736772982527,-0.7218398305181921,0.3001620808586031,0.0,1.0,0.0,0.0,0.0,1.0,0
-0.3410182183355932,-0.08951345828983669,0.15476523487474916,-0.13674843898040082,2.435517744577384,0.5786162657792957,1.0511439864093735,0.0,1.0,0.0,0.0,0.0,1.0,1
0.3657003919754708,1.1039528270827974,2.2601308252342287,0.55913469571847,1.7946454283465305,-0.07161178236944823,0.41287726740600594,0.0,0.0,1.0,1.0,0.0,0.0,0
0.2822402894244499,-1.3376604698847214,-0.22457991654137266,1.8176467478334468,-0.8689801359879556,0.5786162657792957,-0.2484756946251421,1.0,0.0,0.0,0.0,0.0,1.0,0
-2.2372676451130893,0.6296569626767399,-0.2150962877559698,-1.5581267566631987,-0.16802604011045927,-1.372067878666936,-1.0999506580615492,0.0,1.0,0.0,0.0,0.0,1.0,0
-0.25486585441195875,1.2097481452084593,-0.36683434832241846,-1.2323942255275566,-1.2895525935144534,-1.372067878666936,1.1394149156332432,1.0,0.0,0.0,0.0,0.0,1.0,0
1.2685053722585569,-1.5872898722036985,0.7427502195697389,-0.9954978392470913,-0.9891436952812407,0.5786162657792957,-0.29329016638495276,1.0,0.0,0.0,0.0,0.0,1.0,1
0.7049253249247814,-0.7242853670438066,-0.7746303860947501,1.284629878702397,-1.3095798533966676,1.2288443139280396,-1.577971690166198,0.0,1.0,0.0,0.0,0.0,1.0,0
-0.42358090042907626,-0.2927831144638602,0.4392740984368416,0.2630142128678868,-1.0492254749278833,-0.07161178236944823,1.2317598877443685,0.0,0.0,1.0,0.0,0.0,1.0,1
-1.3218987784244731,1.0920657126866546,0.003027174308300525,-0.8178255495367415,0.9935550330579632,-0.7218398305181921,-1.1108147724275637,0.0,1.0,0.0,1.0,0.0,0.0,1
1.657537140601219,-0.10258928412559257,-0.47115426496185236,-0.8474375978217991,-0.6486802772835996,1.2288443139280396,-1.4801946608720653,0.0,1.0,0.0,0.0,0.0,1.0,0
0.38678977272761045,-1.5777801806867855,-0.5754741816012859,0.026117826587420245,-0.7488165766946705,-0.07161178236944823,-1.6173541047430013,0.0,1.0,0.0,0.0,0.0,1.0,0
0.8642174561377515,1.3000902146191355,1.928203817745121,-0.5957351873988037,-1.249498073750025,-0.07161178236944823,1.2344759163358727,0.0,1.0,0.0,1.0,0.0,0.0,1
-0.14358571767726422,0.4572938039326856,0.7806847347113511,-0.13674843898040082,-0.468434938343672,0.5786162657792957,0.6939862266266379,0.0,0.0,1.0,1.0,0.0,0.0,0
0.7883854274758024,-1.34003789276395,-1.4764189162145767,-0.07752434241028419,-0.7488165766946705,2.5293004102255274,-0.10316816497969468,1.0,0.0,0.0,0.0,1.0,0.0,0
-0.2387122861762773,-0.5697528798939631,-1.087590136013051,-1.4248725393804367,-1.3896888929255242,3.179528458374271,-0.907112628064787,0.0,1.0,0.0,0.0,1.0,0.0,0
-0.46755450284843136,-0.5376576710243808,0.36340506815361706,-0.07752434241028419,0.5129007958848228,0.5786162657792957,1.545461190063045,1.0,0.0,0.0,0.0,0.0,1.0,0
-0.8826114644596912,0.8567008476430489,-0.907401189090393,0.6923889130012321,0.15241011800496762,-0.07161178236944823,0.7849731844420117,0.0,0.0,1.0,1.0,0.0,0.0,0
0.3468545623671757,0.04956578014502218,-0.4901215225326585,0.4702985508632943,-0.688734797048028,-1.372067878666936,1.0253417147900876,0.0,1.0,0.0,0.0,0.0,1.0,0
1.491963066185484,0.765170066792756,-0.7082449845969289,-0.9806918151045612,-1.2895525935144534,1.2288443139280396,0.3897910243782244,1.0,0.0,0.0,0.0,0.0,1.0,0
-2.2372676451130893,-0.8740630084351926,0.44875772722224444,-1.0843339841022657,-1.1894162941033826,-0.07161178236944823,-0.5784731684928404,0.0,1.0,0.0,0.0,1.0,0.0,0
-0.1902515814692329,0.5904294851694722,0.5341103862908718,0.011311802444891415,-0.7287893168124563,-0.7218398305181921,0.5215184110661542,1.0,0.0,0.0,1.0,0.0,0.0,0
-0.34864629222466503,1.0005349318363634,0.6479139317157087,-0.15155446312292964,-0.6486802772835996,-1.372067878666936,-1.1922956301726746,0.0,1.0,0.0,0.0,0.0,1.0,0
-0.208648700848759,0.3241581226958973,-0.47115426496185236,1.0329274682794016,0.4327917563559662,-0.7218398305181921,0.8678120564828742,0.0,0.0,1.0,0.0,1.0,0.0,0
-1.4336276253879365,0.5642778334979605,-1.5428043177123978,-0.24039060797810394,-0.3482713790503869,0.5786162657792957,0.8134914846528005,0.0,0.0,1.0,0.0,0.0,1.0,0
0.46351922184709743,-2.1947214178465426,-0.13922725747274525,-1.4100665152379064,-0.6286530174013855,-1.372067878666936,0.6763320407818645,1.0,0.0,0.0,0.0,1.0,0.0,0
-0.5178100484705515,-0.8657420283578934,-1.3341644844335303,-0.04791229412522521,-0.04786248081717419,-0.07161178236944823,-1.6417983620665346,1.0,0.0,0.0,0.0,1.0,0.0,0
-0.6762047592259836,-1.0785213760488308,-0.33838346196620944,-0.4920930184010993,1.534291049877746,0.5786162657792957,-0.9627912141906122,0.0,1.0,0.0,0.0,0.0,1.0,0
-1.164401488126579,-0.35697353220302647,-0.044390969618714596,-1.4248725393804367,0.33265545694489523,0.5786162657792957,0.727936584020434,0.0,1.0,0.0,0.0,1.0,0.0,0
0.7807573535867306,-0.4687124075267588,-0.2719980604683882,-0.5661231391137461,0.3126281970626811,-0.07161178236944823,1.273858330912676,0.0,0.0,1.0,1.0,0.0,0.0,0
-0.386786661670024,-1.4779284197591942,-0.5565069240304797,0.8256431302839942,0.052273818593896716,-0.7218398305181921,0.7958372988080262,0.0,1.0,0.0,0.0,0.0,1.0,0
-0.743511293541323,-1.3923411961069736,0.41082321208063216,-1.025109887532149,1.5543183097599602,0.5786162657792957,-0.4223015244813784,0.0,1.0,0.0,0.0,0.0,1.0,0
0.5581970801173416,0.14347398387454288,-0.9832702193736176,0.6479708405736442,0.0723010784761109,2.5293004102255274,0.3897910243782244,0.0,1.0,0.0,0.0,0.0,1.0,0
0.36390555106039507,0.7437732608797017,-0.16767814382895427,0.1889840921552413,0.4327917563559662,-1.372067878666936,0.09510192220007478,1.0,0.0,0.0,0.0,0.0,1.0,0
-0.5012077700061011,-0.43661719865717646,-0.30044894682459716,-0.47728699425857046,1.6144000894066028,-0.07161178236944823,0.7428747412737042,1.0,0.0,0.0,1.0,0.0,0.0,0
0.5671712846927202,0.5286164903095355,-0.03490734083331174,-0.403256873545925,0.0723010784761109,0.5786162657792957,0.9329967426789623,0.0,0.0,1.0,1.0,0.0,0.0,1
-1.7984290413770763,-0.765890267430303,-1.7609277797766683,-0.003494221697638729,0.0723010784761109,-0.7218398305181921,0.036707307482745484,0.0,0.0,1.0,0.0,1.0,0.0,0
-0.4330038152332238,1.0029123547155914,0.46772498479305014,-0.8030195253942126,-0.6086257575191713,-0.7218398305181921,-0.24711768032939055,0.0,0.0,1.0,0.0,0.0,1.0,0
-1.494203506271742,0.774679758309671,-0.7082449845969289,-0.46248097011604167,-0.2681623395215302,-0.07161178236944823,0.3830009528994655,1.0,0.0,0.0,0.0,0.0,1.0,0
0.8341538708102332,0.937533225536812,-0.3099325756100005,0.8996732509966395,-1.3296071132788818,1.2288443139280396,0.915342556834189,1.0,0.0,0.0,1.0,0.0,0.0,0
1.3604909691561875,-0.49961890495672795,-0.8410157875925713,1.358659999415044,-1.469797932454381,2.5293004102255274,-0.13440249378198765,0.0,1.0,0.0,1.0,0.0,0.0,0
0.10634587974702951,0.07334000893730605,1.0651935982734435,-2.254009891362068,-1.029198215045669,-0.07161178236944823,0.19287895149420745,1.0,0.0,0.0,0.0,0.0,1.0,0
0.05429549320983369,2.699203579045023,-0.8030812724509595,-1.513708684235611,-0.7688438365768847,-0.7218398305181921,0.11411412234060068,0.0,1.0,0.0,0.0,0.0,1.0,0
-0.13147054150050314,-0.32606703477305726,-1.2298445677940968,0.3370443335805322,0.21249189765161017,-0.7218398305181921,1.1611431443652722,1.0,0.0,0.0,0.0,1.0,0.0,0
-1.2245286587816155,-0.35935095508225434,-0.4996051513180614,0.3370443335805322,0.973527773175749,-0.7218398305181921,0.5785550114877309,1.0,0.0,0.0,0.0,0.0,1.0,0
0.1898059822980504,-0.869308162676736,-0.006456454477102331,-1.5877388049482564,-0.3282441191681727,2.5293004102255274,-0.6395838118016738,0.0,1.0,0.0,0.0,0.0,1.0,0
-0.6726150773958322,1.980033158078446,-1.400549885931352,-2.2095918189344803,-1.589961491747666,0.5786162657792957,-0.07872390765616151,0.0,1.0,0.0,1.0,0.0,0.0,0
0.42896853423188985,-1.836919274522676,0.7806847347113511,-0.4920930184010993,-0.5485439778725287,-0.7218398305181921,-0.2919321520892012,1.0,0.0,0.0,0.0,0.0,1.0,0
1.0051124679711954,0.6249021169182841,-0.33838346196620944,0.6035527681460564,0.5930098354136796,2.5293004102255274,1.2589201736594058,0.0,0.0,1.0,0.0,0.0,1.0,0
-0.6376156795518556,0.6510537685897958,0.6384303029303058,-0.6845713322539794,0.8934187336468923,1.2288443139280396,0.46040776775732073,0.0,0.0,1.0,1.0,0.0,0.0,0
-2.193294042693734,0.6439214999521105,-0.20561265897056652,-1.54332073252067,-0.18805329999267345,-1.372067878666936,-1.104024700948805,0.0,1.0,0.0,0.0,0.0,1.0,0
0.7951160809073363,-0.46633498464753087,2.2885817115904374,2.084155182398971,-1.009170955163455,0.5786162657792957,-0.529584653845774,1.0,0.0,0.0,0.0,0.0,1.0,0
0.5272360743322854,0.6165811368409839,-0.935852075446602,2.1877973513966755,-0.06788974069938837,1.8790723620767835,-0.7563730412363323,0.0,1.0,0.0,0.0,0.0,1.0,0
0.34864940328225147,-0.6470191234688852,0.9229391664923974,-0.5513171149712159,1.0536368127046059,-0.07161178236944823,-1.7599456057969458,0.0,1.0,0.0,0.0,0.0,1.0,1
2.0380434145972712,-1.9106193837787546,1.776465757178673,-0.8622436219643279,-1.2695253336322392,0.5786162657792957,0.19016292290270334,1.0,0.0,0.0,0.0,0.0,1.0,0
-0.4684519233059692,0.843625021807293,0.581528530217887,-1.854247239513782,-0.1279715203460309,-0.07161178236944823,-0.8921744708115168,0.0,1.0,0.0,1.0,0.0,0.0,0
-0.3603127581726572,-0.7599467102322316,-2.3868472796132703,1.625168433980568,-0.6286530174013855,-1.372067878666936,-1.9880920074832555,1.0,0.0,0.0,0.0,0.0,1.0,0
0.013462862391861105,-0.5198269994301675,0.37288869693901994,-0.10713639069534185,-0.6286530174013855,-1.372067878666936,1.8645945495647287,0.0,1.0,0.0,0.0,0.0,1.0,0
0.07089777167428409,-1.3008104152566824,-1.2108773102232908,-0.9066616943919157,-0.04786248081717419,1.2288443139280396,0.16979270846642586,0.0,1.0,0.0,0.0,1.0,0.0,0
0.7946673706785674,-1.537363991739903,-1.2108773102232908,-0.403256873545925,-0.588598497636957,-0.07161178236944823,-0.9369889425713275,1.0,0.0,0.0,0.0,0.0,1.0,0
0.5819787222420948,-0.7563805759133897,0.6573975605011115,-0.2700026562631629,-0.22810781975710182,0.5786162657792957,0.5269504682491614,0.0,1.0,0.0,1.0,0.0,0.0,0
0.35582876694255433,-1.0107648239908227,0.5341103862908718,-0.4476749459735128,0.15241011800496762,0.5786162657792957,-0.3734130098343121,1.0,0.0,0.0,0.0,0.0,1.0,0
1.05761156473716,0.23857089904367668,-0.4901215225326585,0.7516130095713487,-0.8489528761057414,-0.7218398305181921,-1.0279759003867013,1.0,0.0,0.0,0.0,0.0,1.0,0
-0.5442839519679182,-0.8823839885124919,-0.9548193330174082,0.2334021645828278,-0.7488165766946705,-0.07161178236944823,-0.6355097689144181,0.0,1.0,0.0,0.0,0.0,1.0,0
0.060577436412598704,-2.1364745573054487,0.47720861357845384,-2.135561698221835,1.293963931291176,1.2288443139280396,-0.7400768696873106,0.0,1.0,0.0,0.0,0.0,1.0,0
1.6027944926914095,0.2052869787344796,0.5530776438616783,1.2254057821322804,0.47284627612039454,-0.07161178236944823,0.24855753762003263,0.0,1.0,0.0,0.0,0.0,1.0,0
0.3948665568454512,-0.3534073978841838,0.1263143485185406,1.9509009651162088,0.21249189765161017,-0.07161178236944823,-0.08415596483916878,0.0,1.0,0.0,0.0,0.0,1.0,0
-0.4671057926196624,-0.673170775140397,-1.1444919087254695,1.2550178304173394,0.8333369540002498,-0.7218398305181921,0.29337200937984426,0.0,1.0,0.0,0.0,0.0,1.0,0
0.7888341377045713,-0.6921901581742235,0.39185595450982563,0.3370443335805322,1.9348362475220298,1.2288443139280396,0.3463345669141653,0.0,0.0,1.0,0.0,0.0,1.0,0
1.7042030043931875,-0.13230707011594697,-0.5090887801034647,-0.7734074771091536,-0.6286530174013855,1.2288443139280396,-1.5372312612936432,0.0,1.0,0.0,0.0,0.0,1.0,0
0.6510800974725099,0.6902812460970634,0.04096168944991279,-1.336036394525261,3.777344156685735,1.2288443139280396,-0.17106887976728694,1.0,0.0,0.0,0.0,0.0,1.0,0
1.2339546846433493,-0.6779256208988537,1.672145840539239,0.8256431302839942,-0.36829863893260106,-1.372067878666936,-0.8256317703196762,1.0,0.0,0.0,0.0,0.0,1.0,0
0.1956392152720465,-1.4291912507350133,1.0746772270588465,-1.676574949803432,-0.8890073958701697,0.5786162657792957,0.07065766487654161,1.0,0.0,0.0,0.0,0.0,1.0,0
-0.49178485520195353,0.3205919883770546,-1.0117211057298265,0.2778202370104156,-0.08791700058160255,0.5786162657792957,-0.25798179469540505,0.0,0.0,1.0,1.0,0.0,0.0,0
-0.813958799458045,0.10543521780688835,-0.4237361210348368,1.2994359028449272,-0.7488165766946705,-1.372067878666936,1.1883034302803095,0.0,0.0,1.0,0.0,1.0,0.0,0
0.536210278907664,-0.15251516458938819,0.6763648180719181,1.58075036155298,1.7145363888176737,1.2288443139280396,-0.7006944551105062,1.0,0.0,0.0,0.0,0.0,1.0,1
-1.8724662291239496,0.9494203399329548,-0.9737865905882143,1.358659999415044,1.9348362475220298,0.5786162657792957,-1.8414264635420565,1.0,0.0,0.0,0.0,0.0,1.0,0
0.24006152792017052,0.12802073515955742,0.16424886366015287,-0.3588388011183372,-0.8289256162235272,1.2288443139280396,-1.3701955029161657,0.0,1.0,0.0,1.0,0.0,0.0,0
-0.2629426385297995,-0.7849096504641293,0.07889620459152506,-0.5068990425436295,0.9134459935291065,1.2288443139280396,2.9632281148279715,0.0,0.0,1.0,0.0,0.0,1.0,0
-0.19698223490076683,0.4263873065027164,-0.44270337860564296,0.21859614044029896,-0.30821685928595854,-0.07161178236944823,0.27707583783082146,0.0,1.0,0.0,0.0,0.0,1.0,0
3.1993054866512605,0.13396429235762966,0.7617174771405454,0.7812250578564063,0.29260093718046687,1.8790723620767835,0.35991470987168395,1.0,0.0,0.0,0.0,1.0,0.0,0
-1.6333036771901102,1.176464224899262,0.30650329544119825,-0.22558458383557511,1.2138548917623193,-0.7218398305181921,0.5147283395873943,0.0,1.0,0.0,0.0,0.0,1.0,0
1.8495851185143206,0.21241924737216492,-0.43321974982024014,0.011311802444891415,-0.9490891755168124,0.5786162657792957,1.5508932472460522,0.0,0.0,1.0,0.0,0.0,1.0,0
0.8974220130666523,0.2468918791209751,1.4729896360457748,-0.7289894046815658,0.11235559824053926,-0.7218398305181921,1.838792277945443,0.0,1.0,0.0,1.0,0.0,0.0,0
0.9243446267927881,0.05550933734309273,-0.14871088625814813,-1.780217118801135,1.534291049877746,-0.07161178236944823,-0.20909328004833874,0.0,1.0,0.0,0.0,1.0,0.0,0
0.7547321603181326,0.3277242570147399,-1.4479680298583673,-0.9214677185344445,-1.0492254749278833,-0.07161178236944823,-0.5051403965222409,1.0,0.0,0.0,0.0,1.0,0.0,0
0.83550000149654,0.9517977628121826,-0.3099325756100005,0.9292852992816986,-1.3296071132788818,1.2288443139280396,0.9234906426086993,1.0,0.0,0.0,1.0,0.0,0.0,0
-1.3981795173151912,1.397564552667499,0.6763648180719181,-1.5877388049482564,-0.04786248081717419,-0.07161178236944823,3.3937186465813047,0.0,0.0,1.0,0.0,0.0,1.0,0
0.7641550751222802,0.5381261818264487,0.10734709094773447,-0.07752434241028419,-1.3095798533966676,0.5786162657792957,-0.014897235755824963,0.0,1.0,0.0,1.0,0.0,0.0,0
-0.06102303558378119,0.55833427629989,0.47720861357845384,0.44068650257823666,0.032246558711682534,-0.07161178236944823,-0.6898303407444917,0.0,0.0,1.0,0.0,1.0,0.0,0
-0.8664578962240097,-0.06573922949755283,-0.5470232952450769,-0.19597253555051744,-1.3296071132788818,-1.372067878666936,0.6274435261347973,1.0,0.0,0.0,0.0,0.0,1.0,0
-0.1310218312717342,-0.9192340431405316,-0.5090887801034647,0.2778202370104156,-0.1279715203460309,-0.07161178236944823,-0.6164975687738922,1.0,0.0,0.0,0.0,1.0,0.0,0
-0.043972046890561875,-1.1486553509860677,1.2643498027669078,0.10014794730006571,-0.8489528761057414,-1.372067878666936,-0.3544008096937862,1.0,0.0,0.0,0.0,1.0,0.0,0
-0.5039000313787146,-0.009869791835686655,-1.0022374769444238,-1.780217118801135,-0.3883258988148153,-0.7218398305181921,-0.6748921834912215,1.0,0.0,0.0,0.0,1.0,0.0,0
-1.576766188365225,1.302467637498365,-0.3194162043954033,0.21859614044029896,-0.9691164353990265,-1.372067878666936,0.5690489114174679,0.0,0.0,1.0,0.0,0.0,1.0,0
1.8545209310307789,-0.6910014467346095,0.012510803093703803,0.011311802444891415,-0.08791700058160255,0.5786162657792957,-0.9505690855288461,1.0,0.0,0.0,0.0,0.0,1.0,0
1.083188047776989,-0.18223295057974262,1.4255714921187597,2.0249310858288543,-0.6286530174013855,-0.07161178236944823,-0.875878299262495,1.0,0.0,0.0,0.0,1.0,0.0,0
1.1711352526156993,-1.1034843162807286,0.40133958329522934,0.011311802444891415,1.9748907672864582,-0.7218398305181921,2.4078002678654666,0.0,1.0,0.0,0.0,0.0,1.0,0
-1.9110553087980775,-0.34627512924649845,-0.006456454477102331,0.011311802444891415,0.753227914471393,-1.372067878666936,-1.7884639060077345,1.0,0.0,0.0,0.0,0.0,1.0,0
0.9391520643421627,0.3526871972466369,0.20218337880176512,1.447496144270218,-0.10794426046381674,-0.07161178236944823,0.27707583783082146,1.0,0.0,0.0,0.0,1.0,0.0,0
1.1554303946087867,0.9363445140971989,-0.23406354532677592,-0.3144207286907507,0.8934187336468923,-0.07161178236944823,-1.0361239861612126,0.0,1.0,0.0,1.0,0.0,0.0,0
-0.2804423374517877,-0.593527108686247,-0.6797940982407195,-0.5809291632562749,0.1724373778871818,-0.07161178236944823,0.6980602695138935,1.0,0.0,0.0,0.0,0.0,1.0,0
-0.8431249643280253,0.8507572904449783,-1.087590136013051,0.6035527681460564,-1.6099887516298803,-0.07161178236944823,-1.5983419046024756,1.0,0.0,0.0,0.0,0.0,1.0,0
1.4201694295824552,0.2159853816910076,-0.053874598404117874,0.2630142128678868,-0.7287893168124563,-0.07161178236944823,-2.125251451354192,0.0,1.0,0.0,1.0,0.0,0.0,0
0.6667849554794225,0.4442179780969297,-0.09180911354573014,-0.9362737426769747,-1.249498073750025,-0.7218398305181921,1.988173850478146,0.0,0.0,1.0,0.0,1.0,0.0,0
0.3185858179547332,0.6272795397975119,0.6004957877886935,-1.1731701289574412,0.1724373778871818,1.2288443139280396,-0.6192135973653963,1.0,0.0,0.0,0.0,0.0,1.0,0
-0.3715305138918804,1.039762409343631,0.7142993332135303,-0.19597253555051744,-0.5685712377547429,-1.372067878666936,-1.1868635729896673,0.0,1.0,0.0,0.0,0.0,1.0,0
-0.32935175238760106,0.37765013747853554,0.24960152272878025,1.9509009651162088,1.293963931291176,-0.07161178236944823,-0.3177344237084859,1.0,0.0,0.0,0.0,0.0,1.0,1
-0.4989642188622564,1.0219317377494195,-1.6755751207080407,-0.5809291632562749,-0.007807961052745825,0.5786162657792957,0.20374306586022198,0.0,1.0,0.0,1.0,0.0,0.0,0
0.8556919617911418,0.5000874157587959,-1.2013936814378878,1.2994359028449272,-0.36829863893260106,-0.07161178236944823,1.052502000705125,1.0,0.0,0.0,0.0,1.0,0.0,0
0.8897939391775804,0.7045457833724341,-0.48063789374725524,-1.1435580806723822,1.514263789995532,0.5786162657792957,1.3648452887280489,1.0,0.0,0.0,0.0,0.0,1.0,1
1.6463193848819957,-0.7052659840099793,1.8049166435348816,-0.1811665114079873,-0.14799878022824509,0.5786162657792957,-0.37612903842581524,1.0,0.0,0.0,0.0,0.0,1.0,0
-1.265809999828357,0.2147966702513928,0.13579797730394347,-1.7654110946586061,0.29260093718046687,-1.372067878666936,1.3050926597149681,0.0,1.0,0.0,1.0,0.0,0.0,0
-0.3585179172575815,0.27304353079248683,1.2738334315523105,0.4702985508632943,0.8133096941180356,-1.372067878666936,0.019053121637971158,0.0,1.0,0.0,1.0,0.0,0.0,0
0.733642779565993,-0.16677970186475716,0.38237232572442276,-0.8474375978217991,-0.8689801359879556,-1.372067878666936,0.3952230815612326,0.0,1.0,0.0,0.0,0.0,1.0,0
-0.45095222438398097,-0.07406020957485125,-0.44270337860564296,-0.5957351873988037,1.2539094115267475,1.2288443139280396,-1.1393330726383526,0.0,1.0,0.0,0.0,0.0,1.0,0
1.1087645308168181,-0.012247214714914535,0.2970196666557954,1.3882720477001014,-1.12933451445674,1.2288443139280396,-0.3992152814535968,0.0,1.0,0.0,0.0,0.0,1.0,0
1.2667105313434812,-1.5290430116626046,0.7427502195697389,-1.054721935817208,-1.009170955163455,0.5786162657792957,-0.3095863379339755,1.0,0.0,0.0,0.0,0.0,1.0,1
1.051329621534395,1.637684263469562,1.6436949541830297,1.6843925305506846,-0.6086257575191713,-0.07161178236944823,-1.2751345022135372,1.0,0.0,0.0,0.0,0.0,1.0,0
0.8305641889800818,0.7794346040681267,1.30228431790852,0.011311802444891415,3.03633554104381,-0.07161178236944823,1.7776816346366107,0.0,0.0,1.0,1.0,0.0,0.0,0
1.1913272129103012,0.6855264003386077,-1.0212047345152298,0.026117826587420245,0.9334732534113207,0.5786162657792957,-1.825130291993034,1.0,0.0,0.0,1.0,0.0,0.0,0
-0.7269090150768726,0.4513502467346133,-0.6134086967428982,-0.6105412115413326,0.3126281970626811,-1.372067878666936,1.1937354874633168,0.0,0.0,1.0,0.0,0.0,1.0,0
0.5258899436459786,0.24808059056058987,1.103128113415055,-1.3064243462402034,0.19246463776939599,-0.07161178236944823,0.9520089428194882,0.0,1.0,0.0,0.0,1.0,0.0,0
0.421340460342818,-0.7563805759133897,-0.20561265897056652,0.55913469571847,-0.2681623395215302,-0.07161178236944823,-0.4603259247624302,0.0,1.0,0.0,0.0,0.0,1.0,0
-0.27191684310517805,-1.0381051871019493,2.0135564768137493,-1.336036394525261,-1.0492254749278833,0.5786162657792957,0.10868206515759245,0.0,1.0,0.0,0.0,0.0,1.0,0
-1.0966462435824704,-1.2389974203967449,-0.6039250679574949,-0.9658857909620323,-0.007807961052745825,0.5786162657792957,1.4286719606283864,0.0,1.0,0.0,0.0,0.0,1.0,0
-0.06057432535501227,0.1827014613818105,-0.006456454477102331,-0.2700026562631629,-0.248135079639316,-0.07161178236944823,0.9248486569044518,0.0,0.0,1.0,0.0,0.0,1.0,0
0.3096116133793546,-0.7219079441645778,1.046226340702637,0.10014794730006571,1.2539094115267475,0.5786162657792957,-0.30551229504671984,1.0,0.0,0.0,0.0,1.0,0.0,0
-1.2115160621473164,-0.8193822822129404,0.2875360378703925,0.4110744542931777,0.3927372365915378,-0.7218398305181921,-0.2756359805401794,0.0,0.0,1.0,0.0,0.0,1.0,0
-1.2043366984870136,-0.662472372183869,0.36340506815361706,-0.6549592839689203,2.9161719817505247,-1.372067878666936,0.8107754560612964,0.0,1.0,0.0,0.0,1.0,0.0,0
1.5655515437035883,-0.2880282687054044,0.5341103862908718,0.44068650257823666,0.5729825755314654,1.2288443139280396,2.566687940468433,0.0,0.0,1.0,0.0,0.0,1.0,1
1.0495347806193194,-1.5195333201456904,-0.03490734083331174,2.247021447966792,-0.4484076784614578,-0.7218398305181921,0.4400375533210432,1.0,0.0,0.0,0.0,1.0,0.0,0
0.8808197346022019,-0.5436012282224514,1.2548661739815041,0.20379011629777014,-0.6086257575191713,1.2288443139280396,2.934709814617182,0.0,0.0,1.0,0.0,0.0,1.0,0
-1.2752329146325045,-0.06573922949755283,-0.6323759543137043,0.2778202370104156,-1.4097161528077384,0.5786162657792957,-0.7550150269405808,0.0,1.0,0.0,1.0,0.0,0.0,0
0.4365966081209616,-1.2544506691117294,1.7100803556808513,0.08534192315753687,-0.42838041857924364,-0.07161178236944823,0.8501578706380998,1.0,0.0,0.0,1.0,0.0,0.0,0
-0.323518519413605,0.24094832192290455,-0.16767814382895427,0.08534192315753687,-0.7087620569302422,-0.7218398305181921,-1.3280970597478592,0.0,1.0,0.0,1.0,0.0,0.0,0
-0.7847926345880645,2.097715590600249,-1.3057135980773213,-1.1583641048149111,-0.2681623395215302,-0.07161178236944823,0.51880238247465,0.0,1.0,0.0,1.0,0.0,0.0,0
0.5685174153790269,-0.13587320443478965,0.8186192498529634,0.48510457500582316,-1.1693890342211684,-0.07161178236944823,2.144345494489608,0.0,0.0,1.0,0.0,1.0,0.0,0
-0.09018920045376161,0.9506090513725679,0.16424886366015287,-0.3588388011183372,0.7932824342358215,-0.07161178236944823,1.7817556775238652,0.0,1.0,0.0,0.0,1.0,0.0,0
0.8022954445676392,-0.47941081048328676,2.2696144540196315,2.069349158256442,-1.0492254749278833,0.5786162657792957,-0.5214365680712626,1.0,0.0,0.0,0.0,0.0,1.0,0
1.2281214516693533,2.6564099672189125,1.5488586663289994,1.4030780718426303,1.5943728295243886,1.2288443139280396,1.6133619048506371,0.0,0.0,1.0,1.0,0.0,0.0,1
1.0800470761756065,0.7461506837589297,-0.39528523467862786,-1.2620062738126154,-0.6486802772835996,-0.7218398305181921,1.2141057018995942,1.0,0.0,0.0,0.0,1.0,0.0,0
-1.1428633971456703,-0.014624637594142415,0.7806847347113511,1.4771081925552758,-0.688734797048028,-1.372067878666936,-1.0524201577102346,1.0,0.0,0.0,0.0,0.0,1.0,0
0.32217549978488463,-1.1320133908314691,1.2833170603377135,0.1889840921552413,0.8133096941180356,1.8790723620767835,-0.2905741377934496,0.0,0.0,1.0,0.0,1.0,0.0,0
1.459207219485352,-1.9617339756821641,0.7617174771405454,0.1445660197276535,1.2739366714089617,-0.7218398305181921,-0.8188416988409173,1.0,0.0,0.0,0.0,0.0,1.0,0
-1.7831728935989326,-1.2306764403194457,-1.9506003554847295,-0.8178255495367415,0.5930098354136796,0.5786162657792957,1.5739794902738338,0.0,1.0,0.0,0.0,1.0,0.0,0
-1.2155544542062369,-0.6600949493046412,0.38237232572442276,-0.6993773563965082,2.936199241632739,-1.372067878666936,0.8487998563423482,0.0,1.0,0.0,0.0,1.0,0.0,0
1.5597183107295922,-0.08951345828983669,0.5530776438616783,-0.5957351873988037,-0.248135079639316,1.2288443139280396,-1.9174752641041592,0.0,1.0,0.0,1.0,0.0,0.0,0
0.6833872339438729,0.6510537685897958,0.2780524090849897,-1.7357990463735486,1.2338821516445333,-0.07161178236944823,-0.29600619497645686,1.0,0.0,0.0,1.0,0.0,0.0,0
-1.055813612764498,-0.11566510996134845,-0.8410157875925713,-0.09233036655281301,1.3941002307022468,1.2288443139280396,0.3734948528292026,1.0,0.0,0.0,1.0,0.0,0.0,0
-0.750241946972857,0.0792835661353766,0.09786346216233119,-0.7586014529666248,1.0336095528223916,-0.7218398305181921,0.017695107342219584,0.0,0.0,1.0,0.0,0.0,1.0,0
-0.15794444499786997,0.4775018984061268,1.046226340702637,-0.13674843898040082,0.8133096941180356,-0.7218398305181921,-0.044773550262365396,1.0,0.0,0.0,0.0,0.0,1.0,0
1.4318358955304473,0.7948878527831105,1.3212515754793257,0.7516130095713487,0.2525464174160385,-0.07161178236944823,-1.3280970597478592,1.0,0.0,0.0,1.0,0.0,0.0,0
-2.041181275141067,0.8721540963580326,-0.5849578103866888,-0.8326315736792702,0.4928735360026087,1.2288443139280396,-1.5426633184766503,1.0,0.0,0.0,0.0,0.0,1.0,0
-0.21178967245014152,-1.7632191652665972,-0.6323759543137043,1.4771081925552758,-0.8289256162235272,-0.07161178236944823,-0.46983202483269315,1.0,0.0,0.0,0.0,1.0,0.0,0
-0.32800562170129427,-2.2173069351992125,0.8755210225653822,0.35185035772306106,0.21249189765161017,0.5786162657792957,-1.8753768209358528,0.0,1.0,0.0,0.0,1.0,0.0,1
-1.0513265104768086,0.37765013747853554,0.31598692422660196,0.24820818872535794,1.9348362475220298,1.2288443139280396,0.6912701980351347,0.0,0.0,1.0,0.0,0.0,1.0,0
0.18531888001036112,1.1847852049765606,1.1126117422004587,-0.018300245840167557,0.9134459935291065,0.5786162657792957,0.019053121637971158,0.0,0.0,1.0,0.0,0.0,1.0,0
-2.2372676451130893,-1.674065807295534,-1.0591392496568417,-0.13674843898040082,2.8961447218683105,-0.7218398305181921,-0.6300777117314108,1.0,0.0,0.0,0.0,0.0,1.0,1
-0.8660091859952408,0.04362222294695163,0.7048157044281266,-0.9362737426769747,-0.16802604011045927,-0.7218398305181921,-1.2045177588344407,0.0,1.0,0.0,0.0,1.0,0.0,0
0.059680015955060846,0.17556919274412516,-0.48063789374725524,-0.7289894046815658,0.21249189765161017,-0.07161178236944823,-1.1841475443981633,0.0,0.0,1.0,0.0,0.0,1.0,0
1.0472912294754748,2.1286220880302182,0.37288869693901994,-1.8246351912287229,-0.688734797048028,0.5786162657792957,-0.5947693400418631,1.0,0.0,0.0,0.0,0.0,1.0,0
-0.1233937573826624,-0.627999740435058,-0.48063789374725524,-0.04791229412522521,-0.16802604011045927,-0.7218398305181921,-0.5553869254650587,1.0,0.0,0.0,1.0,0.0,0.0,0
0.36525168174670186,0.695036091855521,-0.19612903018516367,0.20379011629777014,0.3927372365915378,-1.372067878666936,0.08423780783405928,1.0,0.0,0.0,0.0,0.0,1.0,0
0.20954923236388331,-0.15489258746861606,0.7617174771405454,-1.6321568773758441,2.2152178858730283,-0.07161178236944823,-0.4562518818751745,0.0,1.0,0.0,1.0,0.0,0.0,0
0.007180919189096091,-0.4984301935171132,0.40133958329522934,-0.10713639069534185,-0.588598497636957,-1.372067878666936,1.8428663208326987,0.0,1.0,0.0,0.0,0.0,1.0,0
1.1670968605567789,0.29681775958477075,0.9419064240632031,-0.15155446312292964,1.2539094115267475,-1.372067878666936,1.2887964881659462,1.0,0.0,0.0,0.0,1.0,0.0,1
0.6717207679958807,-0.6814917552176963,-0.8030812724509595,1.2994359028449272,-1.349634373161096,1.2288443139280396,-1.596983890306724,0.0,1.0,0.0,0.0,0.0,1.0,0
1.4767069184073403,1.0314414292663328,0.9324227952778003,-0.3588388011183372,2.9962810212793816,0.5786162657792957,-0.1914390942035644,0.0,0.0,1.0,0.0,0.0,1.0,1
1.1572252355238624,0.057886760222322295,0.581528530217887,1.417884095985159,-0.48846219822588616,-1.372067878666936,0.9981814288750513,1.0,0.0,0.0,0.0,0.0,1.0,0
0.1503194821663846,0.03411253143003842,-0.3763179771078217,-0.5957351873988037,-1.4297434126899526,-0.7218398305181921,0.16164462269191449,1.0,0.0,0.0,0.0,0.0,1.0,0
0.9467801382312345,-0.40689941266682206,1.0557099694880399,0.5295226474334109,-0.6486802772835996,-0.7218398305181921,0.1602866083961629,0.0,1.0,0.0,0.0,0.0,1.0,0
0.937805933655856,-0.25236692551697776,1.3781533481917436,1.4623021684127469,0.8733914737646782,0.5786162657792957,-0.0868719934306729,0.0,1.0,0.0,0.0,0.0,1.0,0
0.9140242915311027,-0.22146042808701025,0.3539214393682142,-0.2700026562631629,0.15241011800496762,0.5786162657792957,-0.5309426681415256,1.0,0.0,0.0,0.0,1.0,0.0,1
1.0181250646054942,-1.0131422468700515,0.3444378105828105,-0.4920930184010993,-0.8890073958701697,0.5786162657792957,-0.5716830970140815,1.0,0.0,0.0,1.0,0.0,0.0,0
1.764778885276993,0.6510537685897958,0.5530776438616783,-0.34403277697580836,0.23251915753382435,-0.7218398305181921,-0.46983202483269315,0.0,0.0,1.0,0.0,0.0,1.0,0
-0.03006202979872506,0.2528354363190473,-1.713509635849653,0.4554925267207655,-0.06788974069938837,-0.07161178236944823,1.2887964881659462,0.0,1.0,0.0,0.0,0.0,1.0,0
0.2503818631818559,1.8730491285131696,1.0651935982734435,-1.1435580806723822,0.5529553156492513,-1.372067878666936,1.9678036360418687,0.0,0.0,1.0,1.0,0.0,0.0,0
-1.106069158386618,-0.1964974878551116,-0.414252492249434,-1.2323942255275566,-0.14799878022824509,-1.372067878666936,0.790405241625019,0.0,1.0,0.0,0.0,0.0,1.0,0
0.784347035416882,0.8745315192372605,-0.6513432118845105,0.7960310819989351,-0.8289256162235272,-0.7218398305181921,-1.0931605865827894,0.0,1.0,0.0,0.0,0.0,1.0,0
0.38454622158376583,-0.5424125167828383,-0.5754741816012859,-1.3064243462402034,-0.9891436952812407,-0.7218398305181921,0.08287979353830771,1.0,0.0,0.0,0.0,0.0,1.0,0
-0.21852032588167544,-1.7014061704066596,-0.6418595830991072,1.4623021684127469,-0.7488165766946705,-0.07161178236944823,-0.42909159596013724,1.0,0.0,0.0,0.0,1.0,0.0,0
-1.08004396511802,1.6103439003584357,-1.381582628360546,0.3370443335805322,1.2138548917623193,-0.7218398305181921,0.6749740264861119,1.0,0.0,0.0,0.0,1.0,0.0,0
0.3248677611574982,1.5402099254212005,0.14528160608934632,1.5511383132679226,-0.04786248081717419,-0.7218398305181921,0.6586778549370902,1.0,0.0,0.0,1.0,0.0,0.0,0
1.084085468234527,-0.040776289265654166,1.0651935982734435,-0.37364482526086734,-0.909034655752384,-0.7218398305181921,0.478061953602095,0.0,1.0,0.0,0.0,0.0,1.0,0
-1.374397875190438,0.8317379074111502,0.6668811892865143,-0.03310626998269639,0.633064355178108,-0.7218398305181921,1.8224961063964211,0.0,1.0,0.0,0.0,0.0,1.0,0
1.6772803906670517,-1.2461296890344302,1.672145840539239,-0.6253472356838627,1.293963931291176,1.2288443139280396,-0.16563682258427967,1.0,0.0,0.0,0.0,0.0,1.0,0
-2.2368189348843206,1.6674020494599164,0.04096168944991279,0.8700612027115819,-0.48846219822588616,-1.372067878666936,-0.7726692127853542,1.0,0.0,0.0,1.0,0.0,0.0,0
-0.8637656348513961,0.2944403367055428,-0.3573507195370156,-1.9726954326540138,-0.18805329999267345,-0.7218398305181921,0.309668180928866,0.0,0.0,1.0,0.0,0.0,1.0,0
0.13102494232932063,1.7458570044744517,2.098909135882377,-1.039915911674678,-0.3482713790503869,-0.07161178236944823,-0.19008107990781284,0.0,0.0,1.0,1.0,0.0,0.0,1
-0.03724139345902793,-1.7834272597400376,0.031478060664509935,1.3882720477001014,1.4541820103488894,-1.372067878666936,0.013621064454963893,1.0,0.0,0.0,1.0,0.0,0.0,0
-0.1507650813375671,-0.37599291523685285,-1.1444919087254695,0.1445660197276535,-0.3282441191681727,-0.7218398305181921,-1.825130291993034,0.0,0.0,1.0,0.0,1.0,0.0,0
0.236920556318788,0.8590782705222767,0.6668811892865143,-1.1139460323873247,-1.1093072545745257,-0.07161178236944823,-1.4245160747462402,0.0,0.0,1.0,0.0,1.0,0.0,0
-0.7780619811565306,-0.05385211510141173,-0.8315321588071685,-0.03310626998269639,-0.16802604011045927,-0.7218398305181921,-1.01982781461219,1.0,0.0,0.0,0.0,0.0,1.0,0
2.4818178308497423,0.11732233220303112,0.7806847347113511,-1.4989026600930822,-0.48846219822588616,0.5786162657792957,-1.7355013484734125,1.0,0.0,0.0,0.0,0.0,1.0,0
0.41505851714005304,0.5060309729568664,-0.4521870073910463,-0.9214677185344445,1.3941002307022468,-0.07161178236944823,-2.095375136847651,0.0,1.0,0.0,1.0,0.0,0.0,0
0.593196477961318,-0.2963492487827028,-0.006456454477102331,0.7664190337138775,-0.8890073958701697,-0.7218398305181921,-0.14526660814800219,1.0,0.0,0.0,1.0,0.0,0.0,0
0.9046013767269552,-0.5863948400485617,0.8850046513507851,-0.46248097011604167,-0.5084894581081003,0.5786162657792957,-1.2248879732707183,1.0,0.0,0.0,0.0,1.0,0.0,0
0.5976835802490074,-0.6969450039326809,0.7142993332135303,-0.2996147045482206,-0.18805329999267345,0.5786162657792957,0.5228764253619057,0.0,1.0,0.0,1.0,0.0,0.0,0
-0.06371529695639477,0.2932516252659281,-0.044390969618714596,-0.41806289768845384,0.2525464174160385,1.2288443139280396,-1.5942678617152208,1.0,0.0,0.0,0.0,1.0,0.0,1
0.40473818187836763,-1.0892197790053588,0.36340506815361706,0.15937204387018233,-1.2094435539855968,-0.7218398305181921,0.0013989357931968273,1.0,0.0,0.0,0.0,0.0,1.0,0
-1.0804926753467892,-1.143900505227611,-0.6039250679574949,1.8620648202610346,-0.5685712377547429,-0.7218398305181921,0.10189199367883361,1.0,0.0,0.0,1.0,0.0,0.0,0
-0.3396720876492864,-0.22740398528508077,-0.4237361210348368,0.1297599955851247,-0.6086257575191713,-0.7218398305181921,0.006830992976204091,0.0,0.0,1.0,0.0,0.0,1.0,0
-0.39665828670294045,0.2231176503286929,-0.5754741816012859,0.3222383094380034,-0.8890073958701697,-0.7218398305181921,-1.709699076854127,0.0,1.0,0.0,1.0,0.0,0.0,0
-0.061471745812550126,0.6986022261743636,-1.3531317420043365,1.8472587961185043,0.3727099767093236,-1.372067878666936,-0.12761242230322786,0.0,1.0,0.0,0.0,0.0,1.0,0
-0.3275569114725253,0.5298052017491502,-0.006456454477102331,-1.18797615309997,-0.18805329999267345,-0.07161178236944823,1.3295369170385012,0.0,0.0,1.0,0.0,0.0,1.0,0
0.1121791127210256,-0.06692794093716761,0.581528530217887,0.6775828888587019,-0.7488165766946705,0.5786162657792957,-1.1271109439765856,1.0,0.0,0.0,1.0,0.0,0.0,0
-0.8072281460265109,0.06145289454116496,-2.2730437341884335,1.2550178304173394,-0.36829863893260106,-0.7218398305181921,-0.9722973142608752,0.0,1.0,0.0,0.0,0.0,1.0,0
-1.8778507518691767,0.9506090513725679,-0.9927538481590205,1.314241926987456,1.9348362475220298,0.5786162657792957,-1.8577226350910785,1.0,0.0,0.0,0.0,0.0,1.0,0
0.6057603643668481,-1.2199780373629185,0.7237829619989332,0.4999105991483533,-0.3282441191681727,0.5786162657792957,0.8297876562018224,0.0,0.0,1.0,0.0,1.0,0.0,0
1.0701754511426902,0.41806632642541797,0.47720861357845384,0.35185035772306106,0.09232833835832507,1.2288443139280396,0.5269504682491614,1.0,0.0,0.0,0.0,0.0,1.0,0
1.027099269180873,0.6260908283578989,-0.3763179771078217,0.55913469571847,0.5729825755314654,2.5293004102255274,1.2575621593636532,0.0,0.0,1.0,0.0,0.0,1.0,0
1.9209300448885804,1.2989015031795224,1.0651935982734435,0.8404491544265229,-0.248135079639316,-0.07161178236944823,2.100889037025549,0.0,0.0,1.0,1.0,0.0,0.0,0
-0.7201783616453387,-0.2440459454396793,0.8281028786383671,0.7812250578564063,-1.1693890342211684,0.5786162657792957,1.8360762493539398,0.0,0.0,1.0,0.0,1.0,0.0,0
-0.5043487416074836,1.0718576182132151,0.2970196666557954,0.07053589901500805,0.032246558711682534,1.8790723620767835,-0.9872354715141454,1.0,0.0,0.0,0.0,0.0,1.0,0
-0.16826478025955535,-1.1367682365899257,0.3444378105828105,-0.04791229412522521,2.095054326579743,-0.07161178236944823,-1.1121727867233153,0.0,1.0,0.0,0.0,1.0,0.0,0
1.5152959980814682,0.5512020076622046,-0.17716177261435753,1.447496144270218,0.13238285812275344,-0.07161178236944823,-0.7903233986301285,0.0,0.0,1.0,0.0,1.0,0.0,0
2.765402695431706,0.7497168180777722,1.2358989164106984,-1.2620062738126154,0.7332006545891788,1.8790723620767835,-1.481552675167817,0.0,1.0,0.0,1.0,0.0,0.0,1
-0.20146933718845614,-0.8051177449375706,-1.4669352874291732,-0.46248097011604167,0.23251915753382435,-0.7218398305181921,-0.2172413658228501,1.0,0.0,0.0,0.0,0.0,1.0,0
-0.5635784918049822,-0.28208471150733216,0.8375865074237699,1.6991985546932133,0.7332006545891788,0.5786162657792957,1.2955865596447051,1.0,0.0,0.0,0.0,0.0,1.0,0
-0.2907626727134731,1.8718604170735549,-1.5143534313561888,1.9953190375437966,-1.1894162941033826,-0.7218398305181921,-0.0868719934306729,0.0,1.0,0.0,0.0,0.0,1.0,0
-0.30377526934777205,-1.8202773143680773,1.0651935982734435,0.1445660197276535,0.4528190162381803,-0.7218398305181921,-0.009465178572817699,0.0,1.0,0.0,0.0,0.0,1.0,0
0.294355465601211,0.2468918791209751,-1.11604102236926,-0.28480868040569174,1.9748907672864582,-0.07161178236944823,0.2634956948733028,1.0,0.0,0.0,0.0,0.0,1.0,0
0.0044886578164825145,-0.834835530927925,0.0694125758061222,0.6035527681460564,0.4928735360026087,-0.7218398305181921,-0.664028069125207,1.0,0.0,0.0,0.0,0.0,1.0,0
-0.48819517337180207,-0.23572496536237922,-0.25303080289758206,2.3210515686794375,0.6931461348247505,1.2288443139280396,0.07337369346804476,1.0,0.0,0.0,1.0,0.0,0.0,0
-0.05788206398239869,0.4775018984061268,1.0746772270588465,-0.2107785596930463,0.7932824342358215,-0.7218398305181921,-0.03255142160059929,1.0,0.0,0.0,0.0,0.0,1.0,0
0.19160082321312613,2.0085622326291857,2.1842617949510044,1.4030780718426303,-1.029198215045669,-1.372067878666936,-0.8229157417281731,0.0,0.0,1.0,1.0,0.0,0.0,0
2.044774068028805,-0.5091285964736412,-0.22457991654137266,-0.714183380539037,-1.029198215045669,-0.7218398305181921,1.5332390614012779,0.0,0.0,1.0,0.0,0.0,1.0,0
-0.6255005033750946,0.6142037139617561,-0.6039250679574949,-0.9066616943919157,2.5757085637528836,-0.07161178236944823,0.7442327555694568,1.0,0.0,0.0,1.0,0.0,0.0,0
-1.8980427121637786,-0.00868108039607187,-0.3763179771078217,0.0557298748724779,-1.2895525935144534,-0.7218398305181921,-0.25119172321664623,1.0,0.0,0.0,0.0,1.0,0.0,0
-0.14403442790603316,-2.0710954281266685,1.5962768102560145,0.6183587922885866,0.29260093718046687,-1.372067878666936,0.5459626683896873,0.0,0.0,1.0,0.0,0.0,1.0,1
-1.0979923742687774,-1.685952921691675,-1.0117211057298265,-0.47728699425857046,1.4942365301133178,-1.372067878666936,0.04213936466575275,0.0,1.0,0.0,0.0,0.0,1.0,0
1.8249060559320296,0.7318861464835607,1.3876369769771475,-1.2768122979551444,0.47284627612039454,0.5786162657792957,0.9655890857770069,0.0,0.0,1.0,1.0,0.0,0.0,0
-0.5474249235693008,1.282259543024924,-0.006456454477102331,-0.8326315736792702,0.35268271682710944,-0.7218398305181921,0.23905143754976968,0.0,1.0,0.0,0.0,0.0,1.0,0
-0.1112785812059013,-0.4449381787344749,1.0177754543464277,0.6923889130012321,-0.8890073958701697,-0.7218398305181921,1.1665752015482804,0.0,0.0,1.0,0.0,0.0,1.0,0
-0.7188322309590318,-1.7465772051119988,-0.7651467573093472,-0.7586014529666248,0.5329280557670371,-0.07161178236944823,0.4454696105040505,1.0,0.0,0.0,0.0,1.0,0.0,0
-2.2372676451130893,0.6676957287443944,1.0272590831318313,-0.12194241483787067,1.0536368127046059,-0.7218398305181921,0.1670766798749227,1.0,0.0,0.0,0.0,0.0,1.0,0
0.1395504366759303,2.8525473547552505,0.7996519922821577,-0.6253472356838627,2.1351088463441714,-0.7218398305181921,-0.8745202849667425,0.0,1.0,0.0,0.0,0.0,1.0,1
-0.28627557042578383,2.1761705456147844,-0.6039250679574949,0.1445660197276535,-0.468434938343672,0.5786162657792957,0.5025062109256282,0.0,0.0,1.0,0.0,0.0,1.0,0
0.0013476862151000078,0.5286164903095355,0.15476523487474916,-0.22558458383557511,-0.7888710964590989,-0.07161178236944823,0.5676908971217164,1.0,0.0,0.0,0.0,1.0,0.0,0
-1.3829233695370475,0.5535794305414342,0.9324227952778003,-1.4544845876654942,-0.7287893168124563,-0.7218398305181921,0.7048503409926524,0.0,1.0,0.0,1.0,0.0,0.0,1
-1.0804926753467892,0.041244800067723755,-0.36683434832241846,-2.0467255533666604,-0.8890073958701697,-0.07161178236944823,-1.0429140576399716,1.0,0.0,0.0,1.0,0.0,0.0,0
0.09602554448534413,0.18864501857988106,2.0514909919553608,1.3734660235575726,0.9134459935291065,-0.7218398305181921,-0.560818982648067,0.0,0.0,1.0,0.0,0.0,1.0,1
2.331499904212151,-0.4889205020002,0.6573975605011115,-1.7061869980884896,-0.7688438365768847,1.2288443139280396,-0.7251387124340394,0.0,1.0,0.0,0.0,1.0,0.0,0
1.0854315989208336,1.1574448418654357,-1.903182211557714,1.8472587961185043,-0.007807961052745825,3.829756506523015,-1.534515232702139,1.0,0.0,0.0,1.0,0.0,0.0,1
-0.1920464223843086,0.08403841189383404,0.22115063637257085,-1.0843339841022657,0.5930098354136796,-0.7218398305181921,0.4617657820530723,0.0,1.0,0.0,1.0,0.0,0.0,0
-2.2372676451130893,0.6807715545801503,-0.907401189090393,0.8552551785690518,-0.7688438365768847,-0.07161178236944823,0.15213852262165153,0.0,0.0,1.0,0.0,0.0,1.0,0
0.7524886091742881,0.6118262910825282,0.37288869693901994,-0.4476749459735128,-0.808898356341313,-0.07161178236944823,1.0973164724649356,1.0,0.0,0.0,0.0,0.0,1.0,0
0.3553800567137854,-0.11804253284057632,-0.5565069240304797,-1.780217118801135,0.3927372365915378,-0.7218398305181921,-1.450318346365525,0.0,1.0,0.0,0.0,0.0,1.0,0
1.7764453512249851,0.706923206251662,1.406604234547953,-1.2916183220976731,0.5129007958848228,0.5786162657792957,0.9343547569747148,0.0,0.0,1.0,1.0,0.0,0.0,0
0.6919127282904826,-0.25355563695659256,0.6668811892865143,-1.1583641048149111,-0.30821685928595854,-1.372067878666936,-0.5064984108179924,0.0,1.0,0.0,0.0,1.0,0.0,1
-0.6999864013507369,0.8507572904449783,1.975621961672137,0.011311802444891415,0.11235559824053926,-0.7218398305181921,-0.062427736107139725,1.0,0.0,0.0,0.0,0.0,1.0,0
-1.004211936456071,1.2049932994500017,-0.5565069240304797,0.9144792751391684,-0.7688438365768847,-0.7218398305181921,0.9180585854256921,0.0,0.0,1.0,0.0,0.0,1.0,0
-0.1278808596703517,0.03411253143003842,-0.11077637111653585,0.44068650257823666,1.7746181684643163,-0.07161178236944823,-0.2824260520189382,1.0,0.0,0.0,0.0,1.0,0.0,0
-0.2620452180722616,0.7223764549666457,-1.11604102236926,0.1445660197276535,2.6758448631639546,3.829756506523015,0.843367799159341,0.0,0.0,1.0,1.0,0.0,0.0,0
-0.060125615126243336,-1.375699235952375,1.2548661739815041,2.261827472109321,-1.3095798533966676,0.5786162657792957,0.3463345669141653,0.0,1.0,0.0,0.0,0.0,1.0,0
-0.692807037690434,-0.5198269994301675,-0.6608268406699133,0.5443286715759398,0.633064355178108,0.5786162657792957,0.1181881652278554,0.0,1.0,0.0,0.0,0.0,1.0,0
0.6053116541380792,-0.3843138953141513,-0.5470232952450769,-2.091143625794247,-1.2094435539855968,-0.7218398305181921,-0.27020392335717214,0.0,1.0,0.0,0.0,1.0,0.0,1
-0.3621075990877329,-1.2865458779813117,-0.9927538481590205,-0.34403277697580836,-1.1894162941033826,1.2288443139280396,0.44411159620829893,1.0,0.0,0.0,0.0,0.0,1.0,0
0.5021083015212253,2.605295375315502,0.6289466741449021,-0.8474375978217991,1.9949180271686722,0.5786162657792957,-0.10995823645845448,0.0,0.0,1.0,0.0,1.0,0.0,1
0.24634347112293553,-0.09426830404829245,-0.8504994163779747,1.6547804822656256,-0.1279715203460309,0.5786162657792957,-0.04884759314962108,1.0,0.0,0.0,1.0,0.0,0.0,0
0.09737167517165092,0.5464471619037489,-0.8030812724509595,1.4771081925552758,-1.009170955163455,0.5786162657792957,-1.7708097201629602,1.0,0.0,0.0,0.0,0.0,1.0,0
1.1738275139883128,-0.49010921343981306,-0.7461794997385411,-0.5809291632562749,-1.349634373161096,-0.07161178236944823,-1.3919237316481956,1.0,0.0,0.0,0.0,0.0,1.0,0
-1.2909377726394171,-0.3510299750049559,-0.48063789374725524,0.011311802444891415,0.29260093718046687,0.5786162657792957,-1.2751345022135372,0.0,1.0,0.0,0.0,1.0,0.0,0
-0.2759552351640984,0.6534311914690237,-1.1444919087254695,0.17417806801271116,2.695872123046169,3.829756506523015,0.9004043995809187,0.0,0.0,1.0,1.0,0.0,0.0,0
-0.04038236506041044,-1.8761467520299435,0.46772498479305014,1.1217636131345772,1.8747544678753871,1.8790723620767835,0.5147283395873943,0.0,1.0,0.0,0.0,0.0,1.0,0
-0.6277440545189392,0.5999391766863854,-0.6134086967428982,-0.8770496461068581,2.5757085637528836,-0.07161178236944823,0.7021343124011492,1.0,0.0,0.0,1.0,0.0,0.0,0
-1.717661200198669,-0.9228001774593743,-1.1444919087254695,1.625168433980568,-0.7488165766946705,1.2288443139280396,-2.1116713083966734,0.0,1.0,0.0,0.0,0.0,1.0,0
-1.2420283577036038,-0.707643406889208,0.3539214393682142,-0.6845713322539794,2.8761174619860963,-1.372067878666936,0.8189235418358078,0.0,1.0,0.0,0.0,1.0,0.0,0
0.24948444272431802,-0.1192312442801911,-0.7935976436655562,1.6547804822656256,-0.16802604011045927,0.5786162657792957,-0.08279795054341721,1.0,0.0,0.0,1.0,0.0,0.0,0
0.7919751093059538,1.109896384280868,-0.33838346196620944,-1.4248725393804367,-0.06788974069938837,1.8790723620767835,-1.156987258483126,1.0,0.0,0.0,0.0,1.0,0.0,0
1.1177387353921966,-2.1376632687450625,-1.6755751207080407,0.11495397144259453,-0.3482713790503869,1.2288443139280396,-1.3715535172119182,0.0,1.0,0.0,0.0,0.0,1.0,0
-0.7677416458948452,-0.10853284132366312,-0.8030812724509595,0.04092385072994907,-0.16802604011045927,-0.7218398305181921,-1.0605682434847459,1.0,0.0,0.0,0.0,0.0,1.0,0
0.5905042165887044,1.131293190193924,1.4445387496895654,0.3962684301506489,-0.3883258988148153,-0.07161178236944823,0.2838659093095813,0.0,0.0,1.0,0.0,0.0,1.0,0
1.0854315989208336,1.5330776567835152,1.0841608558442493,0.15937204387018233,0.3727099767093236,4.479984554671759,0.40065513874423986,0.0,0.0,1.0,1.0,0.0,0.0,0
3.013539451940924,-0.4021445669083646,-1.6091897192102191,0.55913469571847,4.13783483456559,3.179528458374271,-0.6816822549699803,0.0,1.0,0.0,0.0,0.0,1.0,0
-0.749344526515319,0.3122710082997562,0.3444378105828105,0.10014794730006571,-0.3282441191681727,-0.7218398305181921,1.2575621593636532,1.0,0.0,0.0,0.0,1.0,0.0,0
-0.12294504715389347,-0.1311183586763322,-0.18664540139976038,-0.5513171149712159,0.012219298829468357,0.5786162657792957,0.8148494989485522,1.0,0.0,0.0,0.0,0.0,1.0,0
0.3926230057016065,-0.442560755855247,0.05992894702071892,0.10014794730006571,-0.06788974069938837,1.2288443139280396,0.17794079424093723,1.0,0.0,0.0,0.0,1.0,0.0,0
-0.9503667090037995,0.9113815738653003,0.9513900528486068,0.011311802444891415,-0.3482713790503869,-0.07161178236944823,1.3336109599257568,0.0,0.0,1.0,0.0,1.0,0.0,0
0.01884738513708826,-0.8288919737298545,1.9187201889597183,-0.9214677185344445,0.052273818593896716,-0.07161178236944823,-0.008107164277066125,0.0,1.0,0.0,0.0,0.0,1.0,0
-0.18845674055415718,0.24213703336251935,-0.8410157875925713,0.15937204387018233,0.29260093718046687,-0.7218398305181921,0.9506509285237366,0.0,1.0,0.0,0.0,0.0,1.0,0
-0.5949882078188073,0.8043975443000254,-2.443749052325688,0.6479708405736442,0.09232833835832507,-0.7218398305181921,0.5975672116282568,1.0,0.0,0.0,0.0,0.0,1.0,0
-0.45723416758674595,-1.2627716491890288,0.8281028786383671,-1.513708684235611,-1.3896888929255242,-0.7218398305181921,0.20102703726871882,0.0,1.0,0.0,0.0,0.0,1.0,0
0.2122414937364969,-0.6969450039326809,1.5298914087581927,-0.8474375978217991,-1.3696616330433102,-0.7218398305181921,0.5174443681788984,1.0,0.0,0.0,0.0,0.0,1.0,0
-0.7619084129208491,0.044810934386566414,0.13579797730394347,-0.7734074771091536,0.9935550330579632,-0.7218398305181921,-0.005391135685562011,0.0,0.0,1.0,0.0,0.0,1.0,0
-1.431384074244092,-1.6193850810732817,-1.400549885931352,0.8996732509966395,-0.9290619156345982,1.2288443139280396,-0.3136603808212312,0.0,1.0,0.0,0.0,1.0,0.0,0
-1.7221483024863582,-0.5519222082997515,-1.1824264238670819,-0.5513171149712159,-0.04786248081717419,-0.7218398305181921,0.32189030959063214,0.0,1.0,0.0,0.0,0.0,1.0,0
1.8778538629267632,-0.6184900489181456,0.39185595450982563,-0.7289894046815658,0.21249189765161017,-0.07161178236944823,0.256705623394544,0.0,1.0,0.0,0.0,0.0,1.0,0
-1.845543615397814,1.0207430263098047,-0.755663128523944,-1.1139460323873247,-0.7087620569302422,0.5786162657792957,-1.4353801891122548,0.0,1.0,0.0,0.0,0.0,1.0,0
0.7695395978675074,2.411535410658392,0.9513900528486068,-0.1663604872654585,1.414127490584461,2.5293004102255274,0.8012693559910334,0.0,0.0,1.0,1.0,0.0,0.0,0
0.3307009941314943,-0.2464233683189072,-0.3194162043954033,0.7812250578564063,-0.3883258988148153,1.2288443139280396,-1.207233787425945,0.0,1.0,0.0,1.0,0.0,0.0,0
-0.27281426356271593,-1.0713891074111463,2.0514909919553608,-1.336036394525261,-1.029198215045669,0.5786162657792957,0.10460802227033773,0.0,1.0,0.0,0.0,0.0,1.0,0
-0.6878712251739757,0.1838901728214236,-0.4237361210348368,2.069349158256442,0.012219298829468357,0.5786162657792957,1.408301746192108,0.0,1.0,0.0,0.0,1.0,0.0,0
0.019296095365857188,0.7520942409570002,0.20218337880176512,0.011311802444891415,0.4327917563559662,0.5786162657792957,-1.344393231296881,1.0,0.0,0.0,1.0,0.0,0.0,1
-1.2052341189445515,0.18626759570065318,-0.26251443168298494,-0.24039060797810394,-0.6086257575191713,0.5786162657792957,-1.9772278931172407,1.0,0.0,0.0,0.0,0.0,1.0,0
0.5958887393339316,0.5963730423675444,0.24960152272878025,0.04092385072994907,-1.4898251923365953,-1.372067878666936,0.5242344396576573,0.0,0.0,1.0,0.0,0.0,1.0,0
-1.6880463250999196,-0.9441969833724294,-1.1729427950816784,1.6103624098380391,-0.7488165766946705,1.2288443139280396,-2.130683508537199,0.0,1.0,0.0,0.0,0.0,1.0,0
-0.3347362751328282,0.42044374930464584,-0.044390969618714596,1.2994359028449272,-0.3482713790503869,-0.07161178236944823,0.8148494989485522,1.0,0.0,0.0,0.0,1.0,0.0,0
1.587089634684497,-0.9703486350439412,-0.6513432118845105,-0.5513171149712159,-1.4297434126899526,-0.07161178236944823,2.2149622378687046,1.0,0.0,0.0,0.0,1.0,0.0,0
0.6963998305781718,-0.8098725906960271,-2.443749052325688,1.1661816855621638,0.8333369540002498,0.5786162657792957,-2.1198193941711843,0.0,1.0,0.0,0.0,0.0,1.0,0
0.523197682273365,0.5999391766863854,0.22115063637257085,0.026117826587420245,-1.5499069719832377,-1.372067878666936,0.5378145826151759,0.0,0.0,1.0,0.0,0.0,1.0,0
-1.882786564385635,0.914947708184143,0.6004957877886935,1.5067202408403346,0.7332006545891788,-1.372067878666936,-0.2484756946251421,0.0,0.0,1.0,0.0,0.0,1.0,0
0.1758959652062136,-0.8728742969955786,-0.006456454477102331,-1.54332073252067,-0.3482713790503869,2.5293004102255274,-0.6327937403229139,0.0,1.0,0.0,0.0,0.0,1.0,0
-0.7888310266469849,0.6403553656332679,0.36340506815361706,-0.22558458383557511,-0.909034655752384,-1.372067878666936,1.2276858448571129,1.0,0.0,0.0,0.0,0.0,1.0,0
1.2967741166709996,0.2040982672948648,0.7712011059259483,0.6331648164311154,1.0336095528223916,-1.372067878666936,2.297801109909567,0.0,0.0,1.0,0.0,1.0,0.0,0
1.307543162161454,-0.2143281594493249,-0.26251443168298494,1.4030780718426303,2.4755722643418125,-0.7218398305181921,1.074230229437155,1.0,0.0,0.0,1.0,0.0,0.0,0
0.5940938984188558,-0.11447639852173366,-1.0970737647984539,0.011311802444891415,0.6931461348247505,-0.07161178236944823,0.287939952196836,1.0,0.0,0.0,0.0,0.0,1.0,0
0.3912768750152998,-0.3819364724349234,-0.015940083262505608,1.0773455407069894,0.633064355178108,-0.7218398305181921,-0.5187205394797595,1.0,0.0,0.0,0.0,0.0,1.0,0
-1.12626111868122,0.43708570945924435,-1.5807388328540102,0.24820818872535794,1.9348362475220298,-0.07161178236944823,-1.5548854471384175,0.0,1.0,0.0,0.0,1.0,0.0,0
-0.13326538241557884,-0.17510068194205727,-0.20561265897056652,-0.5661231391137461,0.052273818593896716,0.5786162657792957,0.7646029700057342,1.0,0.0,0.0,0.0,0.0,1.0,0
0.26339445981615484,-0.017002060473371983,1.150546257342071,0.10014794730006571,0.35268271682710944,0.5786162657792957,-1.4340221748165032,1.0,0.0,0.0,0.0,1.0,0.0,1
0.0179499646795504,-0.5126947307924838,-0.4521870073910463,0.6775828888587019,0.09232833835832507,1.2288443139280396,-0.2566237803996535,1.0,0.0,0.0,0.0,0.0,1.0,0
1.2465185710488793,-0.12874093579710433,0.5530776438616783,-1.2620062738126154,-0.06788974069938837,-0.7218398305181921,-0.47390606771994886,1.0,0.0,0.0,1.0,0.0,0.0,0
-0.6959480092918164,0.765170066792756,1.3307352042647287,-2.135561698221835,0.35268271682710944,1.2288443139280396,0.43596351043378756,1.0,0.0,0.0,1.0,0.0,0.0,0
0.3464058521384068,-1.1011068934015007,1.2264152876252954,0.1445660197276535,0.7732551743536072,1.8790723620767835,-0.3258825094829973,0.0,0.0,1.0,0.0,1.0,0.0,0
-1.1087614197592317,0.511974530154937,-1.6566078631372347,0.24820818872535794,1.8747544678753871,-0.07161178236944823,-1.6255021905175129,0.0,1.0,0.0,0.0,1.0,0.0,0
-0.9032521349830619,-0.7492483072757044,0.211667007587168,-0.7289894046815658,-0.808898356341313,-0.7218398305181921,0.7523808413439672,1.0,0.0,0.0,0.0,0.0,1.0,0
0.7390273023112202,-1.04404874430002,1.3971206057625503,-0.6993773563965082,-0.5285167179903145,1.2288443139280396,1.1923774731675651,1.0,0.0,0.0,0.0,0.0,1.0,0
-0.5555017076871416,0.06264160598077806,0.7237829619989332,0.0557298748724779,1.093691332469034,0.5786162657792957,0.07880575065105203,1.0,0.0,0.0,0.0,0.0,1.0,0
-0.14223958699095743,-0.2939718259034749,-1.2677790829357092,0.3370443335805322,0.21249189765161017,-0.7218398305181921,1.2045996018293312,1.0,0.0,0.0,0.0,1.0,0.0,0
-0.7067170547822708,0.013904436956597216,-1.2867463405065154,-1.4544845876654942,0.15241011800496762,0.5786162657792957,0.047571421848760016,1.0,0.0,0.0,0.0,0.0,1.0,0
0.21313891419403475,0.2980064710243855,1.0651935982734435,1.314241926987456,-0.468434938343672,-0.07161178236944823,0.4413955676167948,0.0,0.0,1.0,0.0,0.0,1.0,1
-1.329975562542314,1.1039528270827974,-1.3151972268627243,-2.2243978430770106,-0.6286530174013855,-1.372067878666936,-0.3000802378637126,0.0,1.0,0.0,0.0,0.0,1.0,0
-1.8410565131101246,-0.46276885032868825,-0.13922725747274525,-0.018300245840167557,-0.40835315869702943,0.5786162657792957,0.02041113593372273,1.0,0.0,0.0,0.0,0.0,1.0,0
1.267607951801019,0.5678439678168031,0.39185595450982563,1.2105997579897516,-0.7287893168124563,-0.07161178236944823,-0.1181063222329649,0.0,0.0,1.0,0.0,0.0,1.0,0
0.3482006930534825,-1.580157603566014,-0.09180911354573014,-0.1663604872654585,-0.6687075371658138,0.5786162657792957,-0.4684740105369416,0.0,0.0,1.0,0.0,1.0,0.0,0
0.8045389957114838,0.6367892313144252,-1.4100335147167549,0.20379011629777014,0.35268271682710944,0.5786162657792957,0.1670766798749227,0.0,1.0,0.0,0.0,0.0,1.0,0
-0.2956984852299313,0.994591374638293,0.05992894702071892,1.3734660235575726,-0.9290619156345982,3.179528458374271,-1.2140238589047037,0.0,1.0,0.0,0.0,1.0,0.0,0
-0.3831969798398726,1.0896882898074267,-0.044390969618714596,1.7880346995483878,0.5529553156492513,-0.07161178236944823,-0.6531639547591924,0.0,0.0,1.0,0.0,0.0,1.0,0
-0.6533205375587682,0.7734910468700562,0.2970196666557954,1.906482892688621,0.4528190162381803,-0.7218398305181921,-0.010823192868569274,1.0,0.0,0.0,0.0,0.0,1.0,0
-0.699537691121968,0.8887960565126312,1.9945892192429429,-0.003494221697638729,0.0723010784761109,-0.7218398305181921,-0.07057582188165014,1.0,0.0,0.0,0.0,0.0,1.0,0
-2.200473406354037,-0.7171530984061213,1.103128113415055,-0.5217050666861582,1.7946454283465305,-0.7218398305181921,1.1516370442950101,0.0,1.0,0.0,0.0,0.0,1.0,0
0.5214028413582893,0.5821085050921738,0.268568780299586,0.026117826587420245,-1.4497706725721669,-1.372067878666936,0.5364565683194243,0.0,0.0,1.0,0.0,0.0,1.0,0
0.3109577440656614,-0.8253258394110118,-1.068622878442245,-1.2768122979551444,-0.5685712377547429,-0.07161178236944823,-0.4413137246219043,0.0,1.0,0.0,1.0,0.0,0.0,0
0.00942447033294074,-0.5424125167828383,-0.44270337860564296,0.6035527681460564,0.13238285812275344,1.2288443139280396,-0.28650009490619394,1.0,0.0,0.0,0.0,0.0,1.0,0
0.5012108810636875,-1.0060099782323662,1.7385312420370607,0.011311802444891415,-1.2094435539855968,0.5786162657792957,1.2928705310532018,0.0,0.0,1.0,0.0,0.0,1.0,0
-0.08121499587838302,-1.754898185189298,0.031478060664509935,1.417884095985159,1.4742092702311036,-1.372067878666936,-0.06650177899439541,1.0,0.0,0.0,1.0,0.0,0.0,0
0.5842222733859395,0.695036091855521,0.2590851515141831,-1.039915911674678,0.3126281970626811,-0.07161178236944823,-1.0836544865125264,0.0,1.0,0.0,0.0,0.0,1.0,0
-0.06326658672762585,0.3586307544447091,0.37288869693901994,0.04092385072994907,-1.0492254749278833,-0.07161178236944823,1.2629942165466606,0.0,0.0,1.0,0.0,1.0,0.0,0
0.2692276927901509,1.1954836079330886,0.8186192498529634,-0.2551966321206341,0.7131733947069647,-0.07161178236944823,0.18744689431120018,1.0,0.0,0.0,0.0,0.0,1.0,0
0.6340291087792906,0.028168974231967875,1.7574984996078664,-1.025109887532149,0.9134459935291065,-0.07161178236944823,-0.2484756946251421,1.0,0.0,0.0,1.0,0.0,0.0,1
-1.5722790860775357,-1.2568280919909574,-0.8694666739487807,0.7960310819989351,-0.42838041857924364,-0.7218398305181921,-1.9229073212871666,1.0,0.0,0.0,0.0,1.0,0.0,0
0.22480538014202692,2.0347138843006976,0.4961758711492596,0.5739407198609988,-0.48846219822588616,-0.07161178236944823,0.7157144553586678,1.0,0.0,0.0,0.0,0.0,1.0,1
-0.4352473663770684,0.40617921202927515,0.8755210225653822,0.6923889130012321,-0.36829863893260106,-1.372067878666936,-0.9030385851775313,1.0,0.0,0.0,1.0,0.0,0.0,0
0.9642798371532227,0.6296569626767399,0.3254705530120048,0.011311802444891415,0.1724373778871818,-0.07161178236944823,1.3662033030238014,0.0,0.0,1.0,0.0,0.0,1.0,0
-1.0297884194959,-1.3852089274692891,-0.13922725747274525,-0.891855670249387,-1.1493617743389541,1.8790723620767835,-1.0714323578507603,1.0,0.0,0.0,0.0,0.0,1.0,0
0.8471664674445322,1.0052897775948209,-0.43321974982024014,0.4554925267207655,-0.7287893168124563,-1.372067878666936,1.0090455432410659,0.0,0.0,1.0,0.0,0.0,1.0,0
1.2860050711805453,-1.1189375649957132,1.0557099694880399,0.8108371061414653,-0.9490891755168124,-1.372067878666936,-0.22403143730160896,1.0,0.0,0.0,0.0,0.0,1.0,1
0.752937319403057,0.937533225536812,0.6763648180719181,-0.03310626998269639,-1.0892799946923115,-0.7218398305181921,-0.4997083393392336,0.0,1.0,0.0,0.0,1.0,0.0,0
0.6672336657081914,-0.27019759711119107,0.44875772722224444,0.2778202370104156,-0.5485439778725287,0.5786162657792957,-0.42365953877713,1.0,0.0,0.0,1.0,0.0,0.0,0
-0.6896660660890515,0.31702585405821193,-0.025423712047908463,0.2630142128678868,-0.7087620569302422,-0.7218398305181921,0.7170724696544195,1.0,0.0,0.0,0.0,0.0,1.0,0
0.26159961890107913,1.4320371844163091,-2.0454366433387596,0.9885093958518152,-0.588598497636957,2.5293004102255274,-1.5263671469276285,1.0,0.0,0.0,0.0,1.0,0.0,0
-0.7646006742934627,-0.5067511735944116,0.031478060664509935,2.5431419308173737,0.3927372365915378,-0.7218398305181921,0.5201603967704016,0.0,0.0,1.0,0.0,0.0,1.0,0
0.006732208960327162,2.7158455391996212,-1.049655620871439,0.973703371709285,-0.7087620569302422,2.5293004102255274,-1.1053827152445566,0.0,1.0,0.0,1.0,0.0,0.0,0
1.4623481910867344,-1.4173041363388714,0.31598692422660196,3.1798009689461293,-1.12933451445674,-0.7218398305181921,1.0783042723244096,1.0,0.0,0.0,0.0,0.0,1.0,0
0.006732208960327162,-0.9477631176912721,1.1410626285566672,0.20379011629777014,-0.6086257575191713,0.5786162657792957,0.18744689431120018,1.0,0.0,0.0,0.0,0.0,1.0,0
0.10499974906072272,0.3514984858070238,-1.1919100526524846,1.2550178304173394,-1.2895525935144534,0.5786162657792957,0.20645909445172608,0.0,1.0,0.0,0.0,0.0,1.0,0
0.6995408021795544,-0.17034583618359983,0.40133958329522934,-0.8474375978217991,-0.8689801359879556,-1.372067878666936,0.3884330100824728,0.0,1.0,0.0,0.0,0.0,1.0,0
1.0167789339191875,-0.7599467102322316,0.07889620459152506,-0.743795428824096,-0.8289256162235272,-1.372067878666936,0.3911490386739769,1.0,0.0,0.0,0.0,1.0,0.0,0
-0.011216200190430018,-0.27138630855080587,-0.19612903018516367,1.2550178304173394,-0.3282441191681727,-0.7218398305181921,-0.3136603808212312,0.0,1.0,0.0,1.0,0.0,0.0,0
-0.45543932667167025,-2.6274123818661033,-0.11077637111653585,-1.3804544669528487,-0.2681623395215302,-1.372067878666936,-0.9967415715844083,0.0,1.0,0.0,0.0,1.0,0.0,0
-0.7569726004043908,-0.3926348753914514,-1.2298445677940968,1.2550178304173394,-0.4484076784614578,0.5786162657792957,-1.5168610468573656,1.0,0.0,0.0,0.0,0.0,1.0,0
0.6237087735176052,0.5321826246283782,-0.09180911354573014,-0.3588388011183372,0.15241011800496762,0.5786162657792957,0.8718860993701298,0.0,0.0,1.0,1.0,0.0,0.0,1
-0.12294504715389347,-0.2547443483962073,2.5730905751525297,-1.025109887532149,0.8133096941180356,-0.7218398305181921,-1.440812246295262,0.0,1.0,0.0,0.0,0.0,1.0,0
-0.47249031536488956,0.7948878527831105,-0.26251443168298494,-0.8622436219643279,0.33265545694489523,-1.372067878666936,-0.16156277969702398,1.0,0.0,0.0,1.0,0.0,0.0,0
1.2326085539570426,-1.0618794158942324,-0.29096531803919434,0.10014794730006571,0.23251915753382435,-1.372067878666936,0.15485455121315564,1.0,0.0,0.0,0.0,1.0,0.0,0
-0.8911369588063008,-1.0297842070246501,-0.755663128523944,1.2550178304173394,0.853364213882464,-1.372067878666936,-2.060066765158103,1.0,0.0,0.0,0.0,0.0,1.0,0
1.8823409652144525,-0.16915712474398673,-1.7609277797766683,0.7220009612862897,-0.8689801359879556,-0.07161178236944823,1.0511439864093735,0.0,1.0,0.0,0.0,0.0,1.0,0
0.9620362860093781,0.9006831709087723,0.8660373937799786,-0.15155446312292964,-0.42838041857924364,-1.372067878666936,-0.45489386757942296,0.0,1.0,0.0,0.0,1.0,0.0,0
-1.7728525583372472,-2.3254796762041026,-1.0022374769444238,0.5295226474334109,-0.8890073958701697,-0.7218398305181921,-0.23896959455487915,0.0,1.0,0.0,0.0,1.0,0.0,0
0.02602674879739113,0.6249021169182841,0.031478060664509935,0.44068650257823666,0.973527773175749,0.5786162657792957,0.5962091973325052,1.0,0.0,0.0,1.0,0.0,0.0,0
-0.16646993934447962,-0.3807477609953103,-1.1444919087254695,0.17417806801271116,-0.30821685928595854,-0.7218398305181921,-1.772167734458712,0.0,0.0,1.0,0.0,1.0,0.0,0
-0.30153171820392743,-0.8407790881259956,-0.5090887801034647,0.38146240600812004,0.5329280557670371,1.2288443139280396,1.09324242957768,1.0,0.0,0.0,0.0,1.0,0.0,0
-0.6771021796835214,0.9304009568991267,-0.622892325528301,-2.5353243500701224,0.0723010784761109,-1.372067878666936,-0.37612903842581524,1.0,0.0,0.0,0.0,0.0,1.0,0
0.6456955747272828,-0.7385499043191764,-0.8125649012363624,1.2402118062748106,-1.3296071132788818,1.2288443139280396,-1.5494533899554093,0.0,1.0,0.0,0.0,0.0,1.0,0
-1.4385634379043948,-0.7813435161452867,-0.44270337860564296,-0.5513171149712159,0.41276449647375196,0.5786162657792957,-0.7658791413065953,0.0,1.0,0.0,0.0,1.0,0.0,0
0.867358427739134,0.7794346040681267,0.3539214393682142,0.17417806801271116,0.41276449647375196,-0.7218398305181921,0.8352197133848296,1.0,0.0,0.0,0.0,0.0,1.0,0
-0.19698223490076683,0.016281859835825096,-1.1539755375108725,-0.5661231391137461,-0.3282441191681727,-0.07161178236944823,0.6505297691625788,1.0,0.0,0.0,0.0,0.0,1.0,0
0.8363974219540778,0.6676957287443944,0.5151431287200662,-0.03310626998269639,1.414127490584461,-1.372067878666936,1.7410152486513104,0.0,0.0,1.0,0.0,1.0,0.0,0
0.8754352118569747,-0.8063064563771845,-2.026469385767954,0.2778202370104156,-0.8890073958701697,-0.07161178236944823,0.5025062109256282,0.0,1.0,0.0,0.0,0.0,1.0,0
0.6775540009698768,-0.06098438373909537,-0.044390969618714596,0.0557298748724779,1.0536368127046059,0.5786162657792957,0.3544826526886767,0.0,0.0,1.0,1.0,0.0,0.0,1
0.6362726599231353,0.17794661562335307,1.349702461835535,-0.2107785596930463,-0.10794426046381674,-0.7218398305181921,0.6328755833178055,0.0,0.0,1.0,0.0,0.0,1.0,1
1.3214531792532906,-0.8372129538071537,-0.006456454477102331,-0.22558458383557511,0.3927372365915378,0.5786162657792957,0.27028576635206264,1.0,0.0,0.0,0.0,0.0,1.0,0
-0.10813760960451879,-0.143005473072475,0.3444378105828105,-0.28480868040569174,-0.10794426046381674,1.2288443139280396,0.2920139950840917,0.0,0.0,1.0,0.0,0.0,1.0,0
0.47877536962524103,1.7827070591024916,0.9324227952778003,0.55913469571847,-0.909034655752384,-0.7218398305181921,-0.560818982648067,0.0,0.0,1.0,0.0,0.0,1.0,0
-1.5440103416650932,0.7841894498265841,0.8850046513507851,0.9292852992816986,1.4341547504666752,1.2288443139280396,0.7890472273292674,1.0,0.0,0.0,1.0,0.0,0.0,0
1.5799102710241941,1.4165839357013252,-0.30044894682459716,-0.5809291632562749,-0.16802604011045927,-0.7218398305181921,1.6554603480189438,0.0,1.0,0.0,1.0,0.0,0.0,0
-0.017498143393195033,0.695036091855521,-1.3626153707897397,1.8028407236909179,0.3927372365915378,-1.372067878666936,-0.12353837941597216,0.0,1.0,0.0,0.0,0.0,1.0,0
0.11442266386487025,-0.6577175264254124,0.6004957877886935,-0.8326315736792702,-0.08791700058160255,-0.07161178236944823,1.5916336761186072,1.0,0.0,0.0,0.0,0.0,1.0,0
1.3515167645808088,-0.5400350939036087,0.9324227952778003,-0.003494221697638729,-0.9490891755168124,-1.372067878666936,-0.4060053529323566,1.0,0.0,0.0,1.0,0.0,0.0,0
-0.9920967602793099,0.4644260725703709,1.2169316588398917,-0.6105412115413326,0.5930098354136796,-0.07161178236944823,0.036707307482745484,1.0,0.0,0.0,1.0,0.0,0.0,0
-1.615355268039353,0.5714101021356458,-1.049655620871439,-0.5365110908286871,0.5729825755314654,-0.07161178236944823,-0.9777293714438834,0.0,1.0,0.0,0.0,1.0,0.0,0
1.0679318999988454,-0.6993224268119088,0.012510803093703803,-0.7734074771091536,-0.909034655752384,-1.372067878666936,0.37756889571645824,1.0,0.0,0.0,0.0,1.0,0.0,0
-0.6106930658257198,1.949126660648477,-0.8220485300217653,0.35185035772306106,0.7332006545891788,-0.7218398305181921,0.7265785697246824,1.0,0.0,0.0,0.0,0.0,1.0,0
-1.710930546767135,-0.9073469287443897,-1.4100335147167549,-1.4692906118080231,2.7559539026928115,-0.7218398305181921,-1.6825387909390905,1.0,0.0,0.0,0.0,0.0,1.0,0
1.2272240312118154,0.6403553656332679,-1.5997060904248164,0.4702985508632943,-0.468434938343672,-0.07161178236944823,-0.6287196974356593,1.0,0.0,0.0,0.0,0.0,1.0,0
-0.7901771573332916,-0.4413720444156322,-1.8557640676306988,-0.403256873545925,1.0536368127046059,-0.07161178236944823,0.3476925812099178,0.0,0.0,1.0,0.0,0.0,1.0,0
0.7040279044672436,0.7449619723193165,2.9998538704956665,-0.6105412115413326,-1.3696616330433102,0.5786162657792957,-0.5839052256758476,0.0,1.0,0.0,1.0,0.0,0.0,0
-1.2204902667226951,-0.8110613021356411,0.17373249244555572,-0.07752434241028419,-0.9691164353990265,0.5786162657792957,0.9995394431708029,1.0,0.0,0.0,0.0,0.0,1.0,0
-0.18217479735139216,-0.03007788630912786,-1.3531317420043365,-1.9726954326540138,-0.8489528761057414,0.5786162657792957,-0.4032893243408525,1.0,0.0,0.0,0.0,0.0,1.0,0
-0.4226834799715384,-0.4378059100967896,1.6342113253976267,0.5147166232908821,1.414127490584461,-0.07161178236944823,1.336326988517261,1.0,0.0,0.0,0.0,1.0,0.0,0
-0.6833841228862865,0.38834854043506356,-0.3763179771078217,0.21859614044029896,1.4341547504666752,-0.07161178236944823,-0.623287640252651,1.0,0.0,0.0,1.0,0.0,0.0,0
2.3216282791792344,-0.662472372183869,0.5435940150762747,0.2630142128678868,-0.8289256162235272,-0.07161178236944823,-0.329956552370253,0.0,0.0,1.0,0.0,1.0,0.0,0
0.38230267043992117,0.5072196843964812,1.2548661739815041,0.3074322852954733,-0.8489528761057414,-0.7218398305181921,0.9112685139469332,0.0,0.0,1.0,0.0,0.0,1.0,0
-0.4765287074238099,-0.0681166523767807,-1.1065573935838573,-0.5957351873988037,0.21249189765161017,-0.07161178236944823,-0.7006944551105062,0.0,1.0,0.0,0.0,0.0,1.0,0
-2.2372676451130893,1.6626472037014608,0.05992894702071892,0.8700612027115819,-0.4484076784614578,-1.372067878666936,-0.7876073700386244,1.0,0.0,0.0,1.0,0.0,0.0,0
-0.16422638820063498,0.34674364004856634,1.036742711917234,0.2778202370104156,-0.18805329999267345,-0.07161178236944823,-0.6871143121529886,1.0,0.0,0.0,1.0,0.0,0.0,0
-0.896521481551528,0.1815127499421957,0.38237232572442276,1.8620648202610346,-0.20808055987488763,-0.07161178236944823,0.21732320881774062,0.0,0.0,1.0,1.0,0.0,0.0,0
0.9081910585571066,0.05075449158463696,-1.5428043177123978,0.10014794730006571,-0.42838041857924364,-0.07161178236944823,-0.8134096416579101,0.0,1.0,0.0,0.0,0.0,1.0,0
-1.3658723808438282,-0.37599291523685285,0.19269975001636144,0.7368069854288185,-0.027835220934960006,-0.7218398305181921,-0.8215577274324205,1.0,0.0,0.0,0.0,0.0,1.0,0
0.5528125573721144,0.12445460084071476,-0.9737865905882143,0.6923889130012321,0.09232833835832507,2.5293004102255274,0.3843589671952171,0.0,1.0,0.0,0.0,0.0,1.0,0
-1.7015076319629876,-0.3391428606088131,0.30650329544119825,0.21859614044029896,-0.3883258988148153,-0.7218398305181921,-0.560818982648067,1.0,0.0,0.0,1.0,0.0,0.0,0
-1.4744602562059093,0.7342635693627886,-0.7177286133823317,-0.46248097011604167,-0.22810781975710182,-0.07161178236944823,0.4305314532507803,1.0,0.0,0.0,0.0,0.0,1.0,0
0.9642798371532227,1.3072224832568209,-0.9737865905882143,0.6479708405736442,0.4528190162381803,1.2288443139280396,1.4327460035156412,0.0,1.0,0.0,1.0,0.0,0.0,0
0.5429409323391979,0.5167293759133944,0.6479139317157087,-0.46248097011604167,-1.12933451445674,0.5786162657792957,1.5196589184437592,0.0,0.0,1.0,0.0,0.0,1.0,0
1.0594064056522359,0.43233086370078694,0.4961758711492596,0.35185035772306106,0.11235559824053926,1.2288443139280396,0.4997901823341241,1.0,0.0,0.0,0.0,0.0,1.0,0
0.1229481582114799,-0.15251516458938819,0.7048157044281266,-1.6173508532333154,2.2152178858730283,-0.07161178236944823,-0.3992152814535968,0.0,1.0,0.0,1.0,0.0,0.0,0
0.05564162389614048,1.8611620141170284,0.4392740984368416,-0.5513171149712159,-0.40835315869702943,-0.7218398305181921,1.5997817618931185,0.0,1.0,0.0,0.0,0.0,1.0,0
-1.5359335575472526,-1.7037835932858885,0.31598692422660196,1.1513756614196349,-1.0692527348100973,0.5786162657792957,-1.1501971870043672,0.0,1.0,0.0,0.0,1.0,0.0,0
-1.1935676529965593,-0.13468449299517488,0.33495418179740766,1.8768708444035633,-1.4898251923365953,-1.372067878666936,-0.8215577274324205,1.0,0.0,0.0,0.0,0.0,1.0,0
0.7655012058085869,-0.39738972114990717,-0.006456454477102331,-0.13674843898040082,-0.7488165766946705,1.2288443139280396,0.10460802227033773,0.0,1.0,0.0,1.0,0.0,0.0,0
0.9028065358118794,0.973194568725237,1.1410626285566672,0.011311802444891415,0.853364213882464,1.2288443139280396,0.2634956948733028,1.0,0.0,0.0,1.0,0.0,0.0,1
-0.11531697326482167,-1.559949509092573,-0.4521870073910463,0.08534192315753687,0.973527773175749,-0.07161178236944823,-0.8921744708115168,1.0,0.0,0.0,0.0,0.0,1.0,0
0.7363350409386066,1.3345628463679473,-0.9737865905882143,-0.003494221697638729,3.51698977821695,-0.7218398305181921,-0.1058841935711988,0.0,1.0,0.0,0.0,0.0,1.0,0
0.5927477677325491,-1.090408490444973,0.9988081967756219,1.4030780718426303,-0.6086257575191713,-1.372067878666936,-0.07736589336040994,1.0,0.0,0.0,0.0,0.0,1.0,0
0.2122414937364969,-0.27257501999041894,-0.006456454477102331,-0.2107785596930463,1.6144000894066028,-0.07161178236944823,-0.3353886095532603,1.0,0.0,0.0,1.0,0.0,0.0,0
1.1500458718635596,0.2861193566282444,0.8660373937799786,-0.13674843898040082,1.2539094115267475,-1.372067878666936,1.2955865596447051,1.0,0.0,0.0,0.0,1.0,0.0,1
0.00897576010417181,-0.24166852256045143,-0.17716177261435753,1.2402118062748106,-0.30821685928595854,-0.7218398305181921,-0.2946481806807053,0.0,1.0,0.0,1.0,0.0,0.0,0
0.9593440246367645,-1.2164119030440759,0.211667007587168,-0.3884508494033962,-0.1279715203460309,-0.07161178236944823,-1.75587156290969,0.0,1.0,0.0,0.0,0.0,1.0,0
0.2274976415146405,-0.6398868548311999,0.47720861357845384,2.7652322929553117,-0.909034655752384,-0.7218398305181921,0.29337200937984426,0.0,1.0,0.0,0.0,0.0,1.0,0
0.1274352604991692,-0.6220561832369866,-0.30044894682459716,2.3802756652495543,2.054999806815315,1.2288443139280396,-0.33674662384901183,1.0,0.0,0.0,0.0,0.0,1.0,0
-0.8781243621720018,-0.09783443836713512,0.05992894702071892,-0.2107785596930463,-1.1693890342211684,-0.07161178236944823,1.0416378863391105,0.0,1.0,0.0,0.0,1.0,0.0,0
0.33339325550410787,0.041244800067723755,-0.4996051513180614,0.4554925267207655,-0.6687075371658138,-1.372067878666936,0.9628730571855036,0.0,1.0,0.0,0.0,0.0,1.0,0
0.3235216304711914,0.5274277788699208,0.6099794165740964,-1.1287520565298534,0.19246463776939599,1.2288443139280396,-0.5648930255353217,1.0,0.0,0.0,0.0,0.0,1.0,0
0.1942930845857397,0.7045457833724341,-0.006456454477102331,0.011311802444891415,3.3167171793948085,-0.07161178236944823,1.2385499592231273,0.0,1.0,0.0,0.0,0.0,1.0,0
1.3690164635027973,0.245703167681362,-0.2435471741121788,1.6991985546932133,-0.588598497636957,-0.07161178236944823,-0.5866212542673518,1.0,0.0,0.0,0.0,1.0,0.0,0
-0.2010206269596872,2.084639764764493,0.2306342651579737,0.38146240600812004,-0.18805329999267345,-1.372067878666936,-0.6002013972248704,0.0,1.0,0.0,0.0,1.0,0.0,0
-1.1540811528648935,-0.34508641780688365,-3.1550212112309177,0.6331648164311154,-0.08791700058160255,-0.07161178236944823,1.1475630014077545,1.0,0.0,0.0,0.0,0.0,1.0,0
0.9194088142763298,0.8590782705222767,0.9134555377069945,-0.15155446312292964,-0.40835315869702943,-1.372067878666936,-0.4616839390581818,0.0,1.0,0.0,0.0,1.0,0.0,0
0.2795480280518363,-1.1082391620391854,1.2548661739815041,0.1889840921552413,0.7732551743536072,1.8790723620767835,-0.34082066673626754,0.0,0.0,1.0,0.0,1.0,0.0,0
-2.0820139059590397,-0.43067364145910425,-0.3858016058932246,0.5295226474334109,0.4928735360026087,-1.372067878666936,0.31510023811187327,1.0,0.0,0.0,1.0,0.0,0.0,0
-1.722597012715127,-0.9501405405705,-1.1444919087254695,1.6103624098380391,-0.7488165766946705,1.2288443139280396,-2.0913010939603955,0.0,1.0,0.0,0.0,0.0,1.0,0
0.059680015955060846,0.25877899351711786,0.3539214393682142,0.4702985508632943,-0.3482713790503869,-0.7218398305181921,0.15892859410041132,1.0,0.0,0.0,1.0,0.0,0.0,1
-1.0073529080574535,-1.3162636639716663,0.7142993332135303,1.1957937338472227,0.5529553156492513,-0.7218398305181921,-0.6803242406742287,0.0,1.0,0.0,1.0,0.0,0.0,0
-0.1736493030047825,-0.9441969833724294,-0.4901215225326585,0.29262626115294443,-0.14799878022824509,-0.07161178236944823,-0.6042754401121261,1.0,0.0,0.0,0.0,1.0,0.0,0
-0.0946763027414509,-0.6339432976331294,-0.43321974982024014,-0.04791229412522521,-0.1279715203460309,-0.7218398305181921,-0.601559411520622,1.0,0.0,0.0,1.0,0.0,0.0,0
1.0728677125153037,-0.10496670700482046,0.2306342651579737,-0.714183380539037,-1.0692527348100973,-0.07161178236944823,-0.44402975321340743,1.0,0.0,0.0,0.0,1.0,0.0,0
-0.1431370074484953,-0.9406308490535867,-0.6797940982407195,-0.13674843898040082,1.8346999481109587,-0.7218398305181921,0.1806568228324404,0.0,0.0,1.0,0.0,1.0,0.0,0
2.127336750122288,1.4463017216916798,1.1789971436982796,-0.22558458383557511,-0.808898356341313,-1.372067878666936,-0.8677302134879836,0.0,1.0,0.0,1.0,0.0,0.0,0
0.4567885684155635,-1.8262208715661488,0.7427502195697389,-0.47728699425857046,-0.5084894581081003,-0.7218398305181921,-0.35304279539803457,1.0,0.0,0.0,0.0,0.0,1.0,0
0.41102012508113267,-0.1834216620193557,-1.8178295524890866,-0.4920930184010993,0.19246463776939599,-0.07161178236944823,-2.577470211839556,1.0,0.0,0.0,0.0,0.0,1.0,0
0.009873180561709669,-0.21908300520778065,-0.6418595830991072,0.5443286715759398,-0.3883258988148153,-0.7218398305181921,-0.6273616831399067,1.0,0.0,0.0,1.0,0.0,0.0,0
-1.4789473584935984,0.8864186336334032,-0.30044894682459716,0.973703371709285,-0.14799878022824509,1.2288443139280396,0.18473086571969607,1.0,0.0,0.0,0.0,0.0,1.0,0
0.9140242915311027,-1.1534101967445243,0.0694125758061222,-1.1731701289574412,0.6530916150603221,0.5786162657792957,2.466194882582795,0.0,1.0,0.0,0.0,1.0,0.0,0
-1.4645886311729928,-0.4461268901740897,-0.3194162043954033,1.906482892688621,0.09232833835832507,-0.07161178236944823,-0.2539077518081494,0.0,1.0,0.0,0.0,0.0,1.0,0
-0.7354345094234822,0.55833427629989,0.6953320756427238,-0.9214677185344445,0.753227914471393,-1.372067878666936,0.6233694832475425,0.0,1.0,0.0,0.0,0.0,1.0,0
0.536658989136433,-0.44731560161370276,1.4255714921187597,-0.891855670249387,-0.7888710964590989,-0.7218398305181921,-1.6961189338966092,1.0,0.0,0.0,1.0,0.0,0.0,0
-1.4461915117934667,-0.6339432976331294,-1.040171992086036,1.2105997579897516,2.7359266428105973,0.5786162657792957,0.23497739466251494,1.0,0.0,0.0,0.0,0.0,1.0,0
0.9517159507476928,1.699497258329499,2.5541233175817233,-1.025109887532149,1.7345636486998879,1.2288443139280396,0.696702255218142,0.0,0.0,1.0,0.0,0.0,1.0,1
2.1816306878033287,-0.09426830404829245,0.2590851515141831,0.6923889130012321,0.23251915753382435,-0.7218398305181921,-0.4630419533539334,1.0,0.0,0.0,0.0,0.0,1.0,0
-2.2327805428254,-1.2675264949474854,-0.36683434832241846,-1.0103038633896202,-1.2695253336322392,-0.7218398305181921,0.4468276247998021,1.0,0.0,0.0,0.0,0.0,1.0,0
-0.3401207978780554,0.1827014613818105,-0.18664540139976038,0.1889840921552413,-0.6286530174013855,-0.7218398305181921,-1.3457512455926324,0.0,1.0,0.0,1.0,0.0,0.0,0
-0.008972649046585372,-0.013435926154529319,0.44875772722224444,0.7812250578564063,1.0736640725868198,-0.07161178236944823,0.225471294592252,0.0,1.0,0.0,0.0,0.0,1.0,0
-0.3387746671917486,0.48225674416458253,-0.006456454477102331,-1.1731701289574412,-0.18805329999267345,-0.07161178236944823,1.3091667026022238,0.0,0.0,1.0,0.0,0.0,1.0,0
2.273616284700959,-0.8669307397975081,0.08837983337692834,-1.1287520565298534,-0.42838041857924364,-0.7218398305181921,-0.3109443522297271,1.0,0.0,0.0,0.0,0.0,1.0,0
0.6618491429629643,1.165765821942734,-0.006456454477102331,-0.2996147045482206,-0.22810781975710182,-1.372067878666936,-0.6871143121529886,1.0,0.0,0.0,0.0,1.0,0.0,0
0.6838359441726418,-1.420870270657714,0.5435940150762747,-1.4544845876654942,0.9334732534113207,1.8790723620767835,-0.09637809350093585,0.0,0.0,1.0,0.0,0.0,1.0,0
-0.20416159856106972,-1.4814945540780369,-0.08232548476032686,0.9144792751391684,-1.349634373161096,-0.7218398305181921,1.95422349308435,0.0,0.0,1.0,0.0,0.0,1.0,0
-0.8072281460265109,-0.4330510643383338,-1.9506003554847295,-0.37364482526086734,1.0736640725868198,-0.07161178236944823,0.36263073846318805,0.0,0.0,1.0,0.0,0.0,1.0,0
-0.7937668391634431,-0.4461268901740897,-1.9126658403431174,-0.3884508494033962,1.0736640725868198,-0.07161178236944823,0.30423612374585873,0.0,0.0,1.0,0.0,0.0,1.0,0
0.9790872747025974,1.7042521040879564,2.5541233175817233,-1.0843339841022657,1.6945091289354595,1.2288443139280396,0.7700350271887415,0.0,0.0,1.0,0.0,0.0,1.0,1
-1.6615724216025527,0.6760167088216928,-0.9643029618028114,-0.2107785596930463,-0.14799878022824509,-0.07161178236944823,-1.9894500217790072,1.0,0.0,0.0,0.0,1.0,0.0,0
0.15749884582668747,-1.8832790206676289,-1.5333206889269946,0.7516130095713487,0.5129007958848228,-0.07161178236944823,-1.8006860346695006,1.0,0.0,0.0,0.0,1.0,0.0,0
0.9158191324461784,-0.18817650777781314,-1.0022374769444238,0.011311802444891415,0.2525464174160385,-0.7218398305181921,-2.236608623605843,0.0,1.0,0.0,0.0,0.0,1.0,0
-1.253694823651596,-0.8443452224448382,-0.8504994163779747,-2.268815915504597,0.7932824342358215,-0.7218398305181921,-0.04613156455811697,0.0,1.0,0.0,0.0,0.0,1.0,0
-0.6901147763178204,-0.582828705729719,1.463506007260372,0.7368069854288185,-0.8890073958701697,-0.07161178236944823,0.2404094518455222,0.0,0.0,1.0,1.0,0.0,0.0,0
-1.6400343306216443,0.2647225507151884,0.2401178939433774,0.3222383094380034,0.47284627612039454,0.5786162657792957,-0.6273616831399067,0.0,1.0,0.0,0.0,0.0,1.0,0
-0.12877828012788956,-0.9798583265608544,-0.6892777270261227,-0.12194241483787067,1.8747544678753871,-0.7218398305181921,0.1480644797343968,0.0,0.0,1.0,0.0,1.0,0.0,0
-0.896521481551528,0.08760454621267671,-0.8789503027341836,-1.1435580806723822,-1.029198215045669,-0.07161178236944823,0.15485455121315564,1.0,0.0,0.0,0.0,1.0,0.0,0
2.1313751421812084,0.029357685671580973,2.0135564768137493,-1.1287520565298534,0.052273818593896716,0.5786162657792957,-2.051918679383592,0.0,1.0,0.0,1.0,0.0,0.0,0
-1.1204278857072238,-0.09902314980674991,-0.7651467573093472,1.2698238545598681,0.6130370952958938,0.5786162657792957,0.1833728514239445,0.0,1.0,0.0,0.0,0.0,1.0,0
0.580183881327019,0.21123053593255015,0.0694125758061222,1.3290479511299849,-0.04786248081717419,-0.7218398305181921,0.9574410000024954,0.0,0.0,1.0,0.0,0.0,1.0,0
0.4922366764883089,1.6626472037014608,0.8850046513507851,-0.6845713322539794,-0.8489528761057414,-1.372067878666936,2.702489370043617,1.0,0.0,0.0,1.0,0.0,0.0,0
-1.4291405231002472,0.24926930200020467,-1.5428043177123978,0.011311802444891415,-0.10794426046381674,-0.7218398305181921,-1.4801946608720653,1.0,0.0,0.0,0.0,0.0,1.0,0
-1.1877344200225632,-0.2975379602223176,-0.025423712047908463,-1.36564844281032,0.3727099767093236,0.5786162657792957,0.749664812752464,0.0,1.0,0.0,0.0,1.0,0.0,0
0.13012752187178278,-0.33438801485035735,-1.3720989995751427,-0.6993773563965082,-0.6687075371658138,-0.7218398305181921,0.843367799159341,0.0,1.0,0.0,1.0,0.0,0.0,0
0.4379427388072684,1.248975622715727,-1.1350082799400663,0.3074322852954733,-0.5685712377547429,-0.7218398305181921,0.36263073846318805,0.0,0.0,1.0,0.0,0.0,1.0,0
1.7064465555370323,-0.1964974878551116,-1.381582628360546,-0.5957351873988037,1.2138548917623193,1.8790723620767835,0.25806363769029556,1.0,0.0,0.0,0.0,0.0,1.0,0
1.433182026216754,-1.1985812314498634,0.05992894702071892,0.5443286715759398,-0.5685712377547429,-0.7218398305181921,0.8976883709894146,1.0,0.0,0.0,0.0,0.0,1.0,0
1.2406853380748832,-0.708832118328822,1.7005967268954485,0.8108371061414653,-0.40835315869702943,-1.372067878666936,-0.8324218417984359,1.0,0.0,0.0,0.0,0.0,1.0,0
-0.17544414391985821,0.3824049832369913,-0.2435471741121788,1.7436166271208013,-1.1693890342211684,-0.07161178236944823,-0.05427965033262835,1.0,0.0,0.0,0.0,1.0,0.0,0
0.1714088629185243,0.047188357265794297,0.08837983337692834,-1.2323942255275566,-0.6687075371658138,-0.07161178236944823,-0.6069914687036292,0.0,1.0,0.0,0.0,0.0,1.0,0
0.8597303538500621,0.21004182449293704,-0.755663128523944,0.5443286715759398,-0.8689801359879556,-1.372067878666936,-0.08415596483916878,0.0,1.0,0.0,1.0,0.0,0.0,0
-0.4231321902003073,-0.23929109968122186,0.41082321208063216,0.2778202370104156,-0.9691164353990265,-0.07161178236944823,1.1978095303505725,0.0,0.0,1.0,0.0,0.0,1.0,1
-0.6905634865465893,-0.7670789788699168,-0.7082449845969289,0.17417806801271116,0.21249189765161017,-0.7218398305181921,-1.6105640332642426,0.0,1.0,0.0,0.0,1.0,0.0,0
0.011219311248016457,-0.743304750077633,-0.727212242167735,-0.47728699425857046,-0.08791700058160255,-0.7218398305181921,-0.013539221460073388,0.0,1.0,0.0,0.0,0.0,1.0,0
-0.508387133666404,0.3087048739809135,0.22115063637257085,-0.018300245840167557,0.09232833835832507,-1.372067878666936,-0.4589679104666786,1.0,0.0,0.0,1.0,0.0,0.0,0
1.3331196452012828,0.22787249608714868,-0.006456454477102331,-0.03310626998269639,-1.0692527348100973,-0.7218398305181921,-1.5508114042511618,0.0,1.0,0.0,0.0,0.0,1.0,0
1.10382871830036,0.6653183058651665,0.581528530217887,0.2334021645828278,-0.9691164353990265,-0.7218398305181921,0.17794079424093723,1.0,0.0,0.0,0.0,0.0,1.0,0
-0.45095222438398097,0.440651843778087,0.2780524090849897,-1.9578894085114849,1.9949180271686722,-0.07161178236944823,-1.097234629470045,0.0,1.0,0.0,1.0,0.0,0.0,0
-2.193294042693734,0.07334000893730605,0.14528160608934632,-0.09233036655281301,-0.48846219822588616,-0.7218398305181921,0.3110261952246176,0.0,0.0,1.0,0.0,1.0,0.0,0
1.414784906837228,1.949126660648477,-0.129743628687342,0.6775828888587019,-0.22810781975710182,1.2288443139280396,0.12362022241086364,0.0,1.0,0.0,1.0,0.0,0.0,0
1.8774051526979942,0.86858796203919,0.6763648180719181,0.3962684301506489,-0.36829863893260106,0.5786162657792957,-0.28650009490619394,1.0,0.0,0.0,0.0,0.0,1.0,0
2.719634252097275,0.130398158038787,-0.14871088625814813,-0.8326315736792702,0.23251915753382435,0.5786162657792957,-0.7088425408850175,1.0,0.0,0.0,0.0,1.0,0.0,0
-0.6268466340614013,-2.3124038503683466,-0.9927538481590205,-0.6401532598263915,-1.12933451445674,0.5786162657792957,-1.933771435653182,1.0,0.0,0.0,0.0,0.0,1.0,0
-1.378884977478127,-0.2797072886281043,-0.26251443168298494,0.011311802444891415,0.23251915753382435,-0.7218398305181921,-0.5092144394094965,1.0,0.0,0.0,0.0,0.0,1.0,0
-0.3136468943806885,1.5830035372473108,-0.30044894682459716,0.1889840921552413,-0.7488165766946705,1.2288443139280396,2.8926113714488744,0.0,0.0,1.0,0.0,1.0,0.0,0
-0.08345854702222767,-0.03958757782604107,0.40133958329522934,0.8404491544265229,1.0536368127046059,-0.07161178236944823,0.17115072276217744,0.0,1.0,0.0,0.0,0.0,1.0,0
-0.12877828012788956,-0.7171530984061213,-0.06335822718952074,1.5659443374104514,-1.5499069719832377,1.2288443139280396,-0.6151395544781406,1.0,0.0,0.0,0.0,1.0,0.0,0
0.7672960467236627,-0.3308218805315147,-0.006456454477102331,-0.19597253555051744,-0.7688438365768847,1.2288443139280396,0.10868206515759245,0.0,1.0,0.0,1.0,0.0,0.0,0
-0.27146813287640914,-0.5721303027731927,-0.622892325528301,-0.5068990425436295,0.15241011800496762,-0.07161178236944823,0.6844801265563749,1.0,0.0,0.0,0.0,0.0,1.0,0
-0.4024915196769366,-1.293678146618997,-1.0212047345152298,-0.32922675283327957,-1.1894162941033826,1.2288443139280396,0.4183093245890132,1.0,0.0,0.0,0.0,0.0,1.0,0
1.9671471984517803,1.3250531548510343,0.6099794165740964,-1.2472002496700867,1.1337458522334625,-1.372067878666936,0.4278154246592762,0.0,0.0,1.0,1.0,0.0,0.0,0
-0.28089104768055667,-0.8300806851694684,-0.7366958709531378,-0.46248097011604167,-0.5685712377547429,0.5786162657792957,0.9370707855662179,1.0,0.0,0.0,1.0,0.0,0.0,0
0.7690908876387385,0.7199990320874179,-0.17716177261435753,-0.2996147045482206,0.973527773175749,-0.7218398305181921,-1.010321714541927,1.0,0.0,0.0,1.0,0.0,0.0,0
0.5326205970775125,0.8483798675657488,-1.049655620871439,0.21859614044029896,1.3139911911733901,-0.7218398305181921,1.208673644716587,0.0,1.0,0.0,1.0,0.0,0.0,0
-0.08884306976745482,0.4561050924930708,0.7237829619989332,-0.19597253555051744,-0.468434938343672,0.5786162657792957,0.7238625411331783,0.0,0.0,1.0,1.0,0.0,0.0,0
1.6548448792286052,0.3657630230823928,0.021994431879106657,-1.0991400082447944,0.5529553156492513,-0.07161178236944823,0.01226305015921232,0.0,0.0,1.0,1.0,0.0,0.0,0
0.6874256260027932,-1.0464261671792485,0.38237232572442276,-0.8770496461068581,-1.3296071132788818,1.2288443139280396,0.26213768057755127,0.0,1.0,0.0,0.0,0.0,1.0,0
0.7062714556110883,-1.9415258812087237,0.9229391664923974,-0.7734074771091536,0.8733914737646782,-0.7218398305181921,-0.6477318975761842,0.0,1.0,0.0,1.0,0.0,0.0,0
0.128781391185476,2.6754293502527386,1.3781533481917436,-0.018300245840167557,-0.48846219822588616,-0.7218398305181921,1.6201519763293961,0.0,0.0,1.0,0.0,1.0,0.0,0
0.04487257840568617,-1.9546017070444797,0.9893245679902191,0.4554925267207655,0.5529553156492513,0.5786162657792957,0.4468276247998021,1.0,0.0,0.0,0.0,0.0,1.0,0
-1.2797200169201937,-1.1308246793918553,0.08837983337692834,1.5215262649828636,-1.2895525935144534,-0.7218398305181921,0.5323825254321687,0.0,0.0,1.0,1.0,0.0,0.0,0
0.1471785105650021,-0.143005473072475,0.7427502195697389,-1.6173508532333154,2.2152178858730283,-0.07161178236944823,-0.4277335816643857,0.0,1.0,0.0,1.0,0.0,0.0,0
0.931075280224322,-0.6482078349084992,-0.06335822718952074,-0.15155446312292964,-0.7688438365768847,-0.07161178236944823,-0.3842771242003266,1.0,0.0,0.0,1.0,0.0,0.0,0
1.5381802197486836,-1.59323342940177,0.5341103862908718,-1.676574949803432,-0.8289256162235272,1.2288443139280396,1.1787973302100465,1.0,0.0,0.0,0.0,0.0,1.0,0
0.2683302723326131,1.766065098947893,0.7617174771405454,1.1365696372771061,0.41276449647375196,-0.7218398305181921,-1.1135308010190679,1.0,0.0,0.0,0.0,0.0,1.0,0
-0.6272953442901702,0.6451102113917253,-0.3763179771078217,0.7664190337138775,-0.7287893168124563,0.5786162657792957,-1.5983419046024756,0.0,1.0,0.0,1.0,0.0,0.0,0
0.6210165121449917,-0.7278515013626492,0.6099794165740964,-0.28480868040569174,-0.248135079639316,0.5786162657792957,0.5418886255024316,0.0,1.0,0.0,1.0,0.0,0.0,0
-1.105620448157849,-2.8413804409966557,0.6289466741449021,-0.9510797668195036,0.3927372365915378,-1.372067878666936,0.5758389828962277,0.0,1.0,0.0,1.0,0.0,0.0,0
-0.7951129698497499,-0.456825293130616,-1.931633097913923,-0.41806289768845384,1.0536368127046059,-0.07161178236944823,0.29608803797134736,0.0,0.0,1.0,0.0,0.0,1.0,0
-0.16557251888694177,-0.12279737859903378,-0.18664540139976038,0.6923889130012321,0.4528190162381803,0.5786162657792957,-2.201300251916295,1.0,0.0,0.0,0.0,0.0,1.0,0
0.5954400291051627,-0.08238118965215137,-0.5375396664596737,-0.4920930184010993,-0.42838041857924364,0.5786162657792957,-0.13168646519048355,0.0,1.0,0.0,0.0,1.0,0.0,0
0.3966613977605269,-1.1129940077976428,0.4297904696514379,0.15937204387018233,-1.1894162941033826,-0.7218398305181921,-0.02711936441759203,1.0,0.0,0.0,0.0,0.0,1.0,0
-0.7300499866782552,0.20885311305332224,-0.9263684466611992,0.24820818872535794,-0.3883258988148153,1.2288443139280396,-0.20094519427382734,1.0,0.0,0.0,0.0,0.0,1.0,0
0.6937075692055582,-0.7314176356814919,-0.6987613558115255,1.284629878702397,-1.2895525935144534,1.2288443139280396,-1.5576014757299206,0.0,1.0,0.0,0.0,0.0,1.0,0
-1.4654860516305306,-0.0003601003187734442,-1.5522879464978008,2.7060081963851963,-0.40835315869702943,-0.07161178236944823,-0.4969923107477295,1.0,0.0,0.0,0.0,0.0,1.0,0
0.313201295209506,-1.1046730277203434,1.2264152876252954,0.1445660197276535,0.7932824342358215,1.8790723620767835,-0.2919321520892012,0.0,0.0,1.0,0.0,1.0,0.0,0
0.04262902726184152,0.25164672487943257,0.3539214393682142,0.48510457500582316,-0.36829863893260106,-0.7218398305181921,0.16164462269191449,1.0,0.0,0.0,1.0,0.0,0.0,1
1.0908161216660608,-1.088031067565745,0.9419064240632031,-0.1663604872654585,0.21249189765161017,-1.372067878666936,1.682620633933981,0.0,0.0,1.0,0.0,0.0,1.0,0
0.014808993078167893,0.8709653849184178,-0.025423712047908463,1.0477334924219306,-0.6486802772835996,-0.7218398305181921,-0.611065511590885,0.0,0.0,1.0,1.0,0.0,0.0,0
0.8516535697322214,-0.5959045315654748,0.894488280136188,-0.46248097011604167,-0.4484076784614578,0.5786162657792957,-1.200443715947185,1.0,0.0,0.0,0.0,1.0,0.0,0
0.2795480280518363,0.5202955102322371,0.4582413560076473,-2.0319195292241305,0.032246558711682534,-0.07161178236944823,-0.6613120405337028,1.0,0.0,0.0,0.0,0.0,1.0,0
0.6959511203494029,0.09711423772958992,-0.03490734083331174,0.4999105991483533,-1.0492254749278833,-0.7218398305181921,-0.4616839390581818,0.0,1.0,0.0,0.0,0.0,1.0,0
0.7690908876387385,0.07571743181653393,1.0936444846296522,-1.513708684235611,-1.469797932454381,-1.372067878666936,1.3852155031643274,1.0,0.0,0.0,1.0,0.0,0.0,0
-0.7740235890976102,0.7093006291308899,-1.4859025449999794,0.8256431302839942,-0.16802604011045927,-0.7218398305181921,-0.329956552370253,1.0,0.0,0.0,1.0,0.0,0.0,0
-0.8112665380854314,-1.1367682365899257,0.8660373937799786,-0.5068990425436295,-0.6486802772835996,1.2288443139280396,-0.06650177899439541,0.0,1.0,0.0,0.0,0.0,1.0,0
-0.4231321902003073,-0.10258928412559257,0.7048157044281266,0.29262626115294443,1.6544546091710313,1.2288443139280396,1.0239837004943362,0.0,1.0,0.0,1.0,0.0,0.0,0
-0.596783048733883,-0.8479113567636809,-1.3341644844335303,-0.04791229412522521,-0.027835220934960006,-0.07161178236944823,-1.6336502762920242,1.0,0.0,0.0,0.0,1.0,0.0,0
1.9500962097585608,0.41925503786503104,0.6858484468573209,0.6331648164311154,-0.2681623395215302,-0.07161178236944823,1.3078086883064721,0.0,0.0,1.0,0.0,1.0,0.0,0
0.8853068368898912,0.03173510855081054,0.6289466741449021,0.7664190337138775,1.0336095528223916,1.8790723620767835,-0.0868719934306729,0.0,1.0,0.0,1.0,0.0,0.0,1
0.3553800567137854,1.09919798132434,-0.5565069240304797,0.6479708405736442,1.2138548917623193,0.5786162657792957,0.34226052402691054,1.0,0.0,0.0,0.0,0.0,1.0,0
-1.2523486929652892,-0.16915712474398673,-1.2772627117211124,0.7516130095713487,-1.6300160115120945,1.2288443139280396,0.7605289271184785,0.0,0.0,1.0,0.0,0.0,1.0,0
0.9046013767269552,0.9339670912179694,-0.30044894682459716,0.8996732509966395,-1.349634373161096,1.2288443139280396,0.9044784424681744,1.0,0.0,0.0,1.0,0.0,0.0,0
-0.09288146182637519,0.41925503786503104,-0.9263684466611992,-0.15155446312292964,-0.6687075371658138,-0.07161178236944823,1.1217607297884689,1.0,0.0,0.0,0.0,1.0,0.0,0
-0.0762791833619248,-0.9002146601067044,-0.7746303860947501,0.0557298748724779,0.012219298829468357,-0.07161178236944823,-0.5404487682117886,1.0,0.0,0.0,1.0,0.0,0.0,0
-0.4527470652990567,0.8067749671792532,-0.2814816892537911,-0.8474375978217991,0.3927372365915378,-1.372067878666936,-0.13576050807773923,1.0,0.0,0.0,1.0,0.0,0.0,0
-0.04038236506041044,-0.7230966556041927,-0.7082449845969289,-0.4476749459735128,-0.1279715203460309,-0.7218398305181921,-0.04748957885386951,0.0,1.0,0.0,0.0,0.0,1.0,0
-0.9651741465531741,0.09711423772958992,-1.381582628360546,0.026117826587420245,-0.18805329999267345,-0.7218398305181921,-0.9818034143311382,0.0,1.0,0.0,0.0,1.0,0.0,0
-0.7327422480508686,-0.22027171664739545,0.8660373937799786,0.7368069854288185,-1.1894162941033826,0.5786162657792957,1.8578044780859688,0.0,0.0,1.0,0.0,1.0,0.0,0
0.25756122684215876,1.1396141702712224,-0.006456454477102331,0.7071949371437608,0.8733914737646782,-0.7218398305181921,0.2906559807883401,0.0,0.0,1.0,0.0,1.0,0.0,0
0.3307009941314943,0.1838901728214236,-0.5754741816012859,-0.3884508494033962,0.11235559824053926,0.5786162657792957,-0.5092144394094965,1.0,0.0,0.0,0.0,0.0,1.0,1
0.03410353291523186,-1.973621090078306,0.9134555377069945,0.4999105991483533,0.5529553156492513,0.5786162657792957,0.4060871959272471,1.0,0.0,0.0,0.0,0.0,1.0,0
-0.16826478025955535,0.22074022744946334,-0.8789503027341836,0.17417806801271116,0.33265545694489523,-0.7218398305181921,0.9343547569747148,0.0,1.0,0.0,0.0,0.0,1.0,0
0.5833248529284016,-1.1973925200102484,0.7237829619989332,0.4554925267207655,-0.36829863893260106,0.5786162657792957,0.8189235418358078,0.0,0.0,1.0,0.0,1.0,0.0,0
1.1967117356555284,-0.40689941266682206,0.30650329544119825,-1.0843339841022657,0.9535005132935349,-0.7218398305181921,0.6641099121200974,0.0,1.0,0.0,0.0,0.0,1.0,0
-1.5682406940186155,0.9304009568991267,-0.5849578103866888,0.2334021645828278,-1.249498073750025,-0.7218398305181921,0.6111473545857754,0.0,0.0,1.0,1.0,0.0,0.0,0
-1.1469017892045907,0.9850816831213798,-1.874731325201505,0.3074322852954733,-0.16802604011045927,-0.7218398305181921,-0.645015868984681,0.0,1.0,0.0,0.0,0.0,1.0,0
-0.7089606059261154,0.6225246940390562,0.6953320756427238,-0.9510797668195036,0.6731188749425363,-1.372067878666936,0.7442327555694568,0.0,1.0,0.0,0.0,0.0,1.0,0
1.1298539115689576,-0.9893680180777676,-0.3099325756100005,1.2402118062748106,-1.009170955163455,-0.7218398305181921,-0.7305707696170476,0.0,1.0,0.0,0.0,0.0,1.0,0
-0.692358327461665,0.6332230969955825,0.6668811892865143,-0.714183380539037,0.9134459935291065,1.2288443139280396,0.44411159620829893,0.0,0.0,1.0,1.0,0.0,0.0,0
-0.8426762540992564,0.3289129684543547,-0.22457991654137266,1.0773455407069894,1.414127490584461,-0.7218398305181921,0.08287979353830771,0.0,0.0,1.0,1.0,0.0,0.0,0
-0.0794201549633073,1.1907287621746327,-1.5522879464978008,0.3962684301506489,0.33265545694489523,-0.7218398305181921,0.6274435261347973,0.0,1.0,0.0,0.0,0.0,1.0,0
0.9396007745709316,-0.02056819479221465,0.5910121590032906,0.7368069854288185,0.9935550330579632,1.8790723620767835,-0.09637809350093585,0.0,1.0,0.0,1.0,0.0,0.0,1
0.05474420343860262,2.2070770430447535,-0.8220485300217653,0.011311802444891415,-0.8289256162235272,-1.372067878666936,-1.6200701333345056,1.0,0.0,0.0,0.0,0.0,1.0,0
-0.8884446974336873,0.706923206251662,1.2738334315523105,-1.9430833843689561,-0.007807961052745825,-1.372067878666936,2.166073723221638,0.0,0.0,1.0,0.0,0.0,1.0,1
1.2330572641858115,-1.7251803991989436,0.6004957877886935,1.1217636131345772,0.5529553156492513,1.2288443139280396,-0.23217952307612033,1.0,0.0,0.0,1.0,0.0,0.0,0
-1.3582443069547565,-0.17747810482128515,0.6384303029303058,-0.7882135012516824,0.23251915753382435,-0.07161178236944823,0.3001620808586031,1.0,0.0,0.0,0.0,0.0,1.0,0
0.10589716951826059,0.23975961048329145,1.98510559045754,1.3734660235575726,0.9334732534113207,-0.7218398305181921,-0.4915602535647222,0.0,0.0,1.0,0.0,0.0,1.0,1
-0.1978796553583047,0.03767866574888109,-0.9263684466611992,-0.2107785596930463,-0.6687075371658138,-0.7218398305181921,-0.6898303407444917,0.0,1.0,0.0,0.0,1.0,0.0,0
-0.2252509793132094,-1.5242881659041472,0.7522338483551426,-1.8690532636563106,2.9962810212793816,-0.07161178236944823,-0.7142745980680248,0.0,1.0,0.0,0.0,0.0,1.0,1
-1.3196552272806286,-0.27019759711119107,-0.30044894682459716,0.011311802444891415,0.11235559824053926,-0.7218398305181921,-0.47390606771994886,1.0,0.0,0.0,0.0,0.0,1.0,0
-1.4327302049303987,-1.0226519383869648,-2.5101344538235097,0.4554925267207655,1.0135822929401774,-1.372067878666936,0.3897910243782244,1.0,0.0,0.0,0.0,0.0,1.0,0
-0.5344123269350018,-0.5079398850340264,-1.0591392496568417,0.7960310819989351,-0.4484076784614578,-0.7218398305181921,1.1217607297884689,1.0,0.0,0.0,0.0,1.0,0.0,0
-0.30242913866146526,-0.014624637594142415,1.6057604390414173,0.9144792751391684,-0.40835315869702943,2.5293004102255274,0.2526315805072883,1.0,0.0,0.0,1.0,0.0,0.0,0
-0.5110793950390174,1.304845060377593,-0.006456454477102331,-0.8474375978217991,0.3727099767093236,-0.7218398305181921,0.28114988071807717,0.0,1.0,0.0,0.0,0.0,1.0,0
0.1732037038336,-1.9320161896918095,-0.9832702193736176,-1.0991400082447944,0.4528190162381803,0.5786162657792957,-0.20501923716108303,1.0,0.0,0.0,1.0,0.0,0.0,0
1.7665737261920686,0.7093006291308899,1.4445387496895654,-1.2620062738126154,0.5529553156492513,0.5786162657792957,0.9601570285939995,0.0,0.0,1.0,1.0,0.0,0.0,0
-1.170234721100575,-0.143005473072475,0.31598692422660196,1.8620648202610346,-1.5098524522188095,-1.372067878666936,-0.810693613066406,1.0,0.0,0.0,0.0,0.0,1.0,0
-1.0055580671423778,0.37646142603892074,0.0694125758061222,0.7664190337138775,-0.3883258988148153,-1.372067878666936,0.6301595547263014,0.0,1.0,0.0,0.0,0.0,1.0,0
-1.1249149879949132,-0.003926234637616109,-0.2150962877559698,-0.2551966321206341,2.3153541852840993,0.5786162657792957,-0.5662510398310743,0.0,1.0,0.0,0.0,0.0,1.0,0
-0.7031273729521194,0.3824049832369913,-0.3858016058932246,0.24820818872535794,1.4341547504666752,-0.07161178236944823,-0.5934113257461106,1.0,0.0,0.0,1.0,0.0,0.0,0
1.364529361215108,0.5773536593337163,1.416087863333356,-0.47728699425857046,0.052273818593896716,0.5786162657792957,0.4074452102229987,1.0,0.0,0.0,0.0,0.0,1.0,0
-0.4056324912783191,-1.4874381112761081,0.13579797730394347,-0.8030195253942126,-0.8890073958701697,-0.7218398305181921,-1.7300692912904052,1.0,0.0,0.0,0.0,1.0,0.0,0
0.6963998305781718,-0.7230966556041927,-0.015940083262505608,-1.602544829090785,-0.22810781975710182,1.2288443139280396,-0.863656170600728,0.0,1.0,0.0,0.0,1.0,0.0,0
-1.1042743174715424,-0.8645533169182794,0.003027174308300525,1.4030780718426303,-0.7888710964590989,-1.372067878666936,0.10053397938308203,1.0,0.0,0.0,0.0,0.0,1.0,0
0.05564162389614048,1.4367920301747665,1.0651935982734435,0.0557298748724779,-0.48846219822588616,-0.07161178236944823,0.43324748184228346,0.0,1.0,0.0,1.0,0.0,0.0,0
0.9544082121203064,0.9315896683387415,0.5341103862908718,-0.403256873545925,1.173800371997891,0.5786162657792957,2.578910069130198,0.0,0.0,1.0,0.0,1.0,0.0,0
0.14807593102253996,0.8531347133242062,-1.3531317420043365,-0.12194241483787067,-0.9490891755168124,0.5786162657792957,-0.11403227934570921,0.0,1.0,0.0,1.0,0.0,0.0,0
0.1956392152720465,-0.1917426420966558,-1.4859025449999794,0.55913469571847,-0.3482713790503869,0.5786162657792957,-0.8500760276432093,1.0,0.0,0.0,0.0,0.0,1.0,0
-0.9952377318806924,-2.774812600378261,-2.1782074463344028,-0.8622436219643279,-0.468434938343672,-0.07161178236944823,-0.7726692127853542,0.0,1.0,0.0,0.0,0.0,1.0,0
-1.418820187838562,-0.07168278669562336,-0.5090887801034647,1.358659999415044,0.6530916150603221,0.5786162657792957,-0.43180762455164134,1.0,0.0,0.0,0.0,0.0,1.0,0
-1.093953982209857,-1.2282990174402177,1.8807856738181061,-1.2472002496700867,-1.0892799946923115,0.5786162657792957,0.11411412234060068,1.0,0.0,0.0,0.0,1.0,0.0,0
0.6367213701519042,0.5595229877395047,0.17373249244555572,0.08534192315753687,-1.4898251923365953,-1.372067878666936,0.5609008256429575,0.0,0.0,1.0,0.0,0.0,1.0,0
-1.7248405638589719,1.247786911276112,0.5530776438616783,-0.13674843898040082,0.5729825755314654,-0.7218398305181921,0.7034923266969009,0.0,1.0,0.0,1.0,0.0,0.0,0
0.8139619105156314,-0.3617283779614822,-0.006456454477102331,-0.15155446312292964,-0.7287893168124563,1.2288443139280396,0.05707752191902297,0.0,1.0,0.0,1.0,0.0,0.0,0
-1.5610613303583125,-1.236619997517517,-0.8979175603049897,0.7812250578564063,-0.4484076784614578,-0.7218398305181921,-1.9079691640338963,1.0,0.0,0.0,0.0,1.0,0.0,0
-0.3558256558849679,-1.0785213760488308,-1.6281569767810253,-1.18797615309997,0.4327917563559662,-1.372067878666936,0.6233694832475425,1.0,0.0,0.0,0.0,0.0,1.0,0
-1.2249773690103845,-0.7849096504641293,-0.8125649012363624,-2.298427963789656,0.7932824342358215,-0.7218398305181921,-0.07600787906465836,0.0,1.0,0.0,0.0,0.0,1.0,0
1.4049132818043115,-0.35697353220302647,-0.39528523467862786,-0.5957351873988037,-0.7287893168124563,-0.7218398305181921,0.1806568228324404,0.0,1.0,0.0,0.0,0.0,1.0,0
-0.45768287781551487,0.00796087975852667,-1.0117211057298265,-1.7357990463735486,-0.3883258988148153,-0.7218398305181921,-0.6192135973653963,1.0,0.0,0.0,0.0,1.0,0.0,0
-0.14986766088002923,0.5321826246283782,-1.1824264238670819,-0.8622436219643279,-0.6687075371658138,-0.07161178236944823,-1.1080987438360597,1.0,0.0,0.0,0.0,0.0,1.0,0
-0.40832475265093265,0.2171740931306207,-0.5375396664596737,0.2778202370104156,-0.9290619156345982,-0.7218398305181921,-1.709699076854127,0.0,1.0,0.0,1.0,0.0,0.0,0
-1.2361951247296077,-0.1953087764154985,-1.3341644844335303,0.7368069854288185,-1.6300160115120945,1.2288443139280396,0.7713930414844931,0.0,0.0,1.0,0.0,0.0,1.0,0
0.5635816028625686,-0.13230707011594697,-0.5754741816012859,-0.46248097011604167,-0.42838041857924364,0.5786162657792957,-0.13983455096499492,0.0,1.0,0.0,0.0,1.0,0.0,0
0.04038547611799687,-0.5578657654978221,-0.03490734083331174,0.011311802444891415,-0.027835220934960006,-0.7218398305181921,-0.7047684979977619,0.0,1.0,0.0,1.0,0.0,0.0,0
0.20102373801727363,0.4513502467346133,1.0557099694880399,1.2698238545598681,-1.469797932454381,-0.7218398305181921,-1.49105877523808,1.0,0.0,0.0,0.0,0.0,1.0,0
0.3724310454070047,0.27304353079248683,0.6384303029303058,-1.4989026600930822,-0.8689801359879556,-0.7218398305181921,1.0076875289453144,0.0,1.0,0.0,1.0,0.0,0.0,0
0.4953776480896914,0.15298367539145608,-0.9927538481590205,0.6331648164311154,0.032246558711682534,2.5293004102255274,0.41695131029326166,0.0,1.0,0.0,0.0,0.0,1.0,0
0.6614004327341954,0.7627926439135282,-0.12025999990193913,-0.9362737426769747,0.9935550330579632,1.2288443139280396,0.02855922170823411,1.0,0.0,0.0,0.0,0.0,1.0,0
0.02782158971246685,-0.7718338246283735,1.9092365601743155,-0.891855670249387,0.052273818593896716,-0.07161178236944823,-0.012181207164320848,0.0,1.0,0.0,0.0,0.0,1.0,0
0.6887717566891001,-0.7611354216718463,1.1695135149128766,0.04092385072994907,-0.8289256162235272,-0.7218398305181921,1.01176157183257,0.0,0.0,1.0,0.0,0.0,1.0,0
-0.26742974081748877,1.845708765402043,0.8565537649945757,-1.336036394525261,-0.007807961052745825,-0.07161178236944823,1.2575621593636532,0.0,0.0,1.0,0.0,0.0,1.0,0
-0.5043487416074836,1.4795856420008768,-0.07284185597492401,1.0181214441368729,0.8133096941180356,-0.7218398305181921,1.0470699435221178,1.0,0.0,0.0,0.0,0.0,1.0,0
0.15076819239515354,0.47869060984573986,-0.006456454477102331,1.7140045788357423,1.193827631880105,-0.7218398305181921,-0.33403059525750867,1.0,0.0,0.0,0.0,0.0,1.0,1
1.3227993099395974,0.5821085050921738,1.3876369769771475,-0.4476749459735128,0.0723010784761109,0.5786162657792957,0.4291734389550287,1.0,0.0,0.0,0.0,0.0,1.0,0
-0.1915977121555397,-1.5706479120491001,1.0936444846296522,0.1445660197276535,0.7732551743536072,-0.7218398305181921,-1.8034020632610048,0.0,0.0,1.0,0.0,0.0,1.0,0
2.962386485861266,-0.3843138953141513,-1.5997060904248164,0.55913469571847,4.217943874094447,3.179528458374271,-0.6952623979274989,0.0,1.0,0.0,0.0,0.0,1.0,0
-1.061198135509725,-0.26068790559427785,-0.3478670907516123,1.1365696372771061,0.11235559824053926,-0.07161178236944823,-0.17785895124604673,1.0,0.0,0.0,0.0,1.0,0.0,0
2.121952227377061,1.4403581644936092,1.1789971436982796,-0.1811665114079873,-0.7488165766946705,-1.372067878666936,-0.8718042563752394,0.0,1.0,0.0,1.0,0.0,0.0,0
-0.2373661554899705,0.13515300379724277,0.5530776438616783,-0.06271831826775535,-0.20808055987488763,-0.7218398305181921,1.6459542479486808,0.0,1.0,0.0,0.0,1.0,0.0,0
0.24185636883524622,1.1931061850538607,0.8375865074237699,-0.2700026562631629,0.7131733947069647,-0.07161178236944823,0.19152093719845587,1.0,0.0,0.0,0.0,0.0,1.0,0
1.2474159915064174,0.041244800067723755,-0.5090887801034647,-0.9214677185344445,0.3927372365915378,0.5786162657792957,0.33139640966089506,0.0,1.0,0.0,0.0,0.0,1.0,0
2.6725196780765375,0.10068037204843258,-0.2150962877559698,-0.8326315736792702,0.2525464174160385,0.5786162657792957,-0.6681021120124626,1.0,0.0,0.0,0.0,1.0,0.0,0
0.8879990982625048,-0.051474692222182164,0.6194630453594993,-1.1435580806723822,1.3740729708200325,-0.07161178236944823,-0.27020392335717214,1.0,0.0,0.0,1.0,0.0,0.0,1
-0.9508154192325684,0.1208884665218738,-0.8884339315195869,-1.1435580806723822,-1.0492254749278833,-0.07161178236944823,0.17386675135368154,1.0,0.0,0.0,0.0,1.0,0.0,0
0.11935847638132847,1.7934054620590196,0.6668811892865143,0.3370443335805322,1.9148089876398156,-0.07161178236944823,-0.329956552370253,0.0,1.0,0.0,0.0,0.0,1.0,0
0.6860794953164865,-0.25355563695659256,1.1315789997712644,0.4554925267207655,1.534291049877746,0.5786162657792957,0.6641099121200974,0.0,1.0,0.0,0.0,1.0,0.0,0
-0.6932557479192029,0.8959283251503165,0.14528160608934632,-0.4476749459735128,0.6931461348247505,-1.372067878666936,-1.1366170440468486,0.0,1.0,0.0,1.0,0.0,0.0,0
0.5703122562941026,-0.16321356754591448,-0.1581945150435514,-1.2620062738126154,-0.7888710964590989,0.5786162657792957,-1.2792085451007928,1.0,0.0,0.0,0.0,1.0,0.0,0
0.4689037445923246,0.31464843117898406,0.2875360378703925,1.0773455407069894,0.41276449647375196,-0.7218398305181921,-0.0868719934306729,1.0,0.0,0.0,0.0,1.0,0.0,1
1.1370332752292607,0.044810934386566414,0.3254705530120048,1.358659999415044,-1.0692527348100973,1.2288443139280396,-0.42365953877713,0.0,1.0,0.0,0.0,0.0,1.0,0
-0.871393708740468,-1.8178998914888493,0.8091356210675605,-0.8030195253942126,-1.3296071132788818,-0.07161178236944823,0.2947300236755958,1.0,0.0,0.0,0.0,0.0,1.0,0
-0.11800923463743525,0.7544716638362298,0.6479139317157087,0.011311802444891415,-0.5084894581081003,0.5786162657792957,-2.2108063519865584,0.0,1.0,0.0,1.0,0.0,0.0,1
0.2292924824297162,-1.0583132815753904,1.1695135149128766,-0.03310626998269639,1.293963931291176,0.5786162657792957,0.08016376494680456,1.0,0.0,0.0,0.0,0.0,1.0,0
0.8521022799609904,-0.6969450039326809,1.2928006891231163,-0.9954978392470913,3.27666265963038,-0.07161178236944823,-0.8718042563752394,0.0,1.0,0.0,0.0,0.0,1.0,0
0.7291556772783037,-0.13468449299517488,1.3876369769771475,0.026117826587420245,-1.4898251923365953,1.2288443139280396,0.23633540895826652,0.0,0.0,1.0,1.0,0.0,0.0,0
-0.16243154728555925,-1.0690116845319177,-1.1919100526524846,0.4554925267207655,0.11235559824053926,0.5786162657792957,0.12769426529811836,1.0,0.0,0.0,0.0,0.0,1.0,1
-0.7103067366124222,-0.20957331369086746,0.8660373937799786,0.7071949371437608,-1.2294708138678108,0.5786162657792957,1.903976964141532,0.0,0.0,1.0,0.0,1.0,0.0,0
-0.5994753101064966,-0.29516053734308806,-1.220360939008694,1.0329274682794016,-1.2695253336322392,0.5786162657792957,1.0810203009159138,0.0,1.0,0.0,0.0,1.0,0.0,0
0.33653422710549036,0.25164672487943257,-0.622892325528301,-0.37364482526086734,0.13238285812275344,0.5786162657792957,-0.44810379610066314,1.0,0.0,0.0,0.0,0.0,1.0,1
1.2532492244804134,0.6201472711598266,-1.6186733479956223,0.4702985508632943,-0.468434938343672,-0.07161178236944823,-0.5662510398310743,1.0,0.0,0.0,0.0,0.0,1.0,0
1.0257531384945662,-0.7409273271984052,0.05992894702071892,-0.6993773563965082,-0.8489528761057414,-1.372067878666936,0.3992971244484873,1.0,0.0,0.0,0.0,1.0,0.0,0
3.1993054866512605,0.14228527243492808,0.7996519922821577,0.7664190337138775,0.29260093718046687,1.8790723620767835,0.3571986812801808,1.0,0.0,0.0,0.0,1.0,0.0,0
-1.80112130274969,0.6296569626767399,0.9229391664923974,0.7664190337138775,2.115081586461957,-0.7218398305181921,0.3137422238161217,0.0,0.0,1.0,0.0,0.0,1.0,1
-0.590501105531118,0.024602839913125212,-1.3057135980773213,-0.9954978392470913,-1.1894162941033826,-0.07161178236944823,1.1692912301397835,0.0,1.0,0.0,1.0,0.0,0.0,0
1.0540218829070087,0.32653554557512515,1.3212515754793257,-0.2551966321206341,0.1724373778871818,-1.372067878666936,0.13720036536838132,0.0,0.0,1.0,0.0,0.0,1.0,0
-0.0596769048974744,-0.1727232590628294,-0.11077637111653585,0.6479708405736442,0.4528190162381803,0.5786162657792957,-2.204016280507799,1.0,0.0,0.0,0.0,0.0,1.0,0
0.14897335148007781,-1.0428600328604059,0.44875772722224444,-0.4920930184010993,0.012219298829468357,0.5786162657792957,0.9696631286642625,0.0,1.0,0.0,0.0,0.0,1.0,0
-0.9203031236762812,0.09711423772958992,-0.8504994163779747,-1.1287520565298534,-1.029198215045669,-0.07161178236944823,0.1602866083961629,1.0,0.0,0.0,0.0,1.0,0.0,0
1.7544585500153076,0.6665070173047796,0.2306342651579737,1.58075036155298,-0.3883258988148153,-1.372067878666936,1.947433421605591,0.0,0.0,1.0,0.0,0.0,1.0,0
1.1105593717318938,0.05432062590347963,-0.48063789374725524,0.8404491544265229,-0.20808055987488763,-0.7218398305181921,1.5142268612607521,0.0,0.0,1.0,0.0,0.0,1.0,0
-0.6367182590943178,-1.6015544094790692,-1.3436481132189337,-2.3576520603597726,-0.5685712377547429,-0.7218398305181921,0.8868242566234,0.0,1.0,0.0,0.0,0.0,1.0,0
1.3528628952671158,-0.49605277063788533,0.9039719089215908,-0.018300245840167557,-0.9490891755168124,-1.372067878666936,-0.4195854958898743,1.0,0.0,0.0,1.0,0.0,0.0,0
-0.7668442254373073,1.7577441188705947,1.0082918255610247,0.011311802444891415,0.15241011800496762,-0.07161178236944823,2.1131111656873163,0.0,0.0,1.0,0.0,1.0,0.0,0
-0.31858270689714674,1.8849362429093106,-1.4953861737853829,2.0101250616863253,-1.12933451445674,-0.7218398305181921,-0.05563766462837992,0.0,1.0,0.0,0.0,0.0,1.0,0
-0.3082623716354614,0.7485281066381575,1.9471710753159277,0.6775828888587019,-0.22810781975710182,-0.07161178236944823,-0.12082235082446902,1.0,0.0,0.0,0.0,0.0,1.0,1
-0.406081201507088,-0.8217597050921691,-2.3583963932570606,1.6399744581230968,-0.6286530174013855,-1.372067878666936,-1.9364874642446852,1.0,0.0,0.0,0.0,0.0,1.0,0
-1.7463786548398805,-0.9418195604932007,-1.381582628360546,-1.4544845876654942,2.7559539026928115,-0.7218398305181921,-1.6608105622070606,1.0,0.0,0.0,0.0,0.0,1.0,0
0.9889588997355139,-0.06573922949755283,-0.25303080289758206,0.7368069854288185,1.414127490584461,0.5786162657792957,-1.1936536444684263,1.0,0.0,0.0,1.0,0.0,0.0,0
-1.5484974439527825,0.5535794305414342,-1.0306883633006327,0.011311802444891415,-0.04786248081717419,-1.372067878666936,-0.40464733863660407,0.0,0.0,1.0,0.0,1.0,0.0,0
0.2198695676255687,2.3782514903491947,-0.2150962877559698,-0.2996147045482206,0.5729825755314654,-0.7218398305181921,-0.1439085938522506,0.0,1.0,0.0,0.0,0.0,1.0,0
-1.208823800774703,1.2287675282422856,-0.23406354532677592,0.011311802444891415,-0.5685712377547429,0.5786162657792957,-0.7414348839830621,0.0,1.0,0.0,1.0,0.0,0.0,1
0.11307653317856346,1.7494231387932944,2.1083927646677796,-1.054721935817208,-0.3482713790503869,-0.07161178236944823,-0.1805749798375499,0.0,0.0,1.0,1.0,0.0,0.0,1
-0.514669076869169,-0.46039142744945866,0.16424886366015287,-0.6253472356838627,-0.10794426046381674,0.5786162657792957,-0.31637640941273437,1.0,0.0,0.0,0.0,1.0,0.0,0
-0.9010085838392172,0.1517949639518413,-1.2298445677940968,-1.4692906118080231,0.012219298829468357,-1.372067878666936,-0.6192135973653963,0.0,1.0,0.0,0.0,0.0,1.0,0
-0.48281065062657497,-0.305858940299616,-1.4384844010729643,0.6183587922885866,-0.28818959940374433,0.5786162657792957,-0.024403335826087915,0.0,1.0,0.0,1.0,0.0,0.0,0
0.3508929544260961,1.1051415385224106,2.2601308252342287,0.55913469571847,1.7946454283465305,-0.07161178236944823,0.4020131530399914,0.0,0.0,1.0,1.0,0.0,0.0,0
-0.6851789638013621,2.0145057898272563,-1.4195171435021583,-2.2095918189344803,-1.6099887516298803,0.5786162657792957,-0.08008192195191309,0.0,1.0,0.0,1.0,0.0,0.0,0
-0.2642887692161063,1.7838957705421064,-0.18664540139976038,0.7664190337138775,0.1724373778871818,0.5786162657792957,-1.712415105445631,1.0,0.0,0.0,0.0,0.0,1.0,0
-0.37826116732341436,0.5321826246283782,-0.4901215225326585,-0.5068990425436295,-0.3282441191681727,-0.07161178236944823,0.3639887527589396,0.0,1.0,0.0,0.0,0.0,1.0,0
-1.111902391360614,-0.5709415913335779,0.2590851515141831,-0.6253472356838627,-0.8890073958701697,0.5786162657792957,-1.3362451455223696,1.0,0.0,0.0,0.0,0.0,1.0,0
0.05115452160845119,1.87899268571124,0.44875772722224444,-0.5513171149712159,-0.42838041857924364,-0.7218398305181921,1.6120038905548846,0.0,1.0,0.0,0.0,0.0,1.0,0
-1.844646194940276,0.5405036047056766,0.36340506815361706,0.35185035772306106,2.115081586461957,-0.7218398305181921,0.5364565683194243,1.0,0.0,0.0,0.0,0.0,1.0,0
0.4801215003115478,0.010338302637754551,0.5246267575054689,0.24820818872535794,-1.349634373161096,-0.07161178236944823,1.3241048598554939,0.0,1.0,0.0,0.0,0.0,1.0,0
0.5397999607378154,2.585087280842061,0.6384303029303058,-0.8622436219643279,1.8947817277576013,0.5786162657792957,-0.099094122092439,0.0,0.0,1.0,0.0,1.0,0.0,1
0.20685697099126973,0.013904436956597216,-0.6703104694553166,0.8700612027115819,-0.06788974069938837,-1.372067878666936,0.37485286712495414,1.0,0.0,0.0,0.0,1.0,0.0,0
1.3079918723902229,-0.6886240238553816,0.46772498479305014,-0.2996147045482206,0.5529553156492513,0.5786162657792957,0.7632449557099816,1.0,0.0,0.0,0.0,0.0,1.0,1
-0.6169750090284849,-0.3106137860580735,-1.2393281965795002,1.0329274682794016,-1.2294708138678108,0.5786162657792957,1.0402798720433588,0.0,1.0,0.0,0.0,1.0,0.0,0
-0.3858892412124862,-1.0868423561261302,0.7617174771405454,0.5739407198609988,0.21249189765161017,-0.07161178236944823,0.9180585854256921,1.0,0.0,0.0,0.0,0.0,1.0,0
0.16333207880068357,-0.9715373464835552,0.5910121590032906,-0.8178255495367415,0.35268271682710944,2.5293004102255274,-0.10181015068394311,0.0,1.0,0.0,0.0,1.0,0.0,0
-1.2299131815268425,0.4430292666573149,-1.040171992086036,0.011311802444891415,0.33265545694489523,-0.07161178236944823,0.5133703252916427,1.0,0.0,0.0,1.0,0.0,0.0,0
-0.22704582022828512,-1.4874381112761081,-0.08232548476032686,0.9440913234242274,-1.3696616330433102,-0.7218398305181921,1.9216311499863055,0.0,0.0,1.0,0.0,0.0,1.0,0
1.605038043835254,-0.6339432976331294,1.823883901105688,-0.13674843898040082,-0.10794426046381674,0.5786162657792957,-0.4467457818049116,1.0,0.0,0.0,0.0,0.0,1.0,0
-0.5272329632746989,-0.25593305983582043,0.6953320756427238,-0.5365110908286871,-0.18805329999267345,-0.7218398305181921,-0.4060053529323566,0.0,1.0,0.0,1.0,0.0,0.0,0
-0.7717800379537656,0.555956853420662,-1.5238370601415918,-0.32922675283327957,-0.007807961052745825,-0.07161178236944823,1.6011397761888702,0.0,1.0,0.0,0.0,1.0,0.0,0
1.7504201579563872,-1.939148458329495,0.733266590784336,-0.7882135012516824,-1.3696616330433102,-0.07161178236944823,0.8949723423979115,0.0,1.0,0.0,0.0,0.0,1.0,0
-0.8534452995897107,0.14822882963299863,0.37288869693901994,0.4702985508632943,-1.3896888929255242,-0.07161178236944823,-0.7210646695467846,0.0,1.0,0.0,0.0,0.0,1.0,0
-1.756698990101566,0.9494203399329548,-1.248811825364903,2.069349158256442,-0.468434938343672,0.5786162657792957,0.25806363769029556,1.0,0.0,0.0,1.0,0.0,0.0,0
-0.5097332643527107,-0.5281479795074676,0.3444378105828105,-0.10713639069534185,0.4928735360026087,0.5786162657792957,1.5875596332313515,1.0,0.0,0.0,0.0,0.0,1.0,0
-1.0728646014577172,-0.9275550232178309,-0.006456454477102331,0.8552551785690518,-0.7888710964590989,-0.07161178236944823,-0.8568660991219691,1.0,0.0,0.0,0.0,0.0,1.0,0
0.4666601934484799,0.012715725516982431,1.1220953709858617,-0.6253472356838627,1.754590908582102,-0.07161178236944823,-0.8188416988409173,0.0,1.0,0.0,0.0,0.0,1.0,1
-1.449781193623618,1.3868661497109709,0.6668811892865143,-1.6469629015183729,-0.007807961052745825,-0.07161178236944823,3.3937186465813047,0.0,0.0,1.0,0.0,0.0,1.0,0
1.1644045991841654,-0.8562323368409801,-0.8410157875925713,0.6479708405736442,-0.5084894581081003,1.2288443139280396,0.5622588399387091,1.0,0.0,0.0,1.0,0.0,0.0,0
1.115495184248352,-0.48059952192289984,0.5151431287200662,-2.135561698221835,-0.08791700058160255,2.5293004102255274,-0.27971002342743506,0.0,1.0,0.0,0.0,1.0,0.0,1
-0.5106306848102485,0.37408400315969287,0.3539214393682142,-1.9726954326540138,1.9348362475220298,-0.07161178236944823,-1.0497041291187303,0.0,1.0,0.0,1.0,0.0,0.0,0
-0.565373332720058,-0.8954598143482477,-1.3720989995751427,0.011311802444891415,-0.06788974069938837,-0.07161178236944823,-1.6757487194603307,1.0,0.0,0.0,0.0,1.0,0.0,0
-0.6088982249106442,-1.5706479120491001,-0.053874598404117874,-1.854247239513782,-0.14799878022824509,-0.07161178236944823,-0.39649925286209364,0.0,1.0,0.0,0.0,0.0,1.0,0
0.2261515108283337,0.6676957287443944,-0.07284185597492401,0.4702985508632943,0.13238285812275344,-1.372067878666936,-1.2520482591857556,0.0,0.0,1.0,1.0,0.0,0.0,0
-1.781378052683857,1.1740868020200343,-0.3858016058932246,1.1661816855621638,0.032246558711682534,0.5786162657792957,0.03399127889124137,1.0,0.0,0.0,0.0,0.0,1.0,0
-0.1525599222526428,-0.1739119705024425,1.0082918255610247,-0.5068990425436295,1.1537731121156767,0.5786162657792957,-0.029835393009095178,1.0,0.0,0.0,0.0,0.0,1.0,0
1.8302905786772568,0.1933998643383385,-0.4521870073910463,0.011311802444891415,-0.9290619156345982,0.5786162657792957,1.579411547456841,0.0,0.0,1.0,0.0,0.0,1.0,0
-0.10768889937574987,-0.14657160739131594,-0.2150962877559698,-0.5365110908286871,-0.007807961052745825,0.5786162657792957,0.7876892130335148,1.0,0.0,0.0,0.0,0.0,1.0,0
-0.27012200219010235,-0.3795590495556955,-0.025423712047908463,1.6399744581230968,-0.10794426046381674,-1.372067878666936,-2.2488307522676094,0.0,1.0,0.0,0.0,0.0,1.0,0
0.4114688353099016,0.7342635693627886,-0.43321974982024014,-1.202782177242499,-0.8289256162235272,-0.7218398305181921,0.07065766487654161,0.0,1.0,0.0,1.0,0.0,0.0,0
-0.6649870035067603,-0.41878652706296315,-0.4901215225326585,0.3962684301506489,-0.9891436952812407,1.2288443139280396,-1.5996999188982282,1.0,0.0,0.0,0.0,1.0,0.0,0
0.9571004734929199,-0.6208674717973736,-0.08232548476032686,-0.13674843898040082,-0.7888710964590989,-0.07161178236944823,-0.3720549955385605,1.0,0.0,0.0,1.0,0.0,0.0,0
-0.025574927511035763,0.8864186336334032,-0.006456454477102331,1.0329274682794016,-0.6286530174013855,1.2288443139280396,-0.005391135685562011,1.0,0.0,0.0,0.0,1.0,0.0,0
-1.4789473584935984,-0.0883247468502219,-2.3109782493300455,-0.743795428824096,-0.7087620569302422,0.5786162657792957,0.16164462269191449,0.0,1.0,0.0,0.0,0.0,1.0,0
1.1626097582690895,0.1945885757779516,0.2875360378703925,0.3370443335805322,-1.249498073750025,-0.7218398305181921,-1.156987258483126,0.0,1.0,0.0,0.0,1.0,0.0,0
0.7785138024428859,0.2647225507151884,0.6384303029303058,-1.039915911674678,3.1564991003370952,-1.372067878666936,0.8080594274697933,0.0,0.0,1.0,0.0,0.0,1.0,0
-0.7681903561236141,0.08641583477306193,-2.2256255902614184,1.2698238545598681,-0.3883258988148153,-0.7218398305181921,-0.991309514401401,0.0,1.0,0.0,0.0,0.0,1.0,0
-0.37512019572203187,1.890879800107383,-2.557552597750525,0.3666563818655899,0.5129007958848228,-1.372067878666936,-0.7414348839830621,0.0,0.0,1.0,1.0,0.0,0.0,0
1.0244070078082592,-0.7742112475076022,0.09786346216233119,-0.6993773563965082,-0.8289256162235272,-1.372067878666936,0.3897910243782244,1.0,0.0,0.0,0.0,1.0,0.0,0
-0.18217479735139216,0.4358969980196296,-0.43321974982024014,0.21859614044029896,-0.3282441191681727,-0.07161178236944823,0.25534760909879245,0.0,1.0,0.0,0.0,0.0,1.0,0
-1.4811909096374432,-0.03602144350719841,-1.5238370601415918,2.602366027387492,-0.3883258988148153,-0.07161178236944823,-0.4820541534944593,1.0,0.0,0.0,0.0,0.0,1.0,0
-1.7172124899699,0.18864501857988106,-0.06335822718952074,0.35185035772306106,0.3126281970626811,-0.7218398305181921,-0.02711936441759203,1.0,0.0,0.0,0.0,1.0,0.0,0
0.14897335148007781,0.7081119176912768,-0.006456454477102331,0.011311802444891415,3.3167171793948085,-0.07161178236944823,1.3580552172492901,0.0,1.0,0.0,0.0,0.0,1.0,0
0.8377435526403846,-0.04196500070526895,0.8091356210675605,1.1217636131345772,-0.04786248081717419,0.5786162657792957,0.23226136607101083,1.0,0.0,0.0,0.0,0.0,1.0,0
1.9500962097585608,-0.8704968741163499,-1.0970737647984539,0.011311802444891415,-0.7087620569302422,0.5786162657792957,-0.7889653843343769,1.0,0.0,0.0,1.0,0.0,0.0,0
0.44467339223880237,-1.2984329923774538,1.7100803556808513,0.026117826587420245,-0.48846219822588616,-0.07161178236944823,0.8487998563423482,1.0,0.0,0.0,1.0,0.0,0.0,0
0.3508929544260961,0.695036091855521,-2.0644039009095665,0.55913469571847,-1.029198215045669,-0.07161178236944823,-0.07736589336040994,0.0,1.0,0.0,0.0,0.0,1.0,0
0.21448504488034154,-2.107945482754708,-0.44270337860564296,1.1217636131345772,0.7932824342358215,0.5786162657792957,0.7618869414142301,1.0,0.0,0.0,0.0,0.0,1.0,0
-1.5570229382993923,0.9066267281068445,-0.5754741816012859,0.2334021645828278,-1.2294708138678108,-0.7218398305181921,0.6315175690220529,0.0,0.0,1.0,1.0,0.0,0.0,0
0.09019231151134806,0.1743804813045104,1.5014405224019842,-0.891855670249387,1.9348362475220298,-1.372067878666936,0.9316387283832107,0.0,0.0,1.0,0.0,0.0,1.0,0
-0.22569968954197833,2.223719003199352,-0.594441439172092,0.1297599955851247,-0.4484076784614578,0.5786162657792957,0.5038642252213797,0.0,0.0,1.0,0.0,0.0,1.0,0
1.7562533909303832,-0.5649980341355073,-0.9737865905882143,-0.07752434241028419,1.0536368127046059,-0.7218398305181921,-0.6653860834209585,0.0,1.0,0.0,0.0,1.0,0.0,0
0.03903934543169009,1.3821113039525152,1.2643498027669078,1.2402118062748106,-0.248135079639316,-0.7218398305181921,1.5848436046398484,0.0,0.0,1.0,0.0,1.0,0.0,0
0.17769080612128932,1.4760195076820342,-1.078106507227648,-1.054721935817208,1.6144000894066028,-0.7218398305181921,-0.16156277969702398,1.0,0.0,0.0,1.0,0.0,0.0,0
0.765949916037356,-1.5504398175756597,-1.1824264238670819,1.4623021684127469,-0.588598497636957,-0.07161178236944823,-1.1515552013001187,1.0,0.0,0.0,0.0,1.0,0.0,0
-1.4242047105837892,1.145557727469293,-1.1824264238670819,0.5147166232908821,1.4742092702311036,-0.7218398305181921,-0.5010663536349852,0.0,1.0,0.0,1.0,0.0,0.0,0
-0.7601135720057733,-0.8823839885124919,0.3254705530120048,0.04092385072994907,-0.28818959940374433,0.5786162657792957,-1.2113078303132006,1.0,0.0,0.0,0.0,0.0,1.0,0
0.24006152792017052,2.0442235758176106,-0.5754741816012859,-0.7882135012516824,0.2525464174160385,-0.7218398305181921,1.042995900634862,1.0,0.0,0.0,0.0,0.0,1.0,0
0.4720447161937071,-0.31180249749768657,-1.1444919087254695,-0.06271831826775535,1.8947817277576013,2.5293004102255274,-0.6219296259568995,1.0,0.0,0.0,0.0,0.0,1.0,0
0.34057261916441073,0.08047227757499138,-1.3246808556481275,-2.091143625794247,-0.5485439778725287,-0.07161178236944823,0.0448553932572559,0.0,1.0,0.0,0.0,0.0,1.0,0
-0.023780086595960044,-0.15013774171015862,-0.7746303860947501,-0.7586014529666248,-0.7087620569302422,-0.07161178236944823,2.129407337236338,0.0,0.0,1.0,1.0,0.0,0.0,0
-0.9629305954093296,0.23857089904367668,-1.6660914919226375,-0.9214677185344445,0.7332006545891788,-0.07161178236944823,-1.2045177588344407,0.0,1.0,0.0,0.0,0.0,1.0,0
-0.5245407019020853,0.057886760222322295,-0.5280560376742708,0.35185035772306106,0.1724373778871818,-0.07161178236944823,-1.7232792198116456,1.0,0.0,0.0,1.0,0.0,0.0,0
0.22121569831187546,0.281364510869787,-1.3531317420043365,1.1217636131345772,-0.8489528761057414,-0.07161178236944823,0.2920139950840917,1.0,0.0,0.0,0.0,0.0,1.0,0
0.765949916037356,-0.7016998496911375,-0.7366958709531378,-1.2175882013850277,-0.588598497636957,-0.7218398305181921,0.5092962824043871,1.0,0.0,0.0,0.0,0.0,1.0,0
-1.9940667011203295,-0.9869905951985397,-0.9453357042320053,-1.36564844281032,0.7732551743536072,-0.7218398305181921,0.15621256550890722,1.0,0.0,0.0,1.0,0.0,0.0,0
0.3598671590014747,-0.07524892101446604,-0.7651467573093472,0.21859614044029896,0.012219298829468357,-0.7218398305181921,1.9406433501268314,1.0,0.0,0.0,0.0,0.0,1.0,0
1.433182026216754,0.7723023354304414,1.30228431790852,0.6775828888587019,0.2525464174160385,-0.07161178236944823,-1.3294550740436106,1.0,0.0,0.0,1.0,0.0,0.0,0
-0.5097332643527107,1.3369402692471752,1.4824732648311776,-0.34403277697580836,-1.009170955163455,0.5786162657792957,-0.1248963937117247,0.0,0.0,1.0,0.0,1.0,0.0,0
0.41281496599620837,0.555956853420662,-0.16767814382895427,0.9144792751391684,1.5543183097599602,-0.07161178236944823,-1.0184698003164383,0.0,1.0,0.0,0.0,0.0,1.0,0
1.7934963399182045,0.6522424800294107,0.6099794165740964,-0.32922675283327957,0.19246463776939599,-0.7218398305181921,-0.3910671956790864,0.0,0.0,1.0,0.0,0.0,1.0,0
-1.908363047425464,-0.7908532076622008,1.2738334315523105,1.6843925305506846,-0.48846219822588616,0.5786162657792957,0.7415167269779527,0.0,0.0,1.0,0.0,0.0,1.0,0
0.8238335355485478,0.27304353079248683,-1.4100335147167549,0.15937204387018233,-1.1693890342211684,0.5786162657792957,-0.018971278643080652,0.0,1.0,0.0,0.0,0.0,1.0,0
-0.13595764378819242,1.4712646619235783,2.0514909919553608,0.4999105991483533,-0.48846219822588616,-0.7218398305181921,-1.5521694185469133,1.0,0.0,0.0,1.0,0.0,0.0,0
-0.654217958016306,0.7806233155077414,0.2875360378703925,1.891676868546092,0.4928735360026087,-0.7218398305181921,-0.07736589336040994,1.0,0.0,0.0,0.0,0.0,1.0,0
0.854345831104835,-0.25236692551697776,0.7237829619989332,-0.403256873545925,0.4928735360026087,-0.7218398305181921,0.6736160121903604,1.0,0.0,0.0,1.0,0.0,0.0,0
-0.4666570823908935,-0.02294561767144253,-1.0117211057298265,-1.7506050705160774,-0.40835315869702943,-0.7218398305181921,-0.6572379976464471,1.0,0.0,0.0,0.0,1.0,0.0,0
0.7058227453823194,1.5283228110250577,1.1220953709858617,1.7140045788357423,0.3927372365915378,-0.07161178236944823,0.06929965058078907,0.0,0.0,1.0,1.0,0.0,0.0,0
-1.233502863356994,0.27185481935287376,0.9798409392048153,-2.431682181072418,1.5943728295243886,-1.372067878666936,0.5771969971919793,0.0,1.0,0.0,0.0,0.0,1.0,0
0.9198575245050987,0.18745630714026626,-0.7935976436655562,0.5295226474334109,-0.8689801359879556,-1.372067878666936,-0.08143993624766563,0.0,1.0,0.0,1.0,0.0,0.0,0
-0.7987026516799013,0.5428810275849062,0.22115063637257085,0.08534192315753687,-0.7888710964590989,-1.372067878666936,0.3476925812099178,1.0,0.0,0.0,0.0,0.0,1.0,0
0.16871660154591073,0.7093006291308899,-0.006456454477102331,0.011311802444891415,3.27666265963038,-0.07161178236944823,1.2711423023211719,0.0,1.0,0.0,0.0,0.0,1.0,0
-0.0035881263013582167,-1.5242881659041472,-1.049655620871439,0.5739407198609988,-0.5084894581081003,-0.7218398305181921,0.21053313733898082,1.0,0.0,0.0,0.0,1.0,0.0,0
-1.564651012188464,-0.706454695449594,-0.7366958709531378,-2.165173746506894,2.3554087050485277,0.5786162657792957,-0.1995871799780758,0.0,1.0,0.0,0.0,0.0,1.0,0
0.10499974906072272,1.0801785982905134,0.6573975605011115,0.6775828888587019,-0.3282441191681727,-0.7218398305181921,1.9868158361823947,0.0,0.0,1.0,0.0,0.0,1.0,0
-1.1733756927019574,1.4356033187351518,-1.5522879464978008,0.8700612027115819,1.534291049877746,0.5786162657792957,0.1670766798749227,0.0,0.0,1.0,0.0,0.0,1.0,0
0.17365241406236895,2.053733267334524,0.5341103862908718,0.6183587922885866,-0.5685712377547429,-0.07161178236944823,0.7197884982459226,1.0,0.0,0.0,0.0,0.0,1.0,1
1.3923493953987816,1.017176891990962,-0.22457991654137266,1.4771081925552758,-1.3095798533966676,1.8790723620767835,-1.0334079575697086,0.0,1.0,0.0,0.0,1.0,0.0,0
1.1554303946087867,0.2694773964736459,1.103128113415055,-1.8098291670861941,3.8774804560968055,-0.7218398305181921,0.07744773635530044,0.0,1.0,0.0,0.0,0.0,1.0,1
0.8965245926091144,1.0920657126866546,0.9893245679902191,1.0773455407069894,-0.007807961052745825,-0.07161178236944823,0.8501578706380998,1.0,0.0,0.0,0.0,0.0,1.0,0
1.2819666791216249,0.5928069080487018,0.38237232572442276,1.180987709704694,-0.7087620569302422,-0.07161178236944823,-0.12353837941597216,0.0,0.0,1.0,0.0,0.0,1.0,0
0.17275499360483107,1.0409511207832458,-1.3436481132189337,-0.8770496461068581,-0.48846219822588616,-0.07161178236944823,0.08423780783405928,0.0,0.0,1.0,0.0,0.0,1.0,0
1.9635575166216288,-2.3968023625809534,-0.18664540139976038,0.1445660197276535,0.47284627612039454,-0.7218398305181921,-1.4218000461547362,0.0,1.0,0.0,0.0,0.0,1.0,0
1.0369708942137894,0.22668378464753558,0.5720449014324841,0.21859614044029896,0.19246463776939599,0.5786162657792957,0.8257136133145666,1.0,0.0,0.0,0.0,0.0,1.0,0
-0.9503667090037995,0.6165811368409839,-0.935852075446602,1.4623021684127469,1.3540457109378186,0.5786162657792957,-0.05971170751563561,1.0,0.0,0.0,1.0,0.0,0.0,0
-0.5577452588309861,1.1039528270827974,0.2590851515141831,0.07053589901500805,0.052273818593896716,1.8790723620767835,-0.9492110712330946,1.0,0.0,0.0,0.0,0.0,1.0,0
-0.3450566103945136,-1.914185518097597,0.6763648180719181,-0.5809291632562749,-1.12933451445674,-0.07161178236944823,-1.9242653355829191,1.0,0.0,0.0,1.0,0.0,0.0,0
-1.2142083235199301,1.4653211047255061,-0.7746303860947501,0.4110744542931777,-0.5485439778725287,-0.07161178236944823,-0.2063772514568346,1.0,0.0,0.0,0.0,0.0,1.0,0
0.8153080412019381,0.5678439678168031,-0.07284185597492401,0.3222383094380034,-1.2895525935144534,1.2288443139280396,1.0416378863391105,0.0,0.0,1.0,1.0,0.0,0.0,0
0.45005791498402953,-1.2675264949474854,0.9134555377069945,0.7071949371437608,-1.3095798533966676,-1.372067878666936,0.8094174417655449,1.0,0.0,0.0,0.0,0.0,1.0,0
-0.5810781907269705,0.4133114806669605,-0.30044894682459716,1.4030780718426303,-0.6687075371658138,-0.07161178236944823,0.1792988085366888,1.0,0.0,0.0,0.0,0.0,1.0,0
-2.0694500195535097,-0.4378059100967896,-0.622892325528301,0.7220009612862897,-1.5298797121010235,-1.372067878666936,0.3843589671952171,0.0,0.0,1.0,1.0,0.0,0.0,0
-0.8745346803418504,-1.1962038085706346,1.3402188330501315,-2.1503677223643636,-0.6286530174013855,-0.7218398305181921,-0.3448947096235232,0.0,1.0,0.0,1.0,0.0,0.0,1
2.0295179202506612,-0.7480595958360905,-0.26251443168298494,1.2994359028449272,-0.7287893168124563,1.8790723620767835,1.5481772186545482,0.0,0.0,1.0,1.0,0.0,0.0,0
0.797359632051181,-0.6351320090727434,-1.078106507227648,-0.7586014529666248,-0.04786248081717419,-0.7218398305181921,1.0063295146495628,1.0,0.0,0.0,1.0,0.0,0.0,0
-2.042527405827374,-0.5816399942901059,-1.3720989995751427,0.42588047843570653,0.6731188749425363,-0.7218398305181921,0.07337369346804476,0.0,1.0,0.0,1.0,0.0,0.0,0
0.3473032725959447,-1.088031067565745,0.7048157044281266,-0.6993773563965082,1.514263789995532,-0.7218398305181921,0.8053433988782892,0.0,1.0,0.0,0.0,1.0,0.0,0
0.6622978531917332,-0.718341809845736,0.021994431879106657,-1.602544829090785,-0.22810781975710182,1.2288443139280396,-0.8881004279242611,0.0,1.0,0.0,0.0,1.0,0.0,0
-0.7031273729521194,-1.019085804068122,-0.3763179771078217,-0.3884508494033962,1.5943728295243886,0.5786162657792957,-0.9641492284863648,0.0,1.0,0.0,0.0,0.0,1.0,0
-0.12159891646758668,-1.4196815592181,1.2643498027669078,2.3210515686794375,-1.2895525935144534,0.5786162657792957,0.40065513874423986,0.0,1.0,0.0,0.0,0.0,1.0,0
-2.2372676451130893,-0.6482078349084992,0.42030684086603504,-0.9066616943919157,0.4327917563559662,1.2288443139280396,-0.13983455096499492,0.0,0.0,1.0,1.0,0.0,0.0,0
-0.9745970613573217,0.6106375796429134,-0.9927538481590205,1.4919142166978059,1.3740729708200325,0.5786162657792957,-0.10995823645845448,1.0,0.0,0.0,1.0,0.0,0.0,0
-0.45813158804428383,-0.4877317905605852,-0.9927538481590205,0.8256431302839942,-0.468434938343672,-0.7218398305181921,1.0674401579583952,1.0,0.0,0.0,0.0,1.0,0.0,0
-0.6039624123941859,0.36457431164277965,0.211667007587168,-0.4476749459735128,1.2539094115267475,-0.07161178236944823,0.7034923266969009,1.0,0.0,0.0,0.0,0.0,1.0,0
-0.3284543319300632,-0.5709415913335779,-0.6418595830991072,2.46911181010473,-1.2094435539855968,-0.07161178236944823,1.3390430171087642,1.0,0.0,0.0,1.0,0.0,0.0,0
0.3140987156670439,0.3812162717973782,-0.07284185597492401,0.11495397144259453,0.33265545694489523,-0.7218398305181921,0.2146071802262365,1.0,0.0,0.0,0.0,1.0,0.0,1
0.14448624919238853,-0.226215273845466,-0.9168848178757959,0.6479708405736442,-1.0692527348100973,-0.7218398305181921,0.425099396067773,1.0,0.0,0.0,0.0,0.0,1.0,0
-1.2671561305146637,-0.7611354216718463,0.2401178939433774,-0.09233036655281301,-1.009170955163455,0.5786162657792957,1.0063295146495628,1.0,0.0,0.0,0.0,0.0,1.0,0
0.5465306141693493,-0.4235413728214206,-0.09180911354573014,-0.37364482526086734,-0.3883258988148153,0.5786162657792957,1.0674401579583952,0.0,1.0,0.0,0.0,0.0,1.0,0
0.536210278907664,-1.373321813073147,0.003027174308300525,0.17417806801271116,-0.22810781975710182,-0.7218398305181921,-0.4277335816643857,0.0,1.0,0.0,1.0,0.0,0.0,0
0.24813831203801123,0.511974530154937,0.4582413560076473,-1.9875014567965439,0.13238285812275344,-0.07161178236944823,-0.6463738832804325,1.0,0.0,0.0,0.0,0.0,1.0,0
0.05653904435367834,0.31464843117898406,0.6289466741449021,0.38146240600812004,-0.14799878022824509,-0.07161178236944823,0.6016412545155124,0.0,0.0,1.0,0.0,0.0,1.0,0
-1.4663834720880684,0.24451445624174722,-0.30044894682459716,1.180987709704694,0.5129007958848228,-0.07161178236944823,0.32732236677364035,0.0,0.0,1.0,1.0,0.0,0.0,0
1.2393392073885765,-0.08238118965215137,-0.2150962877559698,-1.1139460323873247,-0.8289256162235272,-1.372067878666936,1.8374342636496914,0.0,0.0,1.0,0.0,0.0,1.0,0
-1.8284926267045947,0.27542095367171643,-0.4616706361764491,-0.3588388011183372,-0.30821685928595854,0.5786162657792957,0.5283084825449129,0.0,0.0,1.0,0.0,0.0,1.0,0
-0.3028778488902342,-0.8443452224448382,-0.5090887801034647,0.3962684301506489,0.5129007958848228,1.2288443139280396,1.0891683866904251,1.0,0.0,0.0,0.0,1.0,0.0,0
-1.2164518746637747,-0.39025745251222355,-0.935852075446602,0.3222383094380034,-0.4484076784614578,-1.372067878666936,0.47670393930634253,0.0,1.0,0.0,0.0,0.0,1.0,0
-0.9387002430558073,-0.5519222082997515,-0.40476886346403074,-1.0843339841022657,-0.06788974069938837,1.2288443139280396,-1.9242653355829191,0.0,1.0,0.0,0.0,1.0,0.0,0
-0.2790962067654809,-0.6422642777104287,-1.1350082799400663,-1.4396785635229654,-1.4898251923365953,3.179528458374271,-0.844643970460202,0.0,1.0,0.0,0.0,1.0,0.0,0
-1.844197484711507,1.0029123547155914,-0.8315321588071685,-1.039915911674678,-0.688734797048028,0.5786162657792957,-1.4543923892527806,0.0,1.0,0.0,0.0,0.0,1.0,0
0.6712720577671117,0.695036091855521,0.8470701362091728,0.0557298748724779,0.13238285812275344,-1.372067878666936,-0.6341517546186665,1.0,0.0,0.0,0.0,0.0,1.0,0
0.8238335355485478,0.21241924737216492,-0.3858016058932246,-0.2551966321206341,0.3126281970626811,0.5786162657792957,0.09374390790432223,1.0,0.0,0.0,0.0,0.0,1.0,0
-0.2790962067654809,-1.0297842070246501,2.0325237343845552,-1.336036394525261,-1.029198215045669,0.5786162657792957,0.1059660365660893,0.0,1.0,0.0,0.0,0.0,1.0,0
1.15408426392248,-0.9881793066381537,0.22115063637257085,0.011311802444891415,-1.2695253336322392,0.5786162657792957,0.4848520250808539,0.0,1.0,0.0,0.0,1.0,0.0,0
1.5897818960571104,-0.25831048271504997,0.1832161212309586,0.2630142128678868,-1.3896888929255242,-0.07161178236944823,0.4060871959272471,0.0,0.0,1.0,0.0,0.0,1.0,0
-0.52678425304593,-2.5691655213250093,-0.13922725747274525,-1.4396785635229654,-0.2681623395215302,-1.372067878666936,-0.9437790140500872,0.0,1.0,0.0,0.0,1.0,0.0,0
-1.2442719088474483,-0.043153712144883734,-0.006456454477102331,-0.8326315736792702,0.0723010784761109,-1.372067878666936,-0.79168141292588,0.0,1.0,0.0,0.0,1.0,0.0,0
-0.533066196248695,0.31821456549782673,0.22115063637257085,0.011311802444891415,0.11235559824053926,-1.372067878666936,-0.4304496102558898,1.0,0.0,0.0,1.0,0.0,0.0,0
-1.6373420692490306,-1.4648525939234383,-1.3151972268627243,-0.2107785596930463,-0.10794426046381674,0.5786162657792957,-1.1950116587641777,1.0,0.0,0.0,0.0,0.0,1.0,0
0.1911521129843572,-0.5673754570147352,-0.006456454477102331,-0.13674843898040082,-0.027835220934960006,1.2288443139280396,-1.1827895301024116,1.0,0.0,0.0,0.0,0.0,1.0,0
1.2577363267681028,0.1922111528987237,-0.1581945150435514,1.6103624098380391,-0.588598497636957,-0.07161178236944823,-0.5906952971546074,1.0,0.0,0.0,0.0,1.0,0.0,0
2.9381561335077437,-0.3617283779614822,-1.571255204068607,0.55913469571847,4.217943874094447,3.179528458374271,-0.7455089268703178,0.0,1.0,0.0,0.0,0.0,1.0,0
0.3123038747519682,0.7818120269473546,-0.44270337860564296,0.9885093958518152,-0.6687075371658138,0.5786162657792957,0.2838659093095813,1.0,0.0,0.0,1.0,0.0,0.0,0
-0.768639066352383,0.822228215894237,0.5625612726470812,-0.6401532598263915,-0.3282441191681727,-0.07161178236944823,-1.440812246295262,1.0,0.0,0.0,1.0,0.0,0.0,0
-0.49223356543072244,-0.49961890495672795,-1.0591392496568417,0.8256431302839942,-0.4484076784614578,-0.7218398305181921,1.074230229437155,1.0,0.0,0.0,0.0,1.0,0.0,0
-2.1865633892622003,0.4430292666573149,-1.1255246511546633,-0.8178255495367415,0.09232833835832507,-1.372067878666936,-0.79168141292588,0.0,1.0,0.0,0.0,0.0,1.0,0
-0.3562743661137368,-0.48178823336251464,1.311767946693923,1.2402118062748106,0.35268271682710944,-0.7218398305181921,0.5364565683194243,0.0,0.0,1.0,0.0,0.0,1.0,0
-0.5985778896489587,-1.7180481305612583,-0.8979175603049897,-0.7289894046815658,0.753227914471393,1.8790723620767835,1.2629942165466606,0.0,0.0,1.0,0.0,0.0,1.0,0
0.8664610072815961,1.2430320655176563,0.7048157044281266,-0.7734074771091536,0.33265545694489523,-0.07161178236944823,-1.8509325636123195,1.0,0.0,0.0,0.0,0.0,1.0,1
-0.38005600823849006,-0.8871388342709485,0.3444378105828105,1.2402118062748106,1.6544546091710313,-0.7218398305181921,1.1108966154224542,0.0,1.0,0.0,0.0,0.0,1.0,0
0.7049253249247814,0.9815155488025371,0.7237829619989332,-0.018300245840167557,-1.0692527348100973,-0.7218398305181921,-0.49563429645197793,0.0,1.0,0.0,0.0,1.0,0.0,0
2.274513705158497,0.5488245847829767,2.0514909919553608,0.3222383094380034,-0.8489528761057414,-1.372067878666936,0.46040776775732073,0.0,0.0,1.0,0.0,0.0,1.0,0
-0.7506906572016259,0.9720058572856238,1.719563984466254,-1.7357990463735486,-0.9891436952812407,-0.07161178236944823,-0.05835369321988403,0.0,0.0,1.0,0.0,0.0,1.0,0
-1.3519623637519915,1.1063302499620253,-1.3151972268627243,-2.254009891362068,-0.6286530174013855,-1.372067878666936,-0.28921612349769804,0.0,1.0,0.0,0.0,0.0,1.0,0
0.4258275626305073,0.27542095367171643,2.174778166165601,0.6923889130012321,-0.3883258988148153,-0.7218398305181921,1.9148410785075467,0.0,0.0,1.0,0.0,0.0,1.0,1
-0.6919096172328961,0.5512020076622046,0.4961758711492596,1.2105997579897516,-0.48846219822588616,1.2288443139280396,0.5160863538831459,1.0,0.0,0.0,1.0,0.0,0.0,0
-1.8078519561812239,-0.9192340431405316,1.6816294693246419,0.5887467440035276,1.0736640725868198,-0.7218398305181921,0.3381864811396549,0.0,0.0,1.0,1.0,0.0,0.0,0
-0.5752449577529745,-0.8681194512371221,-0.935852075446602,0.21859614044029896,-0.7488165766946705,-0.07161178236944823,-0.5906952971546074,0.0,1.0,0.0,0.0,0.0,1.0,0
-2.188806940406045,0.5512020076622046,-0.5470232952450769,0.5887467440035276,0.012219298829468357,0.5786162657792957,-0.4806961391987077,0.0,1.0,0.0,0.0,0.0,1.0,1
-1.347923971693071,1.751800561672524,-0.025423712047908463,-0.41806289768845384,-0.14799878022824509,-0.7218398305181921,-0.7102005551807692,1.0,0.0,0.0,0.0,0.0,1.0,0
-1.0253013172082108,0.2980064710243855,-0.594441439172092,4.319864827920873,-0.9691164353990265,0.5786162657792957,1.4721284180924454,0.0,0.0,1.0,0.0,0.0,1.0,0
1.4345281569030608,-0.5459786511016792,1.6911130981100446,-1.6173508532333154,1.7946454283465305,-1.372067878666936,1.3241048598554939,0.0,0.0,1.0,0.0,0.0,1.0,0
-1.2016444371144,0.39904694339158986,0.8470701362091728,0.5887467440035276,-0.14799878022824509,1.8790723620767835,-0.7522989983490767,1.0,0.0,0.0,0.0,0.0,1.0,0
-0.40697862196462586,1.3547709408413886,-0.13922725747274525,1.4623021684127469,-0.6086257575191713,-0.07161178236944823,-1.8916729924848745,1.0,0.0,0.0,1.0,0.0,0.0,0
-0.7165886798151873,-0.8479113567636809,0.5056594999346624,-1.025109887532149,-0.8689801359879556,-0.07161178236944823,-0.6694601263082142,1.0,0.0,0.0,0.0,0.0,1.0,0
-0.23960970663381514,-2.4740686061558743,-0.7841140148801534,-0.003494221697638729,-1.029198215045669,0.5786162657792957,0.16164462269191449,1.0,0.0,0.0,0.0,0.0,1.0,0
-0.43928575843598877,-1.4577203252857538,1.6911130981100446,1.0625395165644607,0.7932824342358215,1.2288443139280396,1.966445621746117,0.0,0.0,1.0,1.0,0.0,0.0,0
0.5429409323391979,-0.4758446761644441,-0.006456454477102331,0.38146240600812004,0.633064355178108,-0.07161178236944823,-0.6952623979274989,0.0,1.0,0.0,0.0,1.0,0.0,0
0.326213891843805,0.23024991896637656,-0.5754741816012859,-0.4476749459735128,0.15241011800496762,0.5786162657792957,-0.4834121677902118,1.0,0.0,0.0,0.0,0.0,1.0,1
0.9903050304218207,-1.0048212667927523,0.37288869693901994,-0.4920930184010993,-0.9490891755168124,0.5786162657792957,-0.539090753916037,1.0,0.0,0.0,1.0,0.0,0.0,0
-1.016775822861601,0.3847824061162209,0.31598692422660196,0.21859614044029896,1.8747544678753871,1.2288443139280396,0.706208355288405,0.0,0.0,1.0,0.0,0.0,1.0,0
0.6053116541380792,0.06501902886000593,-0.43321974982024014,-0.6401532598263915,-1.349634373161096,-0.07161178236944823,-0.27971002342743506,1.0,0.0,0.0,0.0,0.0,1.0,0
0.1485246412513089,-1.9236952096145103,0.9513900528486068,0.48510457500582316,0.6130370952958938,0.5786162657792957,0.45497571057431346,1.0,0.0,0.0,0.0,0.0,1.0,0
0.34057261916441073,-1.0927859133242015,0.7142993332135303,-0.6993773563965082,1.4942365301133178,-0.7218398305181921,0.7578128985269744,0.0,1.0,0.0,0.0,1.0,0.0,0
0.7044766146960125,-0.614923914599303,0.4297904696514379,-2.313233987932185,-0.468434938343672,-0.7218398305181921,-1.7409334056564199,0.0,1.0,0.0,0.0,0.0,1.0,0
1.4484381739948977,-1.3352830470054935,-1.5143534313561888,-0.2996147045482206,-0.48846219822588616,-1.372067878666936,-0.4915602535647222,1.0,0.0,0.0,0.0,0.0,1.0,0
0.7987057627374877,1.339317692126405,-0.5754741816012859,0.4110744542931777,-1.1493617743389541,1.2288443139280396,-0.4915602535647222,1.0,0.0,0.0,0.0,0.0,1.0,0
-1.6777259898382342,0.1731917698648973,-0.8599830451633775,1.0181214441368729,0.1724373778871818,-1.372067878666936,1.735583191468303,0.0,0.0,1.0,0.0,0.0,1.0,0
0.4873008639718507,0.19577728721756638,0.05044531823531607,1.314241926987456,-0.08791700058160255,-0.7218398305181921,0.9085524853554291,0.0,0.0,1.0,0.0,0.0,1.0,0
-0.05743335375362976,0.06145289454116496,0.7427502195697389,-0.403256873545925,-1.2895525935144534,-0.07161178236944823,-0.20909328004833874,1.0,0.0,0.0,1.0,0.0,0.0,0
0.8431280753856117,2.054921978774139,1.2833170603377135,-0.5365110908286871,-0.5685712377547429,-0.07161178236944823,-0.5974853686333663,1.0,0.0,0.0,1.0,0.0,0.0,0
0.9656259678395296,-0.6672272179423265,0.46772498479305014,1.1957937338472227,-0.468434938343672,0.5786162657792957,-0.183291008429054,1.0,0.0,0.0,1.0,0.0,0.0,0
1.3210044690245217,-0.9858018837589257,0.3539214393682142,0.011311802444891415,0.7131733947069647,-0.7218398305181921,0.5894191258537463,0.0,1.0,0.0,1.0,0.0,0.0,0
-1.2438231986186794,0.45848251537229867,-0.8410157875925713,0.1297599955851247,0.7131733947069647,-0.7218398305181921,-0.05563766462837992,1.0,0.0,0.0,1.0,0.0,0.0,0
-0.4168502469975423,1.5948906516434518,-0.26251443168298494,-0.47728699425857046,-0.8289256162235272,-1.372067878666936,0.33954449543540643,0.0,0.0,1.0,1.0,0.0,0.0,0
-0.8857524360610737,-0.0883247468502219,-0.044390969618714596,0.9588973475667563,-0.027835220934960006,-0.7218398305181921,-0.10452617927544626,1.0,0.0,0.0,0.0,0.0,1.0,0
-0.24903262143796268,-1.74419978223277,-0.6513432118845105,1.5067202408403346,-0.7888710964590989,-0.07161178236944823,-0.4494618103964157,1.0,0.0,0.0,0.0,1.0,0.0,0
-0.14179087676218852,0.476313186966512,1.3686697194063409,0.1445660197276535,-1.3696616330433102,-1.372067878666936,-1.2140238589047037,0.0,1.0,0.0,1.0,0.0,0.0,0
-0.36300501954527076,1.130104478754309,-1.1350082799400663,-1.4396785635229654,0.09232833835832507,-0.7218398305181921,-0.3381046381447644,0.0,1.0,0.0,0.0,1.0,0.0,0
-1.0603007150521873,0.4347082865800165,-0.4996051513180614,-1.8394412153712516,0.7732551743536072,-0.07161178236944823,-1.2900726594668073,1.0,0.0,0.0,0.0,0.0,1.0,0
0.8144106207444003,-0.582828705729719,-1.0591392496568417,-0.7289894046815658,-0.06788974069938837,-0.7218398305181921,0.99003334310054,1.0,0.0,0.0,1.0,0.0,0.0,0
0.45050662521279844,2.028770327102627,0.6668811892865143,0.6035527681460564,-0.4484076784614578,0.5786162657792957,-0.45217783898791886,0.0,0.0,1.0,0.0,0.0,1.0,1
0.3037783804053585,-0.2808960000677191,0.2306342651579737,2.9132925343806026,-0.8689801359879556,-0.7218398305181921,-1.0252598717951973,1.0,0.0,0.0,0.0,0.0,1.0,0
0.6425546031259003,-0.4247300842610337,0.1263143485185406,-0.32922675283327957,-0.5685712377547429,1.2288443139280396,-0.1289704365989804,1.0,0.0,0.0,0.0,0.0,1.0,0
0.30288095994782066,0.30157260534322816,-1.0022374769444238,-0.2996147045482206,2.1751633661086,-0.7218398305181921,-0.801187512996143,1.0,0.0,0.0,0.0,0.0,1.0,1
-0.323069809184836,0.39904694339158986,0.24960152272878025,1.9509009651162088,1.3740729708200325,-0.07161178236944823,-0.32316648089149413,1.0,0.0,0.0,0.0,0.0,1.0,1
-1.9316959793214483,-2.8413804409966557,-1.4479680298583673,0.2778202370104156,-0.1279715203460309,-0.7218398305181921,-0.79168141292588,1.0,0.0,0.0,0.0,0.0,1.0,0
0.4514040456703363,0.06026418310155017,1.1315789997712644,-0.6105412115413326,1.7746181684643163,-0.07161178236944823,-0.8052615558833986,0.0,1.0,0.0,0.0,0.0,1.0,1
-0.4958232472608739,-0.13349578155556008,-0.2719980604683882,0.29262626115294443,-0.5685712377547429,-0.07161178236944823,-0.6748921834912215,0.0,1.0,0.0,0.0,0.0,1.0,0
0.23333087448863657,-0.9786696151212405,0.22115063637257085,1.358659999415044,0.2525464174160385,-0.7218398305181921,-2.398212324800313,1.0,0.0,0.0,0.0,0.0,1.0,1
0.6735156089109564,-1.2972442809378397,1.1220953709858617,-1.4989026600930822,-0.7488165766946705,-0.07161178236944823,1.5522512615418038,0.0,0.0,1.0,0.0,0.0,1.0,0
-0.6591537705327642,-1.731123956397014,-0.935852075446602,-0.7289894046815658,0.7332006545891788,1.8790723620767835,1.3023766311234648,0.0,0.0,1.0,0.0,0.0,1.0,0
0.6272984553477566,-1.3103201067735957,-1.4669352874291732,0.55913469571847,0.6931461348247505,-1.372067878666936,-1.4245160747462402,0.0,1.0,0.0,1.0,0.0,0.0,0
0.23916410746263264,-0.869308162676736,-0.3763179771078217,-0.5661231391137461,-0.248135079639316,1.2288443139280396,-0.9777293714438834,1.0,0.0,0.0,0.0,0.0,1.0,0
-0.08345854702222767,-0.6541513921065698,0.031478060664509935,-0.714183380539037,-0.027835220934960006,-1.372067878666936,-1.2995787595370702,0.0,1.0,0.0,0.0,0.0,1.0,0
0.35313650556994075,-1.1094278734788001,0.733266590784336,-0.714183380539037,1.4541820103488894,-0.7218398305181921,0.7252205554289308,0.0,1.0,0.0,0.0,1.0,0.0,0
-0.03454913208641435,0.041244800067723755,1.416087863333356,-1.2472002496700867,0.09232833835832507,-0.07161178236944823,-0.23217952307612033,0.0,1.0,0.0,1.0,0.0,0.0,0
0.6322342678642149,-1.6134415238752104,-0.622892325528301,-1.7950231429436652,-0.7087620569302422,0.5786162657792957,-0.16563682258427967,0.0,1.0,0.0,1.0,0.0,0.0,0
0.3746745965508494,1.2644288714307106,-1.1539755375108725,0.3074322852954733,-0.6086257575191713,-0.7218398305181921,0.3381864811396549,0.0,0.0,1.0,0.0,0.0,1.0,0
-0.1355089335594235,0.7996426985415679,-0.13922725747274525,-0.22558458383557511,-1.1693890342211684,-0.7218398305181921,-0.4494618103964157,1.0,0.0,0.0,0.0,0.0,1.0,1
1.1356871445429537,-0.2678201742319632,1.8523347874618967,0.8256431302839942,0.3126281970626811,0.5786162657792957,1.2494140735891428,0.0,1.0,0.0,0.0,0.0,1.0,1
-1.3465778410067644,-0.5887722629277913,-1.248811825364903,-2.091143625794247,-0.6286530174013855,-0.7218398305181921,-1.3185909596775962,0.0,1.0,0.0,1.0,0.0,0.0,0
0.198780186873429,-0.1941200649758837,-1.4764189162145767,0.4999105991483533,-0.3482713790503869,0.5786162657792957,-0.8147676559536616,1.0,0.0,0.0,0.0,0.0,1.0,0
0.32217549978488463,0.7140554748893473,-2.130789302407387,0.5887467440035276,-1.009170955163455,-0.07161178236944823,-0.0868719934306729,0.0,1.0,0.0,0.0,0.0,1.0,0
-0.5815269009557394,1.0552156580586165,0.2970196666557954,0.0557298748724779,-0.007807961052745825,1.8790723620767835,-0.9682232713736204,1.0,0.0,0.0,0.0,0.0,1.0,0
-0.7174861002727251,-1.0143309583096654,0.3444378105828105,-0.9066616943919157,-1.0692527348100973,-0.7218398305181921,1.4476841607689124,0.0,1.0,0.0,0.0,0.0,1.0,0
-0.6111417760544888,-0.6969450039326809,-1.2108773102232908,0.011311802444891415,-1.5499069719832377,1.2288443139280396,0.4237413817720205,1.0,0.0,0.0,0.0,0.0,1.0,0
-1.1491453403484353,-0.11447639852173366,-0.7841140148801534,1.2105997579897516,0.5930098354136796,0.5786162657792957,0.15349653691740406,0.0,1.0,0.0,0.0,0.0,1.0,0
-0.38274826961110364,1.0920657126866546,-0.03490734083331174,1.75842265126333,0.5329280557670371,-0.07161178236944823,-0.6599540262379513,0.0,0.0,1.0,0.0,0.0,1.0,0
-0.21941774633921332,1.8504636111605004,0.8565537649945757,-1.336036394525261,0.012219298829468357,-0.07161178236944823,1.2657102451381645,0.0,0.0,1.0,0.0,0.0,1.0,0
-0.44287544026614023,-0.0158133490337572,-2.083371158480372,-0.8770496461068581,-0.6086257575191713,-1.372067878666936,-0.7577310555320839,0.0,1.0,0.0,1.0,0.0,0.0,0
-1.552535836011703,0.8103411014980959,0.9134555377069945,0.9292852992816986,1.4742092702311036,1.2288443139280396,0.7428747412737042,1.0,0.0,0.0,1.0,0.0,0.0,0
0.3100603236081235,-0.4592027160098456,-0.2435471741121788,0.21859614044029896,-0.5285167179903145,0.5786162657792957,-1.7164891483328866,1.0,0.0,0.0,1.0,0.0,0.0,0
0.030065140856311498,-0.1608361446666866,-0.09180911354573014,-0.8474375978217991,-1.569934231865452,-0.07161178236944823,0.26213768057755127,1.0,0.0,0.0,1.0,0.0,0.0,0
1.3210044690245217,-1.927261343933353,0.7522338483551426,-1.2620062738126154,-0.6486802772835996,-0.7218398305181921,-1.71920517692439,0.0,1.0,0.0,0.0,0.0,1.0,0
2.1197086762332162,0.454916381053456,-0.6892777270261227,0.5147166232908821,0.9134459935291065,0.5786162657792957,-0.8473599990517062,1.0,0.0,0.0,0.0,0.0,1.0,0
-1.8163774505278334,-1.3103201067735957,-1.9506003554847295,-0.8030195253942126,0.5729825755314654,0.5786162657792957,1.4992887040074818,0.0,1.0,0.0,0.0,1.0,0.0,0
1.2653644006571745,0.6867151117782208,-0.13922725747274525,-0.09233036655281301,0.6530916150603221,2.5293004102255274,-1.207233787425945,0.0,1.0,0.0,1.0,0.0,0.0,0
2.758672042000172,-1.1878828284933354,0.10734709094773447,1.0921515648495184,0.7332006545891788,1.8790723620767835,-0.10045213638819153,1.0,0.0,0.0,0.0,0.0,1.0,1
0.006283498731558233,-1.353113718599706,2.0325237343845552,0.2334021645828278,-1.1493617743389541,-0.7218398305181921,0.6138633831772795,1.0,0.0,0.0,0.0,1.0,0.0,1
1.828047027533412,0.16843692410643984,-0.4237361210348368,0.011311802444891415,-0.9490891755168124,0.5786162657792957,1.5074367897819931,0.0,0.0,1.0,0.0,0.0,1.0,0
-0.2997368772888517,1.8861249543489254,-1.5048698025707856,2.0101250616863253,-1.1493617743389541,-0.7218398305181921,-0.08551397913492131,0.0,1.0,0.0,0.0,0.0,1.0,0
0.7690908876387385,-0.6173013374785309,-1.087590136013051,-0.7289894046815658,-0.027835220934960006,-0.7218398305181921,0.9846012859175327,1.0,0.0,0.0,1.0,0.0,0.0,0
-0.3123007636943817,0.49176643568149575,0.2306342651579737,-0.13674843898040082,-0.027835220934960006,0.5786162657792957,1.2711423023211719,1.0,0.0,0.0,0.0,0.0,1.0,0
-1.0203655046917526,0.2468918791209751,-0.6134086967428982,4.334670852063401,-0.9490891755168124,0.5786162657792957,1.4639803323179341,0.0,0.0,1.0,0.0,0.0,1.0,0
-1.691636006930071,-0.49367534775865574,1.036742711917234,1.1365696372771061,-0.42838041857924364,-1.372067878666936,1.1842293873930538,1.0,0.0,0.0,0.0,0.0,1.0,0
-1.0948514026673948,1.6412503977884048,-1.6755751207080407,-0.003494221697638729,0.13238285812275344,-1.372067878666936,-0.18600703702055713,1.0,0.0,0.0,0.0,0.0,1.0,0
-0.017498143393195033,-0.057418249420252705,1.98510559045754,-0.04791229412522521,0.7332006545891788,0.5786162657792957,0.5853450829664907,0.0,1.0,0.0,0.0,0.0,1.0,0
-0.16691864957324856,0.3919146747539045,-0.7461794997385411,-0.9066616943919157,-1.029198215045669,-0.07161178236944823,0.8189235418358078,1.0,0.0,0.0,0.0,0.0,1.0,0
0.4249301421729695,-0.35459610932379687,0.17373249244555572,1.921288916831151,0.21249189765161017,-0.07161178236944823,-0.1181063222329649,0.0,1.0,0.0,0.0,0.0,1.0,0
-0.685627674030131,1.153878707546593,-2.083371158480372,-1.3952604910953776,1.3340184510556043,-0.07161178236944823,-0.4073633672281082,1.0,0.0,0.0,1.0,0.0,0.0,0
0.9261394677078637,0.6665070173047796,-0.48063789374725524,-1.1731701289574412,1.5743455696421744,0.5786162657792957,1.3417590457002682,1.0,0.0,0.0,0.0,0.0,1.0,1
-0.647936014813541,0.30276131678284124,-0.006456454477102331,1.8176467478334468,0.7732551743536072,0.5786162657792957,0.8175655275400563,1.0,0.0,0.0,1.0,0.0,0.0,0
-0.14089345630465064,-0.32844445765228514,2.516188802440111,-0.9806918151045612,0.8133096941180356,-0.7218398305181921,-1.363405431437407,0.0,1.0,0.0,0.0,0.0,1.0,0
-0.10050953571544699,1.302467637498365,-0.12025999990193913,-1.7061869980884896,-1.1894162941033826,0.5786162657792957,0.5907771401494979,0.0,1.0,0.0,0.0,0.0,1.0,0
0.1821779084089786,2.7241665192769196,1.406604234547953,-0.06271831826775535,-0.40835315869702943,-0.7218398305181921,1.6106458762591331,0.0,0.0,1.0,0.0,1.0,0.0,0
-0.022433955909653257,0.8067749671792532,-2.2920109917592395,-0.47728699425857046,-0.7888710964590989,-0.07161178236944823,-2.357471895927757,0.0,1.0,0.0,0.0,1.0,0.0,0
1.440810100105826,1.0314414292663328,-0.006456454477102331,-1.36564844281032,2.075027066697529,-0.07161178236944823,0.7632449557099816,1.0,0.0,0.0,1.0,0.0,0.0,0
-1.769262876507096,-0.9358760032951302,-1.4195171435021583,-1.4396785635229654,2.7559539026928115,-0.7218398305181921,-1.6431563763622872,1.0,0.0,0.0,0.0,0.0,1.0,0
-0.5613349406611376,-1.3935299075465883,0.8186192498529634,1.7288106029782724,3.456907998570308,-0.7218398305181921,-0.33403059525750867,1.0,0.0,0.0,0.0,1.0,0.0,0
-1.0078016182862224,1.0373849864644031,0.6289466741449021,0.3074322852954733,-0.8489528761057414,-1.372067878666936,-0.19687115138657263,1.0,0.0,0.0,0.0,1.0,0.0,0
0.8561406720199107,0.024602839913125212,-1.5807388328540102,0.0557298748724779,-0.40835315869702943,-0.07161178236944823,-0.8215577274324205,0.0,1.0,0.0,0.0,0.0,1.0,0
0.3446110112233311,1.5758712686096255,0.8660373937799786,0.011311802444891415,0.032246558711682534,1.2288443139280396,0.6301595547263014,0.0,0.0,1.0,1.0,0.0,0.0,1
2.854247320727954,0.1922111528987237,1.207448030054489,-0.5809291632562749,0.0723010784761109,1.2288443139280396,-0.4997083393392336,0.0,1.0,0.0,1.0,0.0,0.0,0
0.5465306141693493,0.0685851631788486,1.3971206057625503,0.011311802444891415,-0.7488165766946705,-0.07161178236944823,-1.5277251612233802,1.0,0.0,0.0,0.0,0.0,1.0,1
0.6564646202177371,-0.14062805019324542,2.0514909919553608,0.3962684301506489,1.0536368127046059,0.5786162657792957,-0.052921636036876774,1.0,0.0,0.0,0.0,0.0,1.0,0
-0.5007590597773321,-0.10140057268597778,-0.3763179771078217,-0.5365110908286871,1.3540457109378186,1.2288443139280396,-1.2303200304537265,0.0,1.0,0.0,0.0,0.0,1.0,0
1.7418946636097776,0.4240098836234885,1.9471710753159277,0.2334021645828278,-0.6086257575191713,-0.7218398305181921,0.7143564410629154,0.0,0.0,1.0,0.0,0.0,1.0,0
-0.4065299117358569,1.2097481452084593,-0.622892325528301,-0.47728699425857046,-0.30821685928595854,-0.07161178236944823,-2.026116407764307,0.0,1.0,0.0,0.0,0.0,1.0,0
2.037594704368502,1.5045485822327755,-0.2150962877559698,-0.5661231391137461,-0.3282441191681727,-0.7218398305181921,-0.3014382521594641,0.0,1.0,0.0,0.0,1.0,0.0,0
-0.01031877973289216,0.5405036047056766,0.5151431287200662,0.011311802444891415,0.633064355178108,-0.07161178236944823,0.35855669557593234,0.0,1.0,0.0,0.0,0.0,1.0,0
0.021539646509701835,-0.5400350939036087,-0.1581945150435514,-0.8178255495367415,0.2725736772982527,0.5786162657792957,1.7776816346366107,1.0,0.0,0.0,0.0,0.0,1.0,0
0.7933212399922606,-0.743304750077633,1.30228431790852,-0.9954978392470913,3.2366081398659516,-0.07161178236944823,-0.8229157417281731,0.0,1.0,0.0,0.0,0.0,1.0,0
0.23602313586125015,0.8317379074111502,0.04096168944991279,-0.018300245840167557,0.3927372365915378,1.2288443139280396,1.1434889585204988,1.0,0.0,0.0,0.0,1.0,0.0,0
-0.12115020623881775,0.7972652756623401,-0.1581945150435514,-0.2107785596930463,-1.1894162941033826,-0.7218398305181921,-0.4087213815238598,1.0,0.0,0.0,0.0,0.0,1.0,1
-0.2252509793132094,-0.9073469287443897,-0.129743628687342,0.4554925267207655,-0.14799878022824509,-0.7218398305181921,-0.5336586967330297,1.0,0.0,0.0,0.0,0.0,1.0,0
-0.9360079816831938,0.11969975508225901,-1.0022374769444238,1.5659443374104514,-1.2094435539855968,0.5786162657792957,-1.0035316430631682,1.0,0.0,0.0,1.0,0.0,0.0,0
1.5651028334748194,-0.9263663117782169,-0.6703104694553166,-0.5513171149712159,-1.3896888929255242,-0.07161178236944823,2.1959500377281786,1.0,0.0,0.0,0.0,1.0,0.0,0
0.06641066938659479,1.487906622078177,-2.3204618781154487,-0.41806289768845384,-0.18805329999267345,-0.07161178236944823,0.3449765526184137,1.0,0.0,0.0,0.0,0.0,1.0,0
1.1249180990524996,0.635600519874812,0.581528530217887,0.1445660197276535,-0.9490891755168124,-0.7218398305181921,0.21053313733898082,1.0,0.0,0.0,0.0,0.0,1.0,0
-0.37646632640833866,-2.1887778606484725,0.9324227952778003,0.5295226474334109,-1.1493617743389541,-0.07161178236944823,0.6722579978946088,1.0,0.0,0.0,0.0,0.0,1.0,0
-2.2305369916815554,-0.17628939338167038,-0.2435471741121788,-1.4840966359505532,0.19246463776939599,-0.07161178236944823,-0.099094122092439,0.0,1.0,0.0,0.0,0.0,1.0,0
0.536210278907664,1.7589328303102076,0.8470701362091728,0.5147166232908821,-0.9691164353990265,-0.7218398305181921,-0.6042754401121261,0.0,0.0,1.0,0.0,0.0,1.0,0
-0.2176229054241376,-0.6291884518746728,2.070458249526167,0.8256431302839942,-0.6286530174013855,-1.372067878666936,-0.5282266395500225,0.0,1.0,0.0,0.0,0.0,1.0,0
1.1527381332361732,0.8721540963580326,0.031478060664509935,-0.3588388011183372,1.3540457109378186,-0.7218398305181921,-0.3489687525107789,1.0,0.0,0.0,1.0,0.0,0.0,0
1.6997159021054982,-0.44374946729486014,2.5825742039379325,0.4999105991483533,0.8733914737646782,-0.7218398305181921,0.456333724870065,0.0,0.0,1.0,0.0,0.0,1.0,0
1.433630736445523,1.980033158078446,-0.13922725747274525,0.6035527681460564,-0.22810781975710182,1.2288443139280396,0.07473170776379633,0.0,1.0,0.0,1.0,0.0,0.0,0
-0.8018436232812838,-1.1129940077976428,0.9039719089215908,-0.5513171149712159,-0.6687075371658138,1.2288443139280396,-0.02576135012183949,0.0,1.0,0.0,0.0,0.0,1.0,0
1.4484381739948977,-1.272281340705942,-1.5143534313561888,-0.2700026562631629,-0.4484076784614578,-1.372067878666936,-0.476622096311452,1.0,0.0,0.0,0.0,0.0,1.0,0
0.20281857893234936,-1.28297974366247,0.5151431287200662,-0.5217050666861582,0.13238285812275344,-0.07161178236944823,0.6831221122606234,1.0,0.0,0.0,0.0,0.0,1.0,0
0.8660122970528272,-0.1418167616328602,-0.7082449845969289,2.6467840998150782,-0.6286530174013855,-0.07161178236944823,-0.7645211270108437,1.0,0.0,0.0,1.0,0.0,0.0,0
-1.0522239309343464,-0.1727232590628294,-1.8842149539869077,-0.13674843898040082,-0.3482713790503869,0.5786162657792957,0.13855837966413384,0.0,1.0,0.0,0.0,0.0,1.0,0
0.3477519828247136,-1.9819420701556052,-0.006456454477102331,0.011311802444891415,-0.40835315869702943,0.5786162657792957,-0.38156109560882345,1.0,0.0,0.0,1.0,0.0,0.0,0
-0.6012701510215723,-0.6173013374785309,1.8049166435348816,0.011311802444891415,-0.5485439778725287,-0.07161178236944823,0.9560829857067439,0.0,0.0,1.0,0.0,0.0,1.0,1
0.49627506854722925,-0.14538289595170287,-0.03490734083331174,0.6183587922885866,2.0149452870508866,1.8790723620767835,0.3639887527589396,0.0,0.0,1.0,0.0,0.0,1.0,0
-0.5088358438951729,-1.2794136093436272,-0.2435471741121788,0.5147166232908821,0.29260093718046687,-0.07161178236944823,0.9968234145792998,0.0,0.0,1.0,0.0,0.0,1.0,0
0.38544364204130366,-0.15013774171015862,-0.5754741816012859,-1.7506050705160774,0.3927372365915378,-0.7218398305181921,-1.428590117633495,0.0,1.0,0.0,0.0,0.0,1.0,0
-0.48415678131288176,0.9494203399329548,1.3971206057625503,0.2630142128678868,-0.5485439778725287,-1.372067878666936,0.3857169814909696,0.0,1.0,0.0,0.0,0.0,1.0,0
-0.052946251465940466,-1.8321644287642194,-0.727212242167735,-0.6993773563965082,0.973527773175749,-0.07161178236944823,-0.6382257975059222,0.0,1.0,0.0,1.0,0.0,0.0,0
1.471771105890882,-1.9795646472763775,0.7806847347113511,0.1889840921552413,1.2539094115267475,-0.7218398305181921,-0.8269897846154277,1.0,0.0,0.0,0.0,0.0,1.0,0
-0.3087110818642303,-0.040776289265654166,0.16424886366015287,-0.13674843898040082,2.4755722643418125,0.5786162657792957,1.0144776004240732,0.0,1.0,0.0,0.0,0.0,1.0,1
-0.09557372319898877,-1.4137380020200288,0.07889620459152506,-1.6321568773758441,1.293963931291176,-0.07161178236944823,-0.16156277969702398,1.0,0.0,0.0,0.0,0.0,1.0,0
-0.476079997195041,0.8364927531696077,-0.6134086967428982,0.07053589901500805,-0.10794426046381674,0.5786162657792957,-0.9206927710223056,0.0,0.0,1.0,0.0,0.0,1.0,0
-0.016152012706888243,1.373790323875215,1.2643498027669078,1.2698238545598681,-0.22810781975710182,-0.7218398305181921,1.5943497047101114,0.0,0.0,1.0,0.0,1.0,0.0,0
-0.27101942264764023,-0.9228001774593743,0.05044531823531607,-0.03310626998269639,-0.10794426046381674,-0.7218398305181921,-0.16156277969702398,1.0,0.0,0.0,0.0,0.0,1.0,0
-0.45543932667167025,-0.03721015494681319,-1.0212047345152298,-1.7950231429436652,-0.4484076784614578,-0.7218398305181921,-0.6518059404634399,1.0,0.0,0.0,0.0,1.0,0.0,0
-1.023057766064366,-0.4247300842610337,-0.2814816892537911,-0.34403277697580836,-0.9891436952812407,1.2288443139280396,0.3449765526184137,0.0,1.0,0.0,0.0,0.0,1.0,0
-0.8543427200472485,0.9922139517590651,-0.11077637111653585,1.93609494097368,-0.7688438365768847,-1.372067878666936,-0.4494618103964157,1.0,0.0,0.0,0.0,0.0,1.0,0
1.1949168947404525,1.615098746116893,1.0082918255610247,1.3290479511299849,-0.9490891755168124,-1.372067878666936,1.4042277033048531,0.0,0.0,1.0,1.0,0.0,0.0,0
2.7348903998754186,-1.1664860225802802,0.10734709094773447,1.1365696372771061,0.753227914471393,1.8790723620767835,-0.1439085938522506,1.0,0.0,0.0,0.0,0.0,1.0,1
0.35268779534117184,1.5889470944453812,0.8660373937799786,0.011311802444891415,0.032246558711682534,1.2288443139280396,0.5636168542344606,0.0,0.0,1.0,1.0,0.0,0.0,1
-0.19384126329938434,1.4986050250347032,1.2264152876252954,0.08534192315753687,-0.28818959940374433,-0.7218398305181921,-1.5236511183361245,0.0,1.0,0.0,0.0,0.0,1.0,0
0.8767813425432815,1.17884164777849,0.8281028786383671,-0.06271831826775535,1.4341547504666752,-1.372067878666936,1.0470699435221178,1.0,0.0,0.0,1.0,0.0,0.0,0
-0.8049845948826664,0.16962563554605462,-0.40476886346403074,1.284629878702397,-0.7287893168124563,-1.372067878666936,1.2290438591528645,0.0,0.0,1.0,0.0,1.0,0.0,0
0.2831377098819877,-0.7040772725703653,0.581528530217887,-1.039915911674678,0.19246463776939599,0.5786162657792957,0.9818852573260296,1.0,0.0,0.0,0.0,0.0,1.0,0
0.9198575245050987,0.706923206251662,2.1652945373801975,-1.2472002496700867,0.032246558711682534,-0.7218398305181921,1.9270632071693128,0.0,1.0,0.0,1.0,0.0,0.0,0
1.2532492244804134,0.8769089421164901,1.8807856738181061,2.4394997618196705,-0.007807961052745825,-0.7218398305181921,0.7143564410629154,0.0,0.0,1.0,0.0,0.0,1.0,1
0.2678815621038441,-1.2282990174402177,-1.1919100526524846,-0.3588388011183372,-0.14799878022824509,-0.07161178236944823,-0.15748873680976827,0.0,1.0,0.0,0.0,0.0,1.0,0
-0.18800803032538824,0.9410993598556546,0.1263143485185406,-1.9282773602264274,-1.2895525935144534,-0.07161178236944823,1.6771885767509738,0.0,0.0,1.0,1.0,0.0,0.0,0
-0.5429378212816115,0.8757202306768753,-1.429000772287561,2.1729913272541466,0.29260093718046687,-1.372067878666936,0.309668180928866,0.0,0.0,1.0,0.0,0.0,1.0,0
0.6470417054135896,-1.757275608068526,1.823883901105688,0.6183587922885866,0.2525464174160385,-1.372067878666936,-0.1995871799780758,1.0,0.0,0.0,0.0,0.0,1.0,0
0.49582635831846034,-0.5091285964736412,-0.006456454477102331,1.1365696372771061,1.534291049877746,1.2288443139280396,0.006830992976204091,0.0,0.0,1.0,1.0,0.0,0.0,0
-1.3129245738490944,0.522672933111465,-0.09180911354573014,-0.34403277697580836,-0.08791700058160255,0.5786162657792957,-0.8962485136987726,1.0,0.0,0.0,0.0,0.0,1.0,0
-0.9772893227299353,1.030252717826718,0.6858484468573209,0.3222383094380034,-0.8689801359879556,-1.372067878666936,-0.1792169655417983,1.0,0.0,0.0,0.0,1.0,0.0,0
1.8307392889060257,0.8721540963580326,0.6763648180719181,0.38146240600812004,-0.30821685928595854,0.5786162657792957,-0.370696981242808,1.0,0.0,0.0,0.0,0.0,1.0,0
-0.6654357137355292,2.5636904749290066,-0.16767814382895427,0.42588047843570653,-0.08791700058160255,-0.07161178236944823,2.4865650970190734,1.0,0.0,0.0,0.0,1.0,0.0,0
0.37018749426316006,1.558040597015412,0.8565537649945757,0.011311802444891415,0.0723010784761109,1.2288443139280396,0.559542811347205,0.0,0.0,1.0,1.0,0.0,0.0,1
-1.8913120587322447,-0.3106137860580735,0.2970196666557954,1.6695865064081559,2.115081586461957,-0.07161178236944823,0.5418886255024316,0.0,0.0,1.0,0.0,0.0,1.0,0
1.01991990552057,-2.470502471837032,1.207448030054489,-0.5957351873988037,1.293963931291176,-0.7218398305181921,0.99003334310054,0.0,1.0,0.0,0.0,1.0,0.0,0
2.044774068028805,-1.5861011607640847,1.3686697194063409,-0.743795428824096,0.8934187336468923,0.5786162657792957,-0.1629207939927765,0.0,1.0,0.0,0.0,0.0,1.0,0
-0.36345372977403967,-1.1070504505995713,0.7237829619989332,0.6183587922885866,0.15241011800496762,-0.07161178236944823,0.9968234145792998,1.0,0.0,0.0,0.0,0.0,1.0,0
-0.3984531276180162,1.5616067313342548,0.46772498479305014,0.7516130095713487,-0.909034655752384,0.5786162657792957,-0.9098286566562912,0.0,0.0,1.0,1.0,0.0,0.0,0
1.5511928163829825,1.4367920301747665,-0.3288998331808066,-0.6253472356838627,-0.18805329999267345,-0.7218398305181921,1.6147199191463888,0.0,1.0,0.0,1.0,0.0,0.0,0
-0.6178724294860227,-0.5578657654978221,-0.6797940982407195,0.6183587922885866,0.6530916150603221,0.5786162657792957,0.10189199367883361,0.0,1.0,0.0,0.0,0.0,1.0,0
0.3598671590014747,-0.7016998496911375,0.8850046513507851,-0.5661231391137461,1.0536368127046059,-0.07161178236944823,-1.762661634388449,0.0,1.0,0.0,0.0,0.0,1.0,1
-1.7697115867358648,0.5939956194883149,0.9419064240632031,0.7516130095713487,2.095054326579743,-0.7218398305181921,0.33682846684390333,0.0,0.0,1.0,0.0,0.0,1.0,1
-0.16646993934447962,-1.4184928477784853,-0.7366958709531378,-0.6549592839689203,-0.30821685928595854,-0.7218398305181921,-0.6409418260974253,1.0,0.0,0.0,0.0,0.0,1.0,0
-0.25755811578457233,-1.0785213760488308,2.042007363169958,-1.2916183220976731,-1.0492254749278833,0.5786162657792957,0.08966986501706752,0.0,1.0,0.0,0.0,0.0,1.0,0
0.8422306549280739,-0.3855026067537661,0.42030684086603504,-0.9658857909620323,2.9762537613971674,1.2288443139280396,0.05843553621477454,1.0,0.0,0.0,0.0,1.0,0.0,0
-0.686525094487669,0.14466269531415596,-0.9548193330174082,0.1889840921552413,-0.3883258988148153,1.2288443139280396,-0.16835285117578377,1.0,0.0,0.0,0.0,0.0,1.0,0
-0.25037875212426947,-1.4910042455949508,-0.07284185597492401,-1.676574949803432,1.2539094115267475,1.2288443139280396,0.27843385212657307,1.0,0.0,0.0,0.0,0.0,1.0,0
-0.5765910884392812,-0.6482078349084992,1.833367529891091,0.011311802444891415,-0.5685712377547429,-0.07161178236944823,0.9479348999322335,0.0,0.0,1.0,0.0,0.0,1.0,1
1.8827896754432214,-0.4710898304059867,0.36340506815361706,-0.32922675283327957,0.33265545694489523,1.2288443139280396,2.209530180685697,0.0,0.0,1.0,0.0,0.0,1.0,0
0.17410112429113786,-2.006905010387503,-0.8504994163779747,-0.9362737426769747,0.5529553156492513,-0.7218398305181921,0.13584235107262974,0.0,1.0,0.0,0.0,0.0,1.0,0
-2.2372676451130893,-2.144795537382748,-0.6892777270261227,-0.07752434241028419,0.4528190162381803,-0.7218398305181921,-0.991309514401401,1.0,0.0,0.0,0.0,0.0,1.0,0
0.17993435726513396,-0.5697528798939631,-1.2677790829357092,0.20379011629777014,-0.9891436952812407,1.2288443139280396,0.5853450829664907,1.0,0.0,0.0,1.0,0.0,0.0,0
1.255044065395489,1.153878707546593,2.772246779645994,0.38146240600812004,0.13238285812275344,0.5786162657792957,0.13448433677687816,0.0,0.0,1.0,0.0,0.0,1.0,0
0.8301154787513129,0.26115641639634574,-0.4616706361764491,-0.24039060797810394,0.29260093718046687,0.5786162657792957,0.1181881652278554,1.0,0.0,0.0,0.0,0.0,1.0,0
-0.18037995643631644,-0.8562323368409801,-0.006456454477102331,1.0921515648495184,-1.029198215045669,-0.07161178236944823,0.47398791071483937,1.0,0.0,0.0,0.0,1.0,0.0,0
0.236920556318788,-1.1843166941744927,-0.12025999990193913,-1.336036394525261,-0.8489528761057414,-0.7218398305181921,-0.13440249378198765,0.0,1.0,0.0,0.0,0.0,1.0,0
1.8590080333184682,0.8032088328604106,0.9608736816340097,-0.8770496461068581,-0.9691164353990265,-0.07161178236944823,0.7415167269779527,0.0,1.0,0.0,0.0,0.0,1.0,1
0.7040279044672436,-1.4577203252857538,2.506705173654708,-1.1435580806723822,-0.06788974069938837,1.2288443139280396,0.6980602695138935,1.0,0.0,0.0,0.0,0.0,1.0,1
-1.0993385049550841,-1.3745105245127611,-0.20561265897056652,-0.9362737426769747,-1.12933451445674,1.8790723620767835,-1.0564942005974902,1.0,0.0,0.0,0.0,0.0,1.0,0
0.2517279938681627,-0.4378059100967896,0.24960152272878025,1.2402118062748106,0.5129007958848228,-0.07161178236944823,0.2213972517049963,0.0,1.0,0.0,0.0,0.0,1.0,0
1.7495227374988493,0.6510537685897958,0.5530776438616783,-0.32922675283327957,0.21249189765161017,-0.7218398305181921,-0.4820541534944593,0.0,0.0,1.0,0.0,0.0,1.0,0
-0.5698604350077473,-1.1664860225802802,1.2548661739815041,0.29262626115294443,-0.9691164353990265,-1.372067878666936,0.18473086571969607,0.0,1.0,0.0,0.0,0.0,1.0,0
-1.7329173479768125,2.142886625305587,1.349702461835535,0.8404491544265229,-1.3696616330433102,-0.07161178236944823,1.3023766311234648,0.0,0.0,1.0,0.0,0.0,1.0,0
0.517364449299369,1.7922167506194047,0.9419064240632031,0.44068650257823666,-1.009170955163455,-0.7218398305181921,-0.6151395544781406,0.0,0.0,1.0,0.0,0.0,1.0,0
1.0257531384945662,0.5369374703868356,-0.2719980604683882,1.4771081925552758,-1.2695253336322392,1.2288443139280396,1.2304018734486168,0.0,1.0,0.0,0.0,0.0,1.0,0
1.166199440099241,-0.4592027160098456,0.4961758711492596,-2.120755674079306,-0.10794426046381674,2.5293004102255274,-0.27699399483593096,0.0,1.0,0.0,0.0,1.0,0.0,1
-1.2079263803171651,-0.30467022886000295,-0.5375396664596737,0.35185035772306106,0.9334732534113207,-0.7218398305181921,0.5486786969811904,1.0,0.0,0.0,0.0,0.0,1.0,0
0.16737047085960394,-0.5590544769374368,-1.2677790829357092,0.3074322852954733,-1.009170955163455,1.2288443139280396,0.5636168542344606,1.0,0.0,0.0,1.0,0.0,0.0,0
-0.469798053992276,0.7045457833724341,0.2401178939433774,0.9144792751391684,1.8747544678753871,-1.372067878666936,1.3349689742215085,1.0,0.0,0.0,0.0,0.0,1.0,0
-0.7174861002727251,0.7437732608797017,1.3402188330501315,-2.2095918189344803,0.35268271682710944,1.2288443139280396,0.43867953902529166,1.0,0.0,0.0,1.0,0.0,0.0,0
-0.4671057926196624,0.34555492860895326,-0.5470232952450769,0.5443286715759398,0.9134459935291065,-0.07161178236944823,-0.03662546448785402,1.0,0.0,0.0,0.0,0.0,1.0,0
0.7197327624741562,0.9470429170537252,0.6573975605011115,-0.018300245840167557,-1.0692527348100973,-0.7218398305181921,-0.5146464965925038,0.0,1.0,0.0,0.0,1.0,0.0,0
1.1644045991841654,-0.9810470380004683,0.14528160608934632,0.011311802444891415,-1.2895525935144534,0.5786162657792957,0.44818563909555365,0.0,1.0,0.0,0.0,1.0,0.0,0
-0.0991634050291402,-0.5626206112562778,-1.1255246511546633,-2.9054749536333513,-1.029198215045669,0.5786162657792957,0.23905143754976968,0.0,1.0,0.0,1.0,0.0,0.0,0
-0.6968454297493544,0.5892407737298592,0.4961758711492596,1.2550178304173394,-0.5285167179903145,1.2288443139280396,0.5242344396576573,1.0,0.0,0.0,1.0,0.0,0.0,0
-0.7071657650110397,-0.833646819488311,0.5341103862908718,-1.025109887532149,-0.8890073958701697,-0.07161178236944823,-0.5757571399013373,1.0,0.0,0.0,0.0,0.0,1.0,0
-1.328629431856007,1.1241609215562387,-1.3057135980773213,-2.2243978430770106,-0.6286530174013855,-1.372067878666936,-0.3014382521594641,0.0,1.0,0.0,0.0,0.0,1.0,0
1.5202318105979264,-0.9275550232178309,0.11683071973313733,0.8996732509966395,0.0723010784761109,0.5786162657792957,-0.7550150269405808,1.0,0.0,0.0,0.0,0.0,1.0,0
-0.8310097881512643,-0.06098438373909537,-0.4901215225326585,-0.1811665114079873,-1.349634373161096,-1.372067878666936,0.6478137405710757,1.0,0.0,0.0,0.0,0.0,1.0,0
1.771060828479758,-0.5376576710243808,-1.0212047345152298,-0.15155446312292964,1.0736640725868198,-0.7218398305181921,-0.6626700548294554,0.0,1.0,0.0,0.0,1.0,0.0,0
-0.02019040476580861,-1.8321644287642194,-0.7651467573093472,-0.6993773563965082,0.9134459935291065,-0.07161178236944823,-0.6463738832804325,0.0,1.0,0.0,1.0,0.0,0.0,0
-0.6012701510215723,-0.6945675810534522,-1.248811825364903,0.011311802444891415,-1.5499069719832377,1.2288443139280396,0.4305314532507803,1.0,0.0,0.0,0.0,0.0,1.0,0
0.21942085739679976,-0.0479085579033395,0.1832161212309586,-0.12194241483787067,-1.4297434126899526,-0.07161178236944823,0.7007762981053977,0.0,1.0,0.0,0.0,0.0,1.0,0
-0.8740859701130815,0.8519460018845915,-0.8504994163779747,0.6479708405736442,0.11235559824053926,-0.07161178236944823,0.8080594274697933,0.0,0.0,1.0,1.0,0.0,0.0,0
-1.1967086245979417,-0.6898127352949955,0.3539214393682142,-0.6401532598263915,2.9161719817505247,-1.372067878666936,0.7306526126119381,0.0,1.0,0.0,0.0,1.0,0.0,0
0.3136500054382749,0.6581860372274811,-0.8030812724509595,0.9144792751391684,-0.3282441191681727,1.8790723620767835,1.3784254316855675,1.0,0.0,0.0,0.0,0.0,1.0,0
0.31993194864103996,0.003206034000069221,-1.7514441509912653,0.1889840921552413,-0.6286530174013855,0.5786162657792957,-0.005391135685562011,0.0,1.0,0.0,0.0,1.0,0.0,0
-0.07852273450576945,-0.9441969833724294,-0.7841140148801534,0.04092385072994907,0.052273818593896716,-0.07161178236944823,-0.5513128825778041,1.0,0.0,0.0,1.0,0.0,0.0,0
-0.2005719167309183,-1.5635156434114155,-0.101292742331133,0.8700612027115819,-1.3896888929255242,-0.7218398305181921,1.9963219362526574,0.0,0.0,1.0,0.0,0.0,1.0,0
0.5474280346268873,0.8519460018845915,-1.0117211057298265,0.17417806801271116,1.3941002307022468,-0.7218398305181921,1.2765743595041792,0.0,1.0,0.0,1.0,0.0,0.0,0
-0.07717660381946266,0.19815471009679425,-2.2256255902614184,1.5215262649828636,-0.42838041857924364,-0.7218398305181921,-0.2539077518081494,1.0,0.0,0.0,1.0,0.0,0.0,0
0.49582635831846034,1.0564043694982297,1.3686697194063409,-0.03310626998269639,1.7345636486998879,-0.07161178236944823,-0.35847485258104184,1.0,0.0,0.0,1.0,0.0,0.0,0
-0.4168502469975423,0.6831489774593781,0.9988081967756219,0.011311802444891415,-1.1894162941033826,-1.372067878666936,-0.05835369321988403,0.0,1.0,0.0,0.0,1.0,0.0,0
0.6353752394655974,0.729508723604331,0.2590851515141831,-0.9806918151045612,0.2725736772982527,-0.07161178236944823,-1.1311849868638413,0.0,1.0,0.0,0.0,0.0,1.0,0
-0.9369054021407316,-0.17866681626089995,0.7996519922821577,-0.4920930184010993,1.8346999481109587,-0.7218398305181921,0.09781795079157793,1.0,0.0,0.0,0.0,0.0,1.0,0
0.5330693073062814,-0.17747810482128515,-0.2435471741121788,0.6035527681460564,-0.909034655752384,1.8790723620767835,-0.23082150878036875,0.0,1.0,0.0,0.0,0.0,1.0,0
-0.6246030829175566,-0.626811028995444,-0.025423712047908463,0.7664190337138775,0.0723010784761109,1.8790723620767835,-0.6925463693359958,1.0,0.0,0.0,1.0,0.0,0.0,0
-0.1144195528072838,-0.1489490302705455,-0.14871088625814813,0.662776864716173,0.4327917563559662,0.5786162657792957,-2.201300251916295,1.0,0.0,0.0,0.0,0.0,1.0,0
-0.38005600823849006,-0.13230707011594697,0.6668811892865143,-0.1663604872654585,0.09232833835832507,-0.7218398305181921,0.43188946754653185,0.0,0.0,1.0,0.0,0.0,1.0,0
0.00942447033294074,-0.07049407525600858,-1.3436481132189337,0.1889840921552413,-0.30821685928595854,-0.7218398305181921,-0.07193383617740268,1.0,0.0,0.0,0.0,1.0,0.0,0
-1.2164518746637747,1.1859739164161753,0.9134555377069945,-0.07752434241028419,-0.22810781975710182,-0.7218398305181921,-0.13440249378198765,1.0,0.0,0.0,0.0,0.0,1.0,0
-1.8971452917062408,0.9030605937880019,0.5910121590032906,1.58075036155298,0.7732551743536072,-1.372067878666936,-0.28106803772318667,0.0,0.0,1.0,0.0,0.0,1.0,0
0.4693524548210935,-1.595610852280998,0.4582413560076473,-0.5513171149712159,-1.349634373161096,1.2288443139280396,-1.5290831755191316,1.0,0.0,0.0,0.0,0.0,1.0,0
-0.061471745812550126,-1.190260251372564,1.1126117422004587,-0.1811665114079873,-1.1493617743389541,-0.7218398305181921,2.644094755326287,0.0,0.0,1.0,0.0,1.0,0.0,0
0.5882606654448598,-0.038398866386426284,-0.5470232952450769,-0.5513171149712159,-0.3883258988148153,0.5786162657792957,-0.18464902272480557,0.0,1.0,0.0,0.0,1.0,0.0,0
-0.09871469480037127,-0.09070216972944979,0.9039719089215908,0.011311802444891415,-0.04786248081717419,0.5786162657792957,0.9995394431708029,0.0,1.0,0.0,0.0,0.0,1.0,0
-0.7403703219399405,0.5999391766863854,0.6953320756427238,-0.9658857909620323,0.7332006545891788,-1.372067878666936,0.7048503409926524,0.0,1.0,0.0,0.0,0.0,1.0,0
-1.544907762122631,-1.6776319416143766,0.30650329544119825,1.1217636131345772,-1.1093072545745257,0.5786162657792957,-1.1732834300321486,0.0,1.0,0.0,0.0,1.0,0.0,0
-0.6057572533092617,1.7375360243971534,0.2590851515141831,-0.2107785596930463,1.754590908582102,-0.07161178236944823,-1.072790372146512,1.0,0.0,0.0,0.0,0.0,1.0,1
-0.46037513918812845,0.440651843778087,3.0567556432080853,-0.403256873545925,0.21249189765161017,-0.07161178236944823,-0.37748705272156774,0.0,1.0,0.0,0.0,1.0,0.0,0
0.2198695676255687,0.18626759570065318,0.6099794165740964,0.4999105991483533,1.093691332469034,-0.7218398305181921,0.09781795079157793,1.0,0.0,0.0,0.0,0.0,1.0,0
-0.04666430826317545,1.5057372936723885,-0.17716177261435753,0.011311802444891415,1.6544546091710313,-1.372067878666936,-0.8079775844749028,0.0,0.0,1.0,0.0,0.0,1.0,0
1.0288941100959486,2.3806289132284224,1.9092365601743155,-0.37364482526086734,-0.5485439778725287,0.5786162657792957,1.6676824766807108,0.0,0.0,1.0,0.0,0.0,1.0,1
-1.0917104310660124,0.4358969980196296,-1.4669352874291732,-0.2700026562631629,-0.7488165766946705,0.5786162657792957,0.004114964384700942,1.0,0.0,0.0,1.0,0.0,0.0,0
0.13281978324439636,-2.1507390945808185,-0.4616706361764491,1.1957937338472227,0.7732551743536072,0.5786162657792957,0.7958372988080262,1.0,0.0,0.0,0.0,0.0,1.0,0
-1.1693373006430372,0.9624961657687107,-1.381582628360546,-0.3588388011183372,-0.909034655752384,-1.372067878666936,0.4020131530399914,1.0,0.0,0.0,1.0,0.0,0.0,0
0.230638613116023,-1.0357277642227205,-0.06335822718952074,-1.3952604910953776,-1.0692527348100973,-1.372067878666936,-1.5195770754488687,0.0,1.0,0.0,0.0,0.0,1.0,0
0.02602674879739113,-0.5566770540582072,-0.03490734083331174,0.011311802444891415,-0.04786248081717419,-0.7218398305181921,-0.6911883550402432,0.0,1.0,0.0,1.0,0.0,0.0,0
1.7365101408645505,-0.4223526613818058,2.611025090294142,0.48510457500582316,0.8934187336468923,-0.7218398305181921,0.4753459250105909,0.0,0.0,1.0,0.0,0.0,1.0,0
-0.7551777594893152,0.20053213297602213,-1.9600839842701323,-0.12194241483787067,-1.349634373161096,-0.07161178236944823,-1.6255021905175129,1.0,0.0,0.0,1.0,0.0,0.0,0
0.9719079110422946,-0.5269592680678529,2.0325237343845552,-0.5957351873988037,1.0536368127046059,-1.372067878666936,0.08559582212981182,1.0,0.0,0.0,1.0,0.0,0.0,0
-1.0266474478945176,0.059075471661935386,-0.3858016058932246,-1.9726954326540138,-0.909034655752384,-0.07161178236944823,-0.9980995858801609,1.0,0.0,0.0,1.0,0.0,0.0,0
-0.5990265998777277,0.17556919274412516,0.4866922423638567,0.6035527681460564,1.0336095528223916,-0.07161178236944823,0.9167005711299405,1.0,0.0,0.0,0.0,1.0,0.0,0
0.6483878360998964,-0.3866913181933809,0.581528530217887,0.7960310819989351,0.2725736772982527,0.5786162657792957,-0.9722973142608752,0.0,1.0,0.0,1.0,0.0,0.0,0
1.0885725705222162,-2.1364745573054487,-1.694542378278847,0.08534192315753687,-0.28818959940374433,1.2288443139280396,-1.3946397602396987,0.0,1.0,0.0,0.0,0.0,1.0,0
-2.2372676451130893,0.6748279973820797,-1.4384844010729643,1.2254057821322804,-0.18805329999267345,-0.07161178236944823,0.7985533273995303,1.0,0.0,0.0,0.0,1.0,0.0,0
1.0356247635274825,0.2670999735944163,1.2453825451961011,-0.1663604872654585,0.19246463776939599,-1.372067878666936,0.06386759339778181,0.0,0.0,1.0,0.0,0.0,1.0,0
-0.9956864421094613,0.8840412107541737,-0.3573507195370156,1.0329274682794016,-0.6286530174013855,0.5786162657792957,1.7220030485107845,0.0,1.0,0.0,1.0,0.0,0.0,0
1.9474039483859473,1.2299562396819004,1.5678259238998051,-1.513708684235611,0.41276449647375196,-0.07161178236944823,1.2181797447868499,1.0,0.0,0.0,1.0,0.0,0.0,1
-0.5258868325883922,-0.352218686444569,0.4582413560076473,1.447496144270218,-0.8289256162235272,1.2288443139280396,-0.5485968539863,1.0,0.0,0.0,0.0,0.0,1.0,1
0.5218515515870582,1.0041010661552061,1.3876369769771475,-0.018300245840167557,1.754590908582102,-0.07161178236944823,-0.3285985380745014,1.0,0.0,0.0,1.0,0.0,0.0,0
1.8989432436789029,-0.23334754248315132,-0.129743628687342,0.011311802444891415,-0.6286530174013855,-0.07161178236944823,0.7781831129632528,0.0,1.0,0.0,0.0,0.0,1.0,0
0.46710890367724883,-1.915374229537212,0.9039719089215908,-0.2551966321206341,-0.468434938343672,-0.07161178236944823,0.5337405397279202,0.0,1.0,0.0,0.0,0.0,1.0,1
-1.500036739245738,-0.05266340366179695,-2.2256255902614184,-0.7734074771091536,-0.7287893168124563,0.5786162657792957,0.1792988085366888,0.0,1.0,0.0,0.0,0.0,1.0,0
0.03634708405907651,-1.9890743387932905,0.9893245679902191,0.48510457500582316,0.5930098354136796,0.5786162657792957,0.40472918163149557,1.0,0.0,0.0,0.0,0.0,1.0,0
0.13281978324439636,-0.100211861246363,0.8470701362091728,0.3222383094380034,-0.16802604011045927,1.8790723620767835,0.5391725969109274,0.0,0.0,1.0,0.0,0.0,1.0,0
1.4825401513813363,-1.5516285290152736,-1.3436481132189337,-0.46248097011604167,-0.8289256162235272,2.5293004102255274,-0.9777293714438834,1.0,0.0,0.0,0.0,0.0,1.0,0
0.13910172644716137,-0.30348151742038815,-1.3057135980773213,-0.743795428824096,-0.688734797048028,-0.7218398305181921,0.8189235418358078,0.0,1.0,0.0,1.0,0.0,0.0,0
0.7053740351535505,0.775868469749284,2.980886612924861,-0.5809291632562749,-1.3696616330433102,0.5786162657792957,-0.6776082120827256,0.0,1.0,0.0,1.0,0.0,0.0,0
-0.508387133666404,-1.834541851643447,-0.3858016058932246,1.93609494097368,-0.588598497636957,0.5786162657792957,-1.5236511183361245,0.0,1.0,0.0,0.0,0.0,1.0,0
1.3919006851700126,-0.5471673625412941,-0.8315321588071685,1.2994359028449272,-1.469797932454381,2.5293004102255274,-0.1982291656823242,0.0,1.0,0.0,1.0,0.0,0.0,0
0.4801215003115478,-1.0892197790053588,1.2833170603377135,0.11495397144259453,2.695872123046169,0.5786162657792957,-0.12625440800747628,1.0,0.0,0.0,1.0,0.0,0.0,0
1.2649156904284056,-1.1759957140971933,1.0651935982734435,0.7664190337138775,-0.8890073958701697,-1.372067878666936,-0.32452449518724574,1.0,0.0,0.0,0.0,0.0,1.0,1
-0.26967329196133344,0.34793235148818114,0.894488280136188,-1.5285147083781396,0.633064355178108,0.5786162657792957,1.2534881164763985,0.0,0.0,1.0,0.0,0.0,1.0,1
0.2885222326272149,-0.6838691780969242,0.30650329544119825,-0.8622436219643279,-0.5084894581081003,-0.7218398305181921,0.13720036536838132,1.0,0.0,0.0,0.0,0.0,1.0,0
-0.011664910419198949,0.6153924254013708,0.14528160608934632,-0.5661231391137461,-0.8689801359879556,-0.7218398305181921,-1.094518600878542,0.0,1.0,0.0,0.0,0.0,1.0,0
1.205237230002138,2.640956718503927,1.5962768102560145,-0.37364482526086734,-1.1093072545745257,-0.7218398305181921,-0.2715619376529237,0.0,0.0,1.0,1.0,0.0,0.0,0
-1.1370301641716742,-0.8609871825994367,-1.4195171435021583,-0.5513171149712159,0.4327917563559662,0.5786162657792957,-0.3190924380042385,1.0,0.0,0.0,0.0,1.0,0.0,1
0.6730668986821875,1.9990525411122726,0.9608736816340097,-0.19597253555051744,-1.2895525935144534,-0.7218398305181921,-0.748224955461821,1.0,0.0,0.0,0.0,0.0,1.0,0
-0.10948374029082558,0.05550933734309273,1.719563984466254,-2.0319195292241305,-0.9290619156345982,0.5786162657792957,-1.272418473622033,0.0,1.0,0.0,1.0,0.0,0.0,0
1.9088148687118194,1.1515012846673636,0.05044531823531607,-0.32922675283327957,-1.3896888929255242,0.5786162657792957,1.576695518865337,0.0,0.0,1.0,0.0,1.0,0.0,0
0.8902426494063493,-0.7837209390245155,-1.9980184994117447,0.2778202370104156,-0.909034655752384,-0.07161178236944823,0.41966733888476576,0.0,1.0,0.0,0.0,0.0,1.0,0
1.190878502681532,-0.09307959260867936,0.5151431287200662,-0.15155446312292964,-0.5685712377547429,-0.07161178236944823,0.15621256550890722,1.0,0.0,0.0,0.0,0.0,1.0,0
-0.18711060986785039,-0.3094250746184587,0.5056594999346624,1.4030780718426303,-0.007807961052745825,-0.7218398305181921,0.30831016663311445,1.0,0.0,0.0,0.0,0.0,1.0,0
1.3268377019985178,-0.5483560739809088,1.672145840539239,-1.6469629015183729,1.8346999481109587,-1.372067878666936,1.2969445739404566,0.0,0.0,1.0,0.0,0.0,1.0,0
0.3921742954728376,2.237983540474721,0.5151431287200662,-0.3588388011183372,-0.7488165766946705,-0.7218398305181921,-0.6939043836317473,0.0,1.0,0.0,1.0,0.0,0.0,0
-0.9970325727957682,0.49295514712111055,1.6531785829684325,1.003315419994344,-0.30821685928595854,0.5786162657792957,0.17794079424093723,0.0,1.0,0.0,1.0,0.0,0.0,1
0.39845623867560265,0.6118262910825282,-0.16767814382895427,-1.4692906118080231,-0.48846219822588616,-0.7218398305181921,1.5155848755565045,1.0,0.0,0.0,0.0,0.0,1.0,0
1.3299786735999004,-0.8205709936525551,-0.006456454477102331,-0.22558458383557511,0.41276449647375196,0.5786162657792957,0.27707583783082146,1.0,0.0,0.0,0.0,0.0,1.0,0
0.36929007380562223,0.010338302637754551,-0.5090887801034647,0.4110744542931777,-0.6286530174013855,-1.372067878666936,1.0144776004240732,0.0,1.0,0.0,0.0,0.0,1.0,0
1.4242078216413756,-0.5138834422320969,0.9134555377069945,0.026117826587420245,-0.9490891755168124,-1.372067878666936,-0.38835116708758227,1.0,0.0,0.0,1.0,0.0,0.0,0
-0.47249031536488956,-1.9890743387932905,-1.9411167266993263,0.011311802444891415,2.435517744577384,-0.7218398305181921,-0.392425209974838,0.0,1.0,0.0,0.0,1.0,0.0,0
0.7951160809073363,1.812424845092846,0.2590851515141831,-1.0991400082447944,-0.6086257575191713,0.5786162657792957,0.8229975847230635,0.0,0.0,1.0,0.0,0.0,1.0,0
-0.39486344578786475,-0.5400350939036087,-0.29096531803919434,-0.003494221697638729,-0.08791700058160255,-1.372067878666936,0.4807779821935982,1.0,0.0,0.0,0.0,0.0,1.0,0
-0.144931848363571,-1.170052156899123,0.33495418179740766,-0.03310626998269639,2.115081586461957,-0.07161178236944823,-1.091802572287038,0.0,1.0,0.0,0.0,1.0,0.0,0
-0.1902515814692329,-0.9132904859424602,-0.129743628687342,0.3962684301506489,-0.1279715203460309,-0.7218398305181921,-0.5187205394797595,1.0,0.0,0.0,0.0,0.0,1.0,0
0.6452468644985139,0.778245892628512,0.733266590784336,0.8848672268541108,-0.4484076784614578,-1.372067878666936,-0.5961273543376147,0.0,1.0,0.0,0.0,0.0,1.0,0
0.9804334053889042,1.4153952242617123,-0.7461794997385411,0.4554925267207655,-0.20808055987488763,3.179528458374271,-0.17106887976728694,0.0,1.0,0.0,0.0,1.0,0.0,0
0.6264010348902188,-0.627999740435058,-0.25303080289758206,0.7368069854288185,-1.4497706725721669,-0.07161178236944823,0.8610219850041153,1.0,0.0,0.0,0.0,0.0,1.0,1
-1.354205914895836,0.8709653849184178,-2.1118220448365816,0.3074322852954733,-0.04786248081717419,0.5786162657792957,-0.9464950426415905,0.0,1.0,0.0,0.0,0.0,1.0,0
0.3401239089356418,0.555956853420662,-2.917930491595841,0.6775828888587019,-0.4484076784614578,-0.7218398305181921,0.06658362198928591,1.0,0.0,0.0,0.0,0.0,1.0,0
-0.14897024042249138,-0.6933788696138382,-0.5185724088888675,0.17417806801271116,1.4541820103488894,-0.07161178236944823,-0.6504479261676883,0.0,0.0,1.0,0.0,0.0,1.0,0
-0.15166250179510496,-0.2345362539227661,2.4972215448693054,-0.9658857909620323,0.8333369540002498,-0.7218398305181921,-1.3769855743949255,0.0,1.0,0.0,0.0,0.0,1.0,0
1.2869024916380831,-1.170052156899123,0.09786346216233119,-0.403256873545925,-1.2294708138678108,-0.07161178236944823,0.9696631286642625,1.0,0.0,0.0,1.0,0.0,0.0,0
-1.3631801194712148,0.2528354363190473,-0.29096531803919434,1.1513756614196349,0.9334732534113207,1.8790723620767835,-1.1216788867935783,1.0,0.0,0.0,1.0,0.0,0.0,0
1.1042774285291288,0.24332574480213243,-0.4996051513180614,0.7516130095713487,-0.8489528761057414,-0.7218398305181921,-1.0089637002461753,1.0,0.0,0.0,0.0,0.0,1.0,0
1.6422809928230753,0.20766440161370747,0.5530776438616783,1.2402118062748106,0.4928735360026087,-0.07161178236944823,0.27435980923931835,0.0,1.0,0.0,0.0,0.0,1.0,0
-0.7062683445535018,0.9660623000875533,1.672145840539239,-1.7061869980884896,-0.9891436952812407,-0.07161178236944823,-0.08415596483916878,0.0,0.0,1.0,0.0,0.0,1.0,0
0.19653663572958435,0.4216324607442589,0.40133958329522934,0.07053589901500805,0.5729825755314654,-0.07161178236944823,-1.9894500217790072,0.0,1.0,0.0,0.0,1.0,0.0,0
0.2992912781176692,0.9922139517590651,-0.755663128523944,1.314241926987456,0.41276449647375196,-1.372067878666936,-0.611065511590885,0.0,0.0,1.0,0.0,0.0,1.0,0
1.1608149173540139,-0.833646819488311,1.036742711917234,-0.9066616943919157,0.13238285812275344,0.5786162657792957,-0.17514292265454262,0.0,1.0,0.0,0.0,0.0,1.0,0
-0.8085742767128178,0.3669517345220075,0.1263143485185406,-1.039915911674678,1.4942365301133178,-0.7218398305181921,0.6097893402900239,1.0,0.0,0.0,0.0,1.0,0.0,0
-0.9633793056380985,-0.31417992037691617,0.6668811892865143,-0.743795428824096,-0.688734797048028,-0.07161178236944823,0.2336193803667624,1.0,0.0,0.0,0.0,0.0,1.0,0
0.7412708534550648,-1.2342425746382883,0.38237232572442276,0.2778202370104156,0.15241011800496762,1.8790723620767835,0.10325000797458518,1.0,0.0,0.0,0.0,0.0,1.0,1
-0.3392233774205175,-1.4743622854403524,-0.5090887801034647,0.8700612027115819,0.09232833835832507,-0.7218398305181921,0.727936584020434,0.0,1.0,0.0,0.0,0.0,1.0,0
0.27461221553537807,-1.7632191652665972,-0.5470232952450769,1.447496144270218,-1.3696616330433102,-0.7218398305181921,1.398795646121845,0.0,1.0,0.0,0.0,1.0,0.0,0
1.3721574351041796,-0.7468708843964756,0.37288869693901994,-0.6105412115413326,0.11235559824053926,0.5786162657792957,-0.5458808253947958,0.0,1.0,0.0,1.0,0.0,0.0,0
0.09782038540041986,0.010338302637754551,0.5151431287200662,0.2778202370104156,-0.7287893168124563,-0.07161178236944823,-1.8292043348802896,0.0,0.0,1.0,0.0,0.0,1.0,0
3.1993054866512605,0.15417238683106918,0.7996519922821577,0.7368069854288185,0.33265545694489523,1.8790723620767835,0.37892691001220985,1.0,0.0,0.0,0.0,1.0,0.0,0
1.012740541860267,0.24094832192290455,0.581528530217887,0.2630142128678868,0.1724373778871818,0.5786162657792957,0.8189235418358078,1.0,0.0,0.0,0.0,0.0,1.0,0
0.854794541333604,2.478103251276786,1.7954330147494786,1.7732286754058588,0.012219298829468357,-0.07161178236944823,2.1361974087150974,0.0,0.0,1.0,0.0,0.0,1.0,0
0.7619115239784355,-1.5908560065225412,-1.1634591662962757,1.447496144270218,-0.5685712377547429,-0.07161178236944823,-1.1108147724275637,1.0,0.0,0.0,0.0,1.0,0.0,0
0.7475527966578298,-0.2440459454396793,-1.8842149539869077,0.3370443335805322,-1.1093072545745257,0.5786162657792957,-2.2162384091695655,0.0,1.0,0.0,0.0,0.0,1.0,0
-1.150491471034742,-0.3724267809180102,-3.164504840016321,0.6479708405736442,-0.1279715203460309,-0.07161178236944823,1.1380569013374915,1.0,0.0,0.0,0.0,0.0,1.0,0
-0.3060188204916167,-0.4033332783479794,-1.5238370601415918,-0.9510797668195036,-1.0692527348100973,-0.7218398305181921,0.30423612374585873,1.0,0.0,0.0,0.0,0.0,1.0,0
1.9276606983201143,-0.09664572692752202,-0.8125649012363624,-0.5513171149712159,0.012219298829468357,-0.7218398305181921,-1.5073549467871026,0.0,1.0,0.0,1.0,0.0,0.0,0
-0.11935536532374204,1.2953353688606797,-0.06335822718952074,-1.7209930222310184,-1.12933451445674,0.5786162657792957,0.5894191258537463,0.0,1.0,0.0,0.0,0.0,1.0,0
0.612491017798382,-0.027700463429898292,-0.3858016058932246,-1.9430833843689561,-0.22810781975710182,1.2288443139280396,0.23905143754976968,0.0,1.0,0.0,0.0,0.0,1.0,0
-0.5792833498118948,1.48909533351779,-1.429000772287561,0.3222383094380034,-0.16802604011045927,-0.7218398305181921,0.27979186642232556,1.0,0.0,0.0,0.0,0.0,1.0,0
-1.5440103416650932,0.5642778334979605,-1.078106507227648,0.011311802444891415,-0.027835220934960006,-1.372067878666936,-0.4223015244813784,0.0,0.0,1.0,0.0,1.0,0.0,0
1.2007501277144486,-1.4529654795272973,-0.7177286133823317,1.0477334924219306,-0.7287893168124563,1.2288443139280396,0.006830992976204091,1.0,0.0,0.0,0.0,1.0,0.0,0
0.38948203410022403,0.4810680327249678,-0.4237361210348368,-0.9806918151045612,1.414127490584461,-0.07161178236944823,-2.054634707975096,0.0,1.0,0.0,1.0,0.0,0.0,0
0.230638613116023,-0.13230707011594697,0.9513900528486068,0.7220009612862897,-0.7888710964590989,-0.7218398305181921,1.1326248441544844,1.0,0.0,0.0,0.0,0.0,1.0,0
-0.8538940098184796,-1.2485071119136582,1.311767946693923,-2.1503677223643636,-0.5685712377547429,-0.7218398305181921,-0.32452449518724574,0.0,1.0,0.0,1.0,0.0,0.0,1
-0.5572965486022172,0.2647225507151884,-0.2814816892537911,-1.780217118801135,-1.1093072545745257,-1.372067878666936,-0.1724268940630385,0.0,1.0,0.0,0.0,1.0,0.0,0
-1.0163271126328322,0.15773852114991185,0.7712011059259483,-0.8474375978217991,0.23251915753382435,-0.07161178236944823,2.2923690527265594,0.0,0.0,1.0,1.0,0.0,0.0,0
-1.546253892808938,-1.1474666395464537,2.042007363169958,0.3370443335805322,-0.10794426046381674,-0.7218398305181921,-0.10995823645845448,0.0,0.0,1.0,1.0,0.0,0.0,0
1.4991424298457867,-0.5756964370920337,0.47720861357845384,-0.47728699425857046,-0.7488165766946705,-0.7218398305181921,0.30559413804161034,1.0,0.0,0.0,0.0,0.0,1.0,0
-0.1189066550949731,-1.6039318323582972,-0.5090887801034647,0.10014794730006571,0.9334732534113207,-0.07161178236944823,-0.8976065279945241,1.0,0.0,0.0,0.0,0.0,1.0,0
0.37018749426316006,0.9720058572856238,-0.7461794997385411,1.3882720477001014,0.3927372365915378,-1.372067878666936,-0.5988433829291179,0.0,0.0,1.0,0.0,0.0,1.0,0
-0.8395352824978739,0.06620774029962072,1.5014405224019842,1.4030780718426303,-1.0892799946923115,0.5786162657792957,-0.14255057955649805,0.0,0.0,1.0,1.0,0.0,0.0,1
0.16602434017329715,0.003206034000069221,-0.6608268406699133,0.8552551785690518,-0.06788974069938837,-1.372067878666936,0.3843589671952171,1.0,0.0,0.0,0.0,1.0,0.0,0
-0.27281426356271593,0.10781264068611791,0.4866922423638567,-0.09233036655281301,-0.18805329999267345,-0.7218398305181921,1.588917647527104,0.0,1.0,0.0,0.0,1.0,0.0,0
0.4603782502457149,-0.18936521921742624,-0.2719980604683882,0.5739407198609988,-0.8890073958701697,1.8790723620767835,-0.17106887976728694,0.0,1.0,0.0,0.0,0.0,1.0,0
-0.5644759122625201,0.3954808090727472,-0.2435471741121788,1.4030780718426303,-0.6687075371658138,-0.07161178236944823,0.20645909445172608,1.0,0.0,0.0,0.0,0.0,1.0,0
0.0008989759863310783,-0.13943933875363232,-0.755663128523944,-0.7586014529666248,-0.7287893168124563,-0.07161178236944823,2.147061523081112,0.0,0.0,1.0,1.0,0.0,0.0,0
-0.31274947392315067,-0.25236692551697776,-1.1350082799400663,0.1445660197276535,-1.029198215045669,-0.7218398305181921,1.0946004438734325,1.0,0.0,0.0,0.0,0.0,1.0,0
1.2285701618981222,-0.9014033715463191,0.7996519922821577,0.011311802444891415,-0.42838041857924364,-0.07161178236944823,-0.3326725809617571,0.0,1.0,0.0,0.0,0.0,1.0,0
0.1198071866100974,0.6605634601067091,0.8565537649945757,0.15937204387018233,-1.12933451445674,0.5786162657792957,0.6206534546560384,1.0,0.0,0.0,0.0,0.0,1.0,0
0.1121791127210256,-0.007492368956458774,1.046226340702637,-2.2243978430770106,-0.9691164353990265,-0.07161178236944823,0.1439904368471411,1.0,0.0,0.0,0.0,0.0,1.0,0
0.9221010756489434,-0.8134387250148698,-1.068622878442245,0.7368069854288185,-1.0692527348100973,-0.07161178236944823,-2.16055982304374,0.0,1.0,0.0,1.0,0.0,0.0,0
0.6106961768833062,-1.3138862410924383,-1.4574516586437705,0.5739407198609988,0.6731188749425363,-1.372067878666936,-1.4734045893933065,0.0,1.0,0.0,1.0,0.0,0.0,0
-1.132543061883985,-0.4449381787344749,-1.4100335147167549,-0.8326315736792702,-0.248135079639316,-0.07161178236944823,-0.769953184193851,0.0,1.0,0.0,0.0,0.0,1.0,0
-1.0791465446604822,0.40261307771043253,-1.4669352874291732,-0.32922675283327957,-0.7488165766946705,0.5786162657792957,0.043497378961504324,1.0,0.0,0.0,1.0,0.0,0.0,0
0.30602193154920315,-1.2152231916044618,0.8660373937799786,0.48510457500582316,0.4327917563559662,-0.07161178236944823,-0.8527920562347134,1.0,0.0,0.0,1.0,0.0,0.0,0
0.9328701211393977,-0.15251516458938819,-1.0022374769444238,0.011311802444891415,0.19246463776939599,-0.7218398305181921,-2.247472737971858,0.0,1.0,0.0,0.0,0.0,1.0,0
0.47742923893893424,-0.15608129890823086,-0.7841140148801534,0.6331648164311154,1.193827631880105,-1.372067878666936,-0.28650009490619394,1.0,0.0,0.0,0.0,0.0,1.0,0
-0.008972649046585372,-0.12874093579710433,-0.6513432118845105,0.011311802444891415,-0.7087620569302422,-0.07161178236944823,1.4626223180221825,0.0,1.0,0.0,0.0,0.0,1.0,0
-0.9238928055064327,-1.3447927385224068,0.6953320756427238,-2.9498930260609377,-1.349634373161096,-0.07161178236944823,0.6328755833178055,0.0,1.0,0.0,0.0,0.0,1.0,0
0.3338419657328768,1.7268376214406254,-1.3057135980773213,0.2630142128678868,-0.7888710964590989,1.8790723620767835,0.759170912822727,0.0,0.0,1.0,1.0,0.0,0.0,0
-1.9128501497131534,-0.869308162676736,0.9419064240632031,0.9588973475667563,0.7732551743536072,-0.07161178236944823,-1.2140238589047037,1.0,0.0,0.0,0.0,1.0,0.0,1
0.039488055660459015,0.5274277788699208,0.2780524090849897,-1.7061869980884896,0.6931461348247505,0.5786162657792957,-0.969581285669372,0.0,1.0,0.0,0.0,0.0,1.0,0
-0.11935536532374204,0.4644260725703709,0.7237829619989332,-0.15155446312292964,-0.468434938343672,0.5786162657792957,0.7211465125416752,0.0,0.0,1.0,1.0,0.0,0.0,0
0.6519775179300478,-0.20600717937202478,1.1315789997712644,0.44068650257823666,1.514263789995532,0.5786162657792957,0.6043572831070165,0.0,1.0,0.0,0.0,1.0,0.0,0
-1.2415796474748348,0.2944403367055428,0.9893245679902191,-2.402070132787359,1.6144000894066028,-1.372067878666936,0.5853450829664907,0.0,1.0,0.0,0.0,0.0,1.0,0
-2.2372676451130893,0.4133114806669605,-1.0970737647984539,-0.8474375978217991,0.09232833835832507,-1.372067878666936,-0.8039035415876471,0.0,1.0,0.0,0.0,0.0,1.0,0
-0.023780086595960044,0.545258450464134,0.1832161212309586,-0.5809291632562749,-0.8890073958701697,-0.7218398305181921,-1.082296472216775,0.0,1.0,0.0,0.0,0.0,1.0,0
-2.2372676451130893,0.11494490932380155,-1.429000772287561,-1.18797615309997,-1.2695253336322392,-1.372067878666936,0.08966986501706752,0.0,1.0,0.0,0.0,0.0,1.0,0
-0.9378028225982695,-0.26900888567157627,-0.006456454477102331,0.21859614044029896,-1.249498073750025,0.5786162657792957,0.08559582212981182,1.0,0.0,0.0,0.0,0.0,1.0,0
-0.46890063353473815,1.189540050735018,0.3254705530120048,-0.3144207286907507,1.3139911911733901,-0.07161178236944823,-0.7631631127150912,1.0,0.0,0.0,0.0,1.0,0.0,0
-1.3941411252562708,0.6498650571501811,-0.006456454477102331,1.0773455407069894,-0.30821685928595854,-0.7218398305181921,0.9642310714812553,0.0,1.0,0.0,0.0,0.0,1.0,0
-1.2541435338803648,-0.8098725906960271,0.20218337880176512,-0.07752434241028419,-1.029198215045669,0.5786162657792957,0.9941073859877957,1.0,0.0,0.0,0.0,0.0,1.0,0
-0.27326297379148484,-0.2808960000677191,-0.8789503027341836,0.2334021645828278,-1.1093072545745257,-0.07161178236944823,0.36263073846318805,1.0,0.0,0.0,1.0,0.0,0.0,0
0.4711472957361692,0.5928069080487018,-0.006456454477102331,0.20379011629777014,1.5543183097599602,1.2288443139280396,2.439034596667758,0.0,1.0,0.0,0.0,0.0,1.0,0
0.06865422053043943,-1.0737665302903743,0.021994431879106657,-0.9214677185344445,0.7131733947069647,0.5786162657792957,-0.26205583758266077,1.0,0.0,0.0,0.0,0.0,1.0,0
-0.6726150773958322,-0.4984301935171132,-0.6797940982407195,-0.714183380539037,1.3340184510556043,-0.07161178236944823,-2.142905637198966,0.0,1.0,0.0,0.0,1.0,0.0,0
-0.23377647365981907,0.23738218760406188,-1.893698582772311,0.15937204387018233,0.6130370952958938,-0.07161178236944823,0.7985533273995303,0.0,1.0,0.0,0.0,1.0,0.0,0
1.4417075205633638,-2.397991074020567,0.6384303029303058,0.9885093958518152,1.1337458522334625,-0.07161178236944823,-0.782175312855617,1.0,0.0,0.0,0.0,0.0,1.0,0
0.3553800567137854,-0.44374946729486014,0.05044531823531607,0.10014794730006571,-0.04786248081717419,1.2288443139280396,0.19287895149420745,1.0,0.0,0.0,0.0,1.0,0.0,0
-1.081838806033096,0.11494490932380155,0.9134555377069945,-0.3144207286907507,1.534291049877746,-0.7218398305181921,0.6736160121903604,0.0,1.0,0.0,0.0,0.0,1.0,0
-0.02647234796857362,0.028168974231967875,0.7237829619989332,-0.43286892183098397,-1.2695253336322392,-0.07161178236944823,-0.18464902272480557,1.0,0.0,0.0,1.0,0.0,0.0,0
-0.6129366169695645,1.752989273112137,0.2306342651579737,-0.1811665114079873,1.754590908582102,-0.07161178236944823,-1.0605682434847459,1.0,0.0,0.0,0.0,0.0,1.0,1
0.8130644900580936,1.2763159858268533,2.2127126813072135,0.10014794730006571,-1.4898251923365953,1.2288443139280396,0.9262066712002035,0.0,1.0,0.0,0.0,0.0,1.0,1
-0.035446552543952216,1.1146512300393254,1.197964401269086,0.662776864716173,-0.3883258988148153,0.5786162657792957,0.46991386782758365,1.0,0.0,0.0,0.0,0.0,1.0,1
-1.1464530789758216,0.4311421522611738,0.7712011059259483,0.5739407198609988,-0.20808055987488763,1.8790723620767835,-0.7400768696873106,1.0,0.0,0.0,0.0,0.0,1.0,0
0.6528749383875857,1.5473421940588858,1.1695135149128766,1.7880346995483878,0.3727099767093236,-0.07161178236944823,0.12769426529811836,0.0,0.0,1.0,1.0,0.0,0.0,0
-1.1469017892045907,0.5393148932660635,-0.18664540139976038,-0.41806289768845384,-0.468434938343672,-1.372067878666936,1.4123757890793636,1.0,0.0,0.0,1.0,0.0,0.0,0
1.4165797477523037,0.30276131678284124,-0.1581945150435514,1.1365696372771061,-0.08791700058160255,3.179528458374271,-0.21316732293559443,1.0,0.0,0.0,1.0,0.0,0.0,0
-1.119081755020917,-1.710915861923573,1.3971206057625503,-0.6401532598263915,-0.48846219822588616,-0.7218398305181921,0.5323825254321687,0.0,0.0,1.0,0.0,0.0,1.0,0
0.4666601934484799,-1.2354312860779022,0.9513900528486068,0.7516130095713487,-1.3296071132788818,-1.372067878666936,0.8786761708488887,1.0,0.0,0.0,0.0,0.0,1.0,0
1.0490860703905505,0.7580377981550724,-0.414252492249434,-1.2472002496700867,-0.6486802772835996,-0.7218398305181921,1.2331179020401202,1.0,0.0,0.0,0.0,1.0,0.0,0
2.18522036963348,-0.8312693966090823,1.5867931814706115,-1.0103038633896202,0.09232833835832507,-0.7218398305181921,2.4512567253295248,0.0,0.0,1.0,0.0,0.0,1.0,0
-0.45768287781551487,0.18032403850258263,-1.931633097913923,-2.1503677223643636,1.0135822929401774,-0.7218398305181921,-0.39785726715784525,0.0,1.0,0.0,1.0,0.0,0.0,0
-1.239784806559759,-0.11091026420289099,0.3539214393682142,1.5215262649828636,-0.36829863893260106,-1.372067878666936,0.7795411272590045,1.0,0.0,0.0,0.0,1.0,0.0,0
-1.4614476595716102,-0.045531135024111616,-2.3204618781154487,-0.7586014529666248,-0.7087620569302422,0.5786162657792957,0.20645909445172608,0.0,1.0,0.0,0.0,0.0,1.0,0
0.2198695676255687,-0.614923914599303,0.16424886366015287,-1.7209930222310184,-0.48846219822588616,-0.07161178236944823,0.8420097848635895,0.0,0.0,1.0,1.0,0.0,0.0,0
0.03544966360153865,0.5416923161452913,-0.9548193330174082,-0.3588388011183372,-1.1093072545745257,-0.7218398305181921,-2.168707908818251,0.0,1.0,0.0,0.0,1.0,0.0,0
-1.6391369101641062,0.21004182449293704,-2.557552597750525,0.2334021645828278,-0.588598497636957,-1.372067878666936,-0.8134096416579101,0.0,1.0,0.0,0.0,0.0,1.0,0
1.2272240312118154,-1.5326091459814464,0.7427502195697389,-0.9954978392470913,-1.029198215045669,0.5786162657792957,-0.24575966603363897,1.0,0.0,0.0,0.0,0.0,1.0,1
-0.4168502469975423,0.8008314099811827,-1.3720989995751427,-0.37364482526086734,0.11235559824053926,0.5786162657792957,1.1733652730270392,0.0,1.0,0.0,0.0,0.0,1.0,0
-0.7614597026920802,1.8136135565324607,0.5910121590032906,1.891676868546092,2.275299665519671,-0.7218398305181921,0.4617657820530723,0.0,0.0,1.0,0.0,0.0,1.0,1
-1.0342755217835893,-0.16677970186475716,-0.8220485300217653,-0.13674843898040082,1.3941002307022468,1.2288443139280396,0.3639887527589396,1.0,0.0,0.0,1.0,0.0,0.0,0
0.5380051198227397,-1.258016803430572,0.9703573104194125,0.9588973475667563,-0.3883258988148153,1.2288443139280396,0.99003334310054,1.0,0.0,0.0,1.0,0.0,0.0,0
0.9283830188517084,1.0338188521455607,1.0746772270588465,0.011311802444891415,0.9134459935291065,1.2288443139280396,0.25806363769029556,1.0,0.0,0.0,1.0,0.0,0.0,1
0.07897455579212481,0.371706580280465,-1.1729427950816784,1.2105997579897516,-1.2294708138678108,0.5786162657792957,0.24991555191578516,0.0,1.0,0.0,0.0,0.0,1.0,0
-0.310505922779306,-0.43186235289871905,-0.6703104694553166,-0.22558458383557511,-0.30821685928595854,0.5786162657792957,-0.40464733863660407,1.0,0.0,0.0,0.0,0.0,1.0,1
0.9719079110422946,-1.1950150971310207,-0.025423712047908463,-0.2700026562631629,0.5529553156492513,-0.07161178236944823,-0.3544008096937862,1.0,0.0,0.0,0.0,0.0,1.0,0
-0.19743094512953577,0.2040982672948648,-0.8694666739487807,0.15937204387018233,0.29260093718046687,-0.7218398305181921,0.9737371715515182,0.0,1.0,0.0,0.0,0.0,1.0,0
1.2191472470939748,-0.7361724814399485,1.6911130981100446,0.8256431302839942,-0.3482713790503869,-1.372067878666936,-0.8052615558833986,1.0,0.0,0.0,0.0,0.0,1.0,0
-1.5292029041157187,-0.08951345828983669,-2.339429135686255,-0.7289894046815658,-0.7087620569302422,0.5786162657792957,0.18744689431120018,0.0,1.0,0.0,0.0,0.0,1.0,0
0.2948041758299799,-1.2770361864643986,-0.40476886346403074,-1.2323942255275566,1.8146726882287447,-1.372067878666936,0.32053229529488053,0.0,0.0,1.0,0.0,0.0,1.0,0
-0.297942036373776,1.763687676068665,0.30650329544119825,0.11495397144259453,-0.7688438365768847,0.5786162657792957,-0.2878581092019455,0.0,1.0,0.0,0.0,0.0,1.0,0
0.6919127282904826,-1.20333607720832,2.2316799388780195,0.7071949371437608,-0.18805329999267345,1.2288443139280396,0.4617657820530723,1.0,0.0,0.0,0.0,0.0,1.0,0
-1.099787215183853,1.7268376214406254,-1.6660914919226375,-0.04791229412522521,0.09232833835832507,-1.372067878666936,-0.1289704365989804,1.0,0.0,0.0,0.0,0.0,1.0,0
0.22256182899818225,1.291769234541837,0.09786346216233119,-0.1811665114079873,-0.8289256162235272,-0.7218398305181921,-0.09637809350093585,1.0,0.0,0.0,0.0,0.0,1.0,0
-1.1612605165251964,-0.25355563695659256,0.6289466741449021,-0.3588388011183372,-1.3095798533966676,-0.7218398305181921,-1.472046575097554,0.0,1.0,0.0,0.0,0.0,1.0,0
0.47787794916770315,1.1859739164161753,-0.09180911354573014,3.5203395242242976,-0.8489528761057414,-0.7218398305181921,-0.3869931527918307,1.0,0.0,0.0,0.0,0.0,1.0,0
-0.09018920045376161,-0.7979854762998853,-1.3246808556481275,0.662776864716173,-1.0692527348100973,-0.07161178236944823,-1.032049943273957,1.0,0.0,0.0,0.0,1.0,0.0,0
-1.0701723400851038,-0.8764404313144213,0.05992894702071892,0.8848672268541108,-0.808898356341313,-0.07161178236944823,-0.8663721991922321,1.0,0.0,0.0,0.0,0.0,1.0,0
0.15121690262392246,0.04362222294695163,-0.43321974982024014,-0.5365110908286871,-1.4297434126899526,-0.7218398305181921,0.13448433677687816,1.0,0.0,0.0,0.0,0.0,1.0,0
1.400874889745391,1.9419943920107916,-0.09180911354573014,0.6035527681460564,-0.248135079639316,1.2288443139280396,0.08559582212981182,0.0,1.0,0.0,1.0,0.0,0.0,0
1.687600725928737,-0.5019963278359558,-0.8125649012363624,1.1217636131345772,-0.7488165766946705,-0.07161178236944823,-0.8663721991922321,1.0,0.0,0.0,0.0,0.0,1.0,0
1.5826025323968076,0.580919793652559,-0.43321974982024014,1.8028407236909179,-0.5285167179903145,-0.7218398305181921,-0.17106887976728694,0.0,0.0,1.0,0.0,0.0,1.0,0
2.276308546073573,-0.028889174869513076,0.47720861357845384,-0.5661231391137461,-0.6486802772835996,0.5786162657792957,-0.8215577274324205,1.0,0.0,0.0,0.0,0.0,1.0,0
-0.49941292909102536,-0.05860696085986749,-1.248811825364903,-1.780217118801135,1.2539094115267475,-0.7218398305181921,-0.4820541534944593,0.0,1.0,0.0,1.0,0.0,0.0,0
-0.36300501954527076,-0.8764404313144213,-0.6323759543137043,-0.7289894046815658,-0.7688438365768847,1.2288443139280396,-0.7930394272216316,0.0,1.0,0.0,0.0,1.0,0.0,0
-0.5231945712157786,-0.34627512924649845,-0.8694666739487807,0.011311802444891415,0.15241011800496762,0.5786162657792957,1.5644733902035708,1.0,0.0,0.0,1.0,0.0,0.0,0
-1.3385010568889235,0.05669804878270751,-0.9548193330174082,-0.743795428824096,-0.8289256162235272,-0.7218398305181921,0.16979270846642586,0.0,1.0,0.0,1.0,0.0,0.0,0
-0.053843671923478324,0.4085566349085031,-0.7746303860947501,2.7356202446702538,-0.9691164353990265,0.5786162657792957,-1.5168610468573656,1.0,0.0,0.0,0.0,0.0,1.0,0
1.758945652302997,-0.8241371279713969,-1.4669352874291732,-0.9362737426769747,0.7932824342358215,0.5786162657792957,-0.6219296259568995,1.0,0.0,0.0,0.0,0.0,1.0,1
0.22525409037079583,-0.4592027160098456,-0.006456454477102331,-2.402070132787359,1.514263789995532,-0.7218398305181921,-0.28650009490619394,0.0,1.0,0.0,0.0,0.0,1.0,0
-0.679794441056135,1.1610109761842784,2.3265162267320494,-1.1435580806723822,-1.0692527348100973,-0.07161178236944823,-0.7156326123637764,0.0,0.0,1.0,0.0,0.0,1.0,0
-0.22480226908444048,0.28493064518862965,-1.8178295524890866,0.15937204387018233,0.5930098354136796,-0.07161178236944823,0.8474418420465967,0.0,1.0,0.0,0.0,1.0,0.0,0
2.0734915226700164,-0.27257501999041894,0.17373249244555572,0.21859614044029896,1.1537731121156767,-0.07161178236944823,2.1361974087150974,1.0,0.0,0.0,1.0,0.0,0.0,0
-0.21807161565290653,0.5298052017491502,0.5151431287200662,0.011311802444891415,-0.7488165766946705,-0.7218398305181921,0.45497571057431346,1.0,0.0,0.0,1.0,0.0,0.0,0
-0.323518519413605,0.7699249125512135,-0.40476886346403074,0.9588973475667563,0.7332006545891788,-0.7218398305181921,0.3463345669141653,1.0,0.0,0.0,1.0,0.0,0.0,0
-0.46172126987443524,1.4962276021554755,-1.5143534313561888,-2.6833845914954133,-0.1279715203460309,-0.7218398305181921,-1.6825387909390905,0.0,1.0,0.0,0.0,0.0,1.0,0
-0.2844807295107081,0.2659112621548032,-1.3531317420043365,0.3962684301506489,-0.9290619156345982,0.5786162657792957,-0.91661872813505,1.0,0.0,0.0,0.0,0.0,1.0,0
0.44871178429772274,1.5211905423873724,-0.7082449845969289,-0.2107785596930463,2.195190625990814,2.5293004102255274,0.2376934232540181,1.0,0.0,0.0,0.0,0.0,1.0,0
0.7933212399922606,1.248975622715727,2.2411635676634223,0.1297599955851247,-1.4297434126899526,1.2288443139280396,0.9425028427492252,0.0,1.0,0.0,0.0,0.0,1.0,1
0.205062130076194,-0.5150721536717118,0.05992894702071892,-0.6253472356838627,1.173800371997891,-0.07161178236944823,-0.24032760885063073,0.0,1.0,0.0,0.0,1.0,0.0,0
1.7369588510933194,-0.31655734325614404,-1.2677790829357092,0.9144792751391684,-1.2294708138678108,-0.07161178236944823,-0.5893372828588549,0.0,1.0,0.0,0.0,1.0,0.0,0
0.12967881164301384,0.41806632642541797,-0.6323759543137043,1.2254057821322804,-0.16802604011045927,-0.07161178236944823,1.7382992200598062,0.0,1.0,0.0,0.0,0.0,1.0,0
-1.0082503285149913,0.8757202306768753,-0.3858016058932246,1.0181214441368729,-0.5485439778725287,0.5786162657792957,1.7763236203408581,0.0,1.0,0.0,1.0,0.0,0.0,0
0.3248677611574982,2.4103466992187768,-0.8979175603049897,2.2914395203943796,0.23251915753382435,-0.7218398305181921,-0.6884723264487401,1.0,0.0,0.0,0.0,0.0,1.0,0
0.7951160809073363,0.5393148932660635,-1.391066257145949,2.2766334962518497,-0.28818959940374433,-0.7218398305181921,1.2100316590123394,1.0,0.0,0.0,0.0,0.0,1.0,0
1.4062594124906183,-0.32487832333344246,-0.414252492249434,-0.6401532598263915,-0.7287893168124563,-0.7218398305181921,0.14942249403014837,0.0,1.0,0.0,0.0,0.0,1.0,0
0.4738395571087828,-1.273470052145556,0.9703573104194125,0.6479708405736442,-1.3095798533966676,-1.372067878666936,0.8379357419763337,1.0,0.0,0.0,0.0,0.0,1.0,0
-1.7544554389577212,-0.5899609743674044,-1.1919100526524846,-0.5513171149712159,-0.04786248081717419,-0.7218398305181921,0.3381864811396549,0.0,1.0,0.0,0.0,0.0,1.0,0
-0.9570973624353334,-0.29516053734308806,-1.220360939008694,0.2630142128678868,1.293963931291176,1.2288443139280396,2.7540939132821864,0.0,1.0,0.0,0.0,0.0,1.0,0
-0.14897024042249138,1.09919798132434,-0.9832702193736176,0.8996732509966395,-0.9490891755168124,0.5786162657792957,-1.300936773832822,1.0,0.0,0.0,0.0,0.0,1.0,0
-0.9485718680887237,-1.9962066074309759,-1.1919100526524846,0.6035527681460564,0.2725736772982527,0.5786162657792957,-0.9016805708817798,1.0,0.0,0.0,0.0,1.0,0.0,0
-0.8332533392951089,0.2147966702513928,1.7574984996078664,-0.04791229412522521,-1.1493617743389541,-0.7218398305181921,-1.0252598717951973,0.0,1.0,0.0,0.0,0.0,1.0,0
-1.0324806808685136,-0.2892169801450175,-0.3763179771078217,1.1513756614196349,0.09232833835832507,-0.07161178236944823,-0.1181063222329649,1.0,0.0,0.0,0.0,1.0,0.0,0
0.15884497651299426,1.2430320655176563,-0.9737865905882143,0.7664190337138775,-0.909034655752384,-0.07161178236944823,-1.1637773299618859,0.0,1.0,0.0,0.0,0.0,1.0,1
-1.0033145159985333,0.6926586689762914,-0.6513432118845105,-0.46248097011604167,-0.6687075371658138,-0.07161178236944823,0.0013989357931968273,0.0,1.0,0.0,0.0,0.0,1.0,0
-0.7022299524945814,-0.2250265624058529,0.8850046513507851,0.7664190337138775,-1.1693890342211684,0.5786162657792957,1.8347182350581872,0.0,0.0,1.0,0.0,1.0,0.0,0
-1.4524734549962317,-0.0027375231980013245,-1.5333206889269946,2.6319780756725493,-0.40835315869702943,-0.07161178236944823,-0.4725480534241963,1.0,0.0,0.0,0.0,0.0,1.0,0
-1.6324062567325723,-1.6265173497109662,0.31598692422660196,1.1365696372771061,-1.0892799946923115,0.5786162657792957,-1.116246829610571,0.0,1.0,0.0,0.0,1.0,0.0,0
-0.21134096222137258,1.8599733026774137,0.7996519922821577,-1.3064243462402034,0.012219298829468357,-0.07161178236944823,1.283364430982939,0.0,0.0,1.0,0.0,0.0,1.0,0
-0.2799936272230188,0.36932915740123545,0.8565537649945757,-1.4692906118080231,0.6931461348247505,0.5786162657792957,1.3145987597852309,0.0,0.0,1.0,0.0,0.0,1.0,1
-1.7279815354603543,1.2513530455949546,0.5720449014324841,-0.07752434241028419,0.6130370952958938,-0.7218398305181921,0.7360846697949454,0.0,1.0,0.0,1.0,0.0,0.0,0
1.0306889510110244,0.7770571811888989,-0.5659905528158831,-1.7506050705160774,0.3727099767093236,1.8790723620767835,-0.4942762821562263,0.0,1.0,0.0,0.0,1.0,0.0,0
0.1758959652062136,1.3702241895563723,-1.561771575283204,0.42588047843570653,-0.8289256162235272,-0.07161178236944823,-0.6952623979274989,0.0,1.0,0.0,1.0,0.0,0.0,0
-0.48864388360057104,0.7972652756623401,0.9513900528486068,0.6183587922885866,-1.4297434126899526,0.5786162657792957,1.0090455432410659,0.0,0.0,1.0,1.0,0.0,0.0,0
0.07987197624966268,1.4617549704066635,1.1884807724836832,0.04092385072994907,-0.42838041857924364,-0.07161178236944823,0.3884330100824728,0.0,1.0,0.0,1.0,0.0,0.0,0
0.0682055103016705,-0.31180249749768657,0.3539214393682142,-0.018300245840167557,-0.1279715203460309,0.5786162657792957,-1.3416772027053778,1.0,0.0,0.0,0.0,1.0,0.0,0
-0.9530589703764131,-0.49605277063788533,-0.3763179771078217,-1.0843339841022657,0.012219298829468357,1.2288443139280396,-1.9473515786106996,0.0,1.0,0.0,0.0,1.0,0.0,0
0.631785557635446,1.121783498677009,-0.006456454477102331,-0.2700026562631629,-0.16802604011045927,-1.372067878666936,-0.7550150269405808,1.0,0.0,0.0,0.0,1.0,0.0,0
2.8582857127868744,0.21241924737216492,1.2169316588398917,-0.5365110908286871,0.0723010784761109,1.2288443139280396,-0.529584653845774,0.0,1.0,0.0,1.0,0.0,0.0,0
0.7058227453823194,-0.1097215527632779,1.3686697194063409,-0.04791229412522521,-1.5098524522188095,1.2288443139280396,0.21189115163473335,0.0,0.0,1.0,1.0,0.0,0.0,0
-0.590501105531118,-1.6170076581940531,0.031478060664509935,-0.3588388011183372,0.753227914471393,0.5786162657792957,-0.5227945823670151,0.0,1.0,0.0,0.0,0.0,1.0,0
1.0149840930041119,-0.8170048593337125,1.3402188330501315,1.0329274682794016,-0.5685712377547429,-0.7218398305181921,1.9066929927330352,1.0,0.0,0.0,0.0,0.0,1.0,0
0.816205461659476,0.681960266019765,-0.18664540139976038,-0.34403277697580836,1.0135822929401774,-0.7218398305181921,-0.9845194429226423,1.0,0.0,0.0,1.0,0.0,0.0,0
1.0257531384945662,0.9470429170537252,0.5435940150762747,-0.4476749459735128,1.1137185923512483,0.5786162657792957,2.5490337546236574,0.0,0.0,1.0,0.0,1.0,0.0,0
0.9229984961064812,-1.237808708957131,-1.571255204068607,-1.0991400082447944,0.753227914471393,-1.372067878666936,-1.1637773299618859,0.0,1.0,0.0,1.0,0.0,0.0,0
-0.609795645368182,0.8234169273338517,0.894488280136188,0.6331648164311154,-0.8890073958701697,-0.07161178236944823,0.006830992976204091,0.0,1.0,0.0,1.0,0.0,0.0,0
1.0549193033645465,1.3107886175756636,-0.4996051513180614,0.011311802444891415,0.41276449647375196,1.8790723620767835,1.6554603480189438,0.0,0.0,1.0,1.0,0.0,0.0,0
-1.3860643411384301,-0.01819077191298508,0.11683071973313733,-0.3588388011183372,-0.7688438365768847,-1.372067878666936,0.4074452102229987,0.0,1.0,0.0,0.0,0.0,1.0,0
0.765052495579818,0.6665070173047796,-0.20561265897056652,-0.3588388011183372,1.0135822929401774,-0.7218398305181921,-0.9967415715844083,1.0,0.0,0.0,1.0,0.0,0.0,0
-0.6851789638013621,0.08284970045421926,-0.025423712047908463,-0.47728699425857046,0.19246463776939599,-0.07161178236944823,-0.2824260520189382,0.0,1.0,0.0,1.0,0.0,0.0,0
0.7776163819853481,-1.007198689671981,0.39185595450982563,-0.8622436219643279,-1.3696616330433102,1.2288443139280396,0.30559413804161034,0.0,1.0,0.0,0.0,0.0,1.0,0
-0.04172849574671723,-0.6541513921065698,-0.9263684466611992,-1.0695279599597367,-0.22810781975710182,-1.372067878666936,-1.8875989495976189,0.0,1.0,0.0,0.0,0.0,1.0,0
-0.06820239924408407,-1.3602459872373913,0.09786346216233119,-1.602544829090785,1.3540457109378186,-0.07161178236944823,-0.18193299413330144,1.0,0.0,0.0,0.0,0.0,1.0,0
-0.1996744962733804,-1.2282990174402177,0.8470701362091728,1.8472587961185043,0.5529553156492513,-0.7218398305181921,0.30423612374585873,0.0,0.0,1.0,0.0,0.0,1.0,0
-0.18935416101169503,-1.4731735740007375,-0.13922725747274525,0.9292852992816986,-1.3296071132788818,-0.7218398305181921,1.9202731356905538,0.0,0.0,1.0,0.0,0.0,1.0,0
-0.4460164118675227,-1.1129940077976428,-1.6281569767810253,-1.1731701289574412,0.3927372365915378,-1.372067878666936,0.6355916119093086,1.0,0.0,0.0,0.0,0.0,1.0,0
-1.9321446895502172,-2.8318707494797413,-1.4384844010729643,0.24820818872535794,-0.1279715203460309,-0.7218398305181921,-0.8120516273621575,1.0,0.0,0.0,0.0,0.0,1.0,0
0.7475527966578298,-0.29040569158463225,-1.8462804388452958,0.35185035772306106,-1.12933451445674,0.5786162657792957,-2.2569788380421207,0.0,1.0,0.0,0.0,0.0,1.0,0
0.8655635868240582,2.0834510533248785,-0.2814816892537911,-1.3064243462402034,1.8747544678753871,-0.07161178236944823,1.4381780606986494,1.0,0.0,0.0,0.0,0.0,1.0,0
1.1576739457526313,0.19815471009679425,0.31598692422660196,0.3222383094380034,-1.249498073750025,-0.7218398305181921,-1.169209387144893,0.0,1.0,0.0,0.0,1.0,0.0,0
0.3419187498507175,2.279588440861218,0.5056594999346624,-0.37364482526086734,-0.7287893168124563,-0.7218398305181921,-0.6925463693359958,0.0,1.0,0.0,1.0,0.0,0.0,0
0.5496715857707318,0.2825532223094018,1.1410626285566672,-1.3952604910953776,0.19246463776939599,-0.07161178236944823,0.949292914227985,0.0,1.0,0.0,0.0,1.0,0.0,0
1.5588208902720544,-0.6315658747539007,1.2643498027669078,-0.09233036655281301,-0.3482713790503869,1.8790723620767835,0.9574410000024954,0.0,0.0,1.0,0.0,0.0,1.0,0
1.1675455707855478,1.3321854234887196,0.44875772722224444,-0.3588388011183372,-0.10794426046381674,1.8790723620767835,1.5712634616823298,0.0,1.0,0.0,0.0,0.0,1.0,0
-0.45813158804428383,0.6546199029086385,-0.8125649012363624,-2.7722207363505875,1.514263789995532,-0.07161178236944823,0.2404094518455222,0.0,1.0,0.0,0.0,0.0,1.0,0
0.1884598516117436,-0.8193822822129404,0.268568780299586,1.0625395165644607,0.41276449647375196,-0.7218398305181921,0.7320106269076897,0.0,0.0,1.0,1.0,0.0,0.0,0
0.7524886091742881,0.7509055295173871,-0.727212242167735,2.9873226550932492,-0.06788974069938837,-0.07161178236944823,1.1475630014077545,0.0,0.0,1.0,0.0,1.0,0.0,0
2.0138130622437487,1.5093034279912312,-0.19612903018516367,-0.5661231391137461,-0.3482713790503869,-0.7218398305181921,-0.33403059525750867,0.0,1.0,0.0,0.0,1.0,0.0,0
-0.42627316180168984,-1.4731735740007375,1.672145840539239,1.1661816855621638,0.8333369540002498,1.2288443139280396,1.9718776789291244,0.0,0.0,1.0,1.0,0.0,0.0,0
-0.10006082548667806,-1.4339460964934698,0.8470701362091728,0.24820818872535794,0.3927372365915378,-0.7218398305181921,-2.3506818244489978,0.0,1.0,0.0,0.0,0.0,1.0,0
1.758496942074228,0.5737875250148736,-0.8599830451633775,0.2630142128678868,-0.3482713790503869,0.5786162657792957,-0.6830402692657328,0.0,1.0,0.0,0.0,0.0,1.0,0
-0.8673553166815475,0.994591374638293,-0.1581945150435514,1.9953190375437966,-0.7488165766946705,-1.372067878666936,-0.4467457818049116,1.0,0.0,0.0,0.0,0.0,1.0,0
-1.0576084536795736,-1.0785213760488308,-0.594441439172092,1.8620648202610346,-0.5685712377547429,-0.7218398305181921,0.12090419381935952,1.0,0.0,0.0,1.0,0.0,0.0,0
0.022885777196008626,-1.8547499461168884,0.5056594999346624,-0.19597253555051744,-0.8489528761057414,-0.07161178236944823,0.9859593002132843,0.0,1.0,0.0,0.0,0.0,1.0,0
1.4040158613467737,0.3372339485316531,-0.14871088625814813,1.1365696372771061,-0.14799878022824509,3.179528458374271,-0.2484756946251421,1.0,0.0,0.0,1.0,0.0,0.0,0
-2.2372676451130893,-0.5614318998166646,-0.11077637111653585,-0.6845713322539794,0.09232833835832507,-0.7218398305181921,-1.356615359958648,1.0,0.0,0.0,0.0,0.0,1.0,0
-0.6954992990630475,0.4858228784834252,-0.6134086967428982,-0.6253472356838627,0.33265545694489523,-1.372067878666936,1.189661444576061,0.0,0.0,1.0,0.0,0.0,1.0,0
0.6860794953164865,-0.04909726934295428,-0.006456454477102331,0.011311802444891415,1.0336095528223916,0.5786162657792957,0.33682846684390333,0.0,0.0,1.0,1.0,0.0,0.0,1
0.4078791534797502,-0.9144791973820751,-0.414252492249434,-0.9362737426769747,1.954863507404244,-0.07161178236944823,0.15757057980465974,0.0,0.0,1.0,0.0,1.0,0.0,1
-0.5833217418708152,0.40617921202927515,-0.3573507195370156,1.3882720477001014,-0.7287893168124563,-0.07161178236944823,0.19423696578995903,1.0,0.0,0.0,0.0,0.0,1.0,0
1.7742018000811406,0.774679758309671,1.207448030054489,-0.22558458383557511,-0.18805329999267345,1.8790723620767835,-1.154271229891623,1.0,0.0,0.0,0.0,0.0,1.0,0
0.5581970801173416,0.7318861464835607,2.089425507096973,-2.8462508570632346,0.5329280557670371,-1.372067878666936,-1.3661214600289109,0.0,1.0,0.0,0.0,0.0,1.0,1
-0.0008958649287446398,0.5393148932660635,0.40133958329522934,1.5363322891253923,0.41276449647375196,-0.7218398305181921,4.0921497445252616e-05,0.0,0.0,1.0,0.0,0.0,1.0,0
1.2200446675515126,1.1372367473919944,2.772246779645994,0.35185035772306106,0.09232833835832507,0.5786162657792957,0.06929965058078907,0.0,0.0,1.0,0.0,0.0,1.0,0
-0.6591537705327642,-0.5614318998166646,-0.5849578103866888,1.6843925305506846,-0.588598497636957,-1.372067878666936,-0.4494618103964157,1.0,0.0,0.0,0.0,0.0,1.0,0
-0.5245407019020853,0.45967122681191347,-1.561771575283204,-0.12194241483787067,0.5329280557670371,-0.07161178236944823,0.1996690229729663,1.0,0.0,0.0,0.0,0.0,1.0,0
0.05384678298106476,1.926541143295808,0.39185595450982563,-0.4920930184010993,-0.42838041857924364,-0.7218398305181921,1.554967290133308,0.0,1.0,0.0,0.0,0.0,1.0,0
0.2503818631818559,-0.4140316813045057,-1.2962299692919181,-1.5729327808057274,-0.5285167179903145,-0.7218398305181921,0.33139640966089506,0.0,0.0,1.0,1.0,0.0,0.0,0
-1.1679911699567302,-0.14419418451208807,0.41082321208063216,1.8472587961185043,-1.5298797121010235,-1.372067878666936,-0.8745202849667425,1.0,0.0,0.0,0.0,0.0,1.0,0
0.0026938169014067963,-0.9394421376139729,0.19269975001636144,0.38146240600812004,1.7345636486998879,0.5786162657792957,-0.9424209997543347,1.0,0.0,0.0,0.0,0.0,1.0,0
2.205861040156851,-1.134390813710698,0.8850046513507851,-1.0695279599597367,-0.8489528761057414,-0.07161178236944823,1.1665752015482804,1.0,0.0,0.0,0.0,0.0,1.0,0
1.237095656244732,0.613015002522143,-1.590222461639413,0.48510457500582316,-0.468434938343672,-0.07161178236944823,-0.6273616831399067,1.0,0.0,0.0,0.0,0.0,1.0,0
-0.520502309843165,-0.36291708940109696,-0.8599830451633775,0.011311802444891415,0.21249189765161017,0.5786162657792957,1.5183009041480078,1.0,0.0,0.0,1.0,0.0,0.0,0
0.2279463517434094,1.2513530455949546,0.08837983337692834,-0.1663604872654585,-0.808898356341313,-0.7218398305181921,-0.1058841935711988,1.0,0.0,0.0,0.0,0.0,1.0,0
1.7369588510933194,-0.305858940299616,-1.2772627117211124,0.9144792751391684,-1.2294708138678108,-0.07161178236944823,-0.6314357260271624,0.0,1.0,0.0,0.0,1.0,0.0,0
-0.48999001428687783,1.3666580552375298,0.47720861357845384,0.9885093958518152,-0.7888710964590989,0.5786162657792957,-0.7156326123637764,1.0,0.0,0.0,1.0,0.0,0.0,0
-0.7529342083454705,-0.7326063471211058,-3.2783083854411577,-0.46248097011604167,-0.22810781975710182,2.5293004102255274,0.5201603967704016,1.0,0.0,0.0,0.0,1.0,0.0,0
0.5205054209007515,0.041244800067723755,1.7574984996078664,0.3222383094380034,0.9334732534113207,-0.7218398305181921,-0.38563513849607817,0.0,1.0,0.0,0.0,0.0,1.0,0
-0.3755689059508008,-0.5554883426185941,-1.874731325201505,-0.1811665114079873,-1.1693890342211684,-0.7218398305181921,-0.5255106109585184,0.0,1.0,0.0,0.0,0.0,1.0,0
1.0674831897700765,-0.23572496536237922,1.4445387496895654,1.9657069892587375,-0.588598497636957,-0.07161178236944823,-0.8745202849667425,1.0,0.0,0.0,0.0,1.0,0.0,0
-1.9034272349090058,-0.7694564017491456,1.2548661739815041,1.7288106029782724,-0.5285167179903145,0.5786162657792957,0.7768250986675004,0.0,0.0,1.0,0.0,0.0,1.0,0
1.0795983659468376,-0.8277032622902396,-0.8884339315195869,0.6479708405736442,-0.5685712377547429,1.2288443139280396,0.5079382681086355,1.0,0.0,0.0,1.0,0.0,0.0,0
1.9586217041051706,-1.008387401111595,0.20218337880176512,0.4999105991483533,-0.5084894581081003,-0.07161178236944823,0.7646029700057342,1.0,0.0,0.0,0.0,0.0,1.0,0
-0.14717539950741565,-0.11091026420289099,0.46772498479305014,0.8108371061414653,-0.3883258988148153,0.5786162657792957,1.617435947737893,0.0,0.0,1.0,0.0,1.0,0.0,0
-1.0580571639083425,-0.3700493580387823,-2.6144543704629433,-1.3212303703827322,-0.30821685928595854,0.5786162657792957,-0.10724220786695036,1.0,0.0,0.0,1.0,0.0,0.0,0
1.5619618618734368,-0.5875835514881764,1.2548661739815041,-0.04791229412522521,-0.36829863893260106,1.8790723620767835,0.905836456763926,0.0,0.0,1.0,0.0,0.0,1.0,0
0.4846086025992371,1.246598199836499,-0.044390969618714596,-0.2551966321206341,0.47284627612039454,2.5293004102255274,1.1950935017590683,0.0,0.0,1.0,1.0,0.0,0.0,0
-1.0544674820781912,-0.8621758940390507,0.05044531823531607,0.8848672268541108,-0.8289256162235272,-0.07161178236944823,-0.91661872813505,1.0,0.0,0.0,0.0,0.0,1.0,0
-0.7260115946193347,0.9672510115271664,1.7100803556808513,-1.6913809739459609,-0.9691164353990265,-0.07161178236944823,-0.09094603631792858,0.0,0.0,1.0,0.0,0.0,1.0,0
2.2341297845692933,-1.110616584918414,0.7901683634967549,-1.039915911674678,-0.8289256162235272,-0.07161178236944823,1.083736329507418,1.0,0.0,0.0,0.0,0.0,1.0,0
1.3115815542203741,-1.4600977481649817,0.5530776438616783,-0.3588388011183372,-0.42838041857924364,1.8790723620767835,0.6315175690220529,1.0,0.0,0.0,1.0,0.0,0.0,0
1.121328417222348,0.109001352125731,-0.33838346196620944,-0.6697653081114492,0.032246558711682534,1.8790723620767835,0.6423816833880683,0.0,0.0,1.0,0.0,0.0,1.0,0
0.48057021054031673,0.14704011819338556,0.021994431879106657,1.2105997579897516,2.3754359649307415,-0.7218398305181921,0.2757178235350699,1.0,0.0,0.0,1.0,0.0,0.0,0
0.573901938124254,0.6641295944255518,2.1273600222385856,-2.801832784635647,0.4928735360026087,-1.372067878666936,-1.3552573456628954,0.0,1.0,0.0,0.0,0.0,1.0,1
-0.4792209687964235,-0.4580140045702308,1.4445387496895654,0.21859614044029896,0.012219298829468357,1.2288443139280396,0.08423780783405928,1.0,0.0,0.0,1.0,0.0,0.0,0
0.30422709063412745,-0.3926348753914514,-0.06335822718952074,1.0477334924219306,0.6130370952958938,-0.7218398305181921,-0.4997083393392336,1.0,0.0,0.0,0.0,0.0,1.0,0
-1.1298508005113712,-0.0015488117583865397,-0.13922725747274525,-0.2107785596930463,2.3554087050485277,0.5786162657792957,-0.5187205394797595,0.0,1.0,0.0,0.0,0.0,1.0,0
1.0504322010768572,-0.6945675810534522,0.5246267575054689,0.6479708405736442,-1.029198215045669,-0.7218398305181921,-0.5553869254650587,0.0,1.0,0.0,0.0,1.0,0.0,0
0.4971724890047671,0.49176643568149575,0.1832161212309586,-0.13674843898040082,-0.7688438365768847,-1.372067878666936,-0.4806961391987077,0.0,0.0,1.0,0.0,0.0,1.0,0
-0.5200535996143961,0.4358969980196296,-0.9548193330174082,-2.105949649936777,0.0723010784761109,1.2288443139280396,0.8094174417655449,1.0,0.0,0.0,0.0,0.0,1.0,0
-0.0915353311400684,2.120301107952918,1.2928006891231163,0.17417806801271116,-0.7888710964590989,1.8790723620767835,0.6206534546560384,0.0,0.0,1.0,0.0,0.0,1.0,0
0.21448504488034154,0.2956290481451576,-1.400549885931352,1.0921515648495184,-0.8489528761057414,-0.07161178236944823,0.30559413804161034,1.0,0.0,0.0,0.0,0.0,1.0,0
0.36973878403439114,2.213020600242824,-0.4237361210348368,1.3882720477001014,-0.22810781975710182,-0.7218398305181921,-1.9038951211466406,1.0,0.0,0.0,0.0,1.0,0.0,0
-0.13820119493203709,-0.7159643869665073,-1.8273131812744896,-1.5877388049482564,-1.4297434126899526,1.2288443139280396,0.8908982995106558,0.0,1.0,0.0,0.0,0.0,1.0,0
1.7468304761262359,-0.2999153831015455,1.2643498027669078,-0.6105412115413326,-0.10794426046381674,-0.7218398305181921,-0.3639069097640491,1.0,0.0,0.0,0.0,0.0,1.0,0
-2.1906017813211207,0.511974530154937,-1.6281569767810253,1.1957937338472227,2.1751633661086,-0.7218398305181921,-0.7848913414471212,0.0,1.0,0.0,1.0,0.0,0.0,0
-1.6907385864725333,-0.24166852256045143,-0.006456454477102331,-1.3508424186677899,-1.0492254749278833,-0.07161178236944823,-0.5676090541268258,1.0,0.0,0.0,0.0,0.0,1.0,0
-0.3912737639577133,-1.4042283105031155,-0.5754741816012859,0.7812250578564063,0.032246558711682534,-0.7218398305181921,0.7564548842312229,0.0,1.0,0.0,0.0,0.0,1.0,0
-0.5577452588309861,1.8575958797981857,-0.7746303860947501,0.3370443335805322,0.7332006545891788,-0.7218398305181921,0.6573198406413386,1.0,0.0,0.0,0.0,0.0,1.0,0
-1.4138843753221038,-0.36410580084071176,0.1832161212309586,0.6775828888587019,-0.04786248081717419,-0.7218398305181921,-0.8378538989814432,1.0,0.0,0.0,0.0,0.0,1.0,0
0.22256182899818225,-0.23097011960392344,-0.006456454477102331,-0.22558458383557511,1.634427349288817,-0.07161178236944823,-0.2946481806807053,1.0,0.0,0.0,1.0,0.0,0.0,0
0.791077688848416,0.879286364995718,-0.6323759543137043,0.7812250578564063,-0.8689801359879556,-0.7218398305181921,-1.0619262577804973,0.0,1.0,0.0,0.0,0.0,1.0,0
1.9254171471762698,-0.16796841330437196,-1.7324768934204593,0.7664190337138775,-0.909034655752384,-0.07161178236944823,1.0728722151414025,0.0,1.0,0.0,0.0,0.0,1.0,0
-0.4594777187305906,0.71762160920819,0.20218337880176512,0.973703371709285,1.8346999481109587,-1.372067878666936,1.3132407454894794,1.0,0.0,0.0,0.0,0.0,1.0,0
1.4192720091249174,1.9408056805711769,-0.053874598404117874,0.5739407198609988,-0.22810781975710182,1.2288443139280396,0.07473170776379633,0.0,1.0,0.0,1.0,0.0,0.0,0
1.248762122192724,2.5553694948517065,0.17373249244555572,-0.2551966321206341,-0.5084894581081003,-0.07161178236944823,1.3824994745728232,1.0,0.0,0.0,1.0,0.0,0.0,1
-0.978635453416242,1.1598222647446637,0.6953320756427238,0.6183587922885866,-0.9490891755168124,-0.7218398305181921,0.8569479421168597,1.0,0.0,0.0,1.0,0.0,0.0,0
-0.6071033839955684,0.13515300379724277,-1.1824264238670819,0.7516130095713487,-0.6687075371658138,-0.07161178236944823,-1.0116797288376795,0.0,1.0,0.0,0.0,0.0,1.0,0
-1.08004396511802,1.670968183778759,-1.6850587494934437,-0.03310626998269639,0.11235559824053926,-1.372067878666936,-0.14798263673950532,1.0,0.0,0.0,0.0,0.0,1.0,0
-0.49088743474441565,-0.37480420379723806,-0.5375396664596737,0.04092385072994907,-0.22810781975710182,-0.7218398305181921,0.3897910243782244,0.0,1.0,0.0,1.0,0.0,0.0,0
0.1808317777226718,2.3687417988322816,-0.19612903018516367,-0.2700026562631629,0.5729825755314654,-0.7218398305181921,-0.17378490835879104,0.0,1.0,0.0,0.0,0.0,1.0,0
-0.2939036443148556,-0.8479113567636809,-0.48063789374725524,0.48510457500582316,0.5729825755314654,1.2288443139280396,1.1136126440139584,1.0,0.0,0.0,0.0,1.0,0.0,0
0.2732660848490713,-1.7358788021554707,-0.4996051513180614,1.4623021684127469,-1.3296071132788818,-0.7218398305181921,1.4178078462623709,0.0,1.0,0.0,0.0,1.0,0.0,0
-1.5861891031693727,-1.6704996729766912,0.3444378105828105,1.1513756614196349,-1.0492254749278833,0.5786162657792957,-1.1529132155958712,0.0,1.0,0.0,0.0,1.0,0.0,0
0.3764694374659251,-0.4164091041837353,-0.06335822718952074,1.0625395165644607,0.6530916150603221,-0.7218398305181921,-0.4779801106072036,1.0,0.0,0.0,0.0,0.0,1.0,0
2.236822045941907,-0.8740630084351926,1.5678259238998051,-1.039915911674678,0.052273818593896716,-0.7218398305181921,2.4010101963867077,0.0,0.0,1.0,0.0,0.0,1.0,0
0.33653422710549036,0.5464471619037489,-2.917930491595841,0.6923889130012321,-0.4484076784614578,-0.7218398305181921,0.1249782367066152,1.0,0.0,0.0,0.0,0.0,1.0,0
-0.24095583732012194,-0.4152203927441205,0.2780524090849897,-1.2323942255275566,-0.22810781975710182,-1.372067878666936,1.208673644716587,0.0,0.0,1.0,0.0,0.0,1.0,0
-0.0762791833619248,0.023414128473510428,1.4350551209041627,-1.336036394525261,0.052273818593896716,-0.07161178236944823,-0.29329016638495276,0.0,1.0,0.0,1.0,0.0,0.0,0
0.36839265334808435,1.1289157673146943,-0.5185724088888675,0.6331648164311154,1.173800371997891,0.5786162657792957,0.29744605226709897,1.0,0.0,0.0,0.0,0.0,1.0,0
-0.8906882485775319,0.09117068053151937,-2.4721999386818974,0.3222383094380034,-0.5685712377547429,-0.07161178236944823,-0.9329148996840718,1.0,0.0,0.0,1.0,0.0,0.0,0
0.9903050304218207,1.3036563489379782,-0.9927538481590205,0.5887467440035276,0.41276449647375196,1.2288443139280396,1.4069437318963565,0.0,1.0,0.0,1.0,0.0,0.0,0
1.0930596728099056,0.8103411014980959,-0.4237361210348368,-1.2323942255275566,-0.6286530174013855,-0.7218398305181921,1.211389673308091,1.0,0.0,0.0,0.0,1.0,0.0,0
0.5223002618158272,-0.15608129890823086,0.6668811892865143,1.5659443374104514,1.754590908582102,1.2288443139280396,-0.7305707696170476,1.0,0.0,0.0,0.0,0.0,1.0,1
0.2122414937364969,-0.44850431305331756,0.211667007587168,1.2254057821322804,0.4928735360026087,-0.07161178236944823,0.2376934232540181,0.0,1.0,0.0,0.0,0.0,1.0,0
1.1060722694442044,0.0994916606088178,0.9229391664923974,-1.0991400082447944,-0.7488165766946705,-1.372067878666936,-0.2715619376529237,1.0,0.0,0.0,0.0,0.0,1.0,0
-0.49178485520195353,-1.6895190560105178,-0.5280560376742708,1.4623021684127469,0.6130370952958938,-0.07161178236944823,-0.15748873680976827,0.0,1.0,0.0,0.0,0.0,1.0,0
1.9841981871449996,1.220446548164987,0.05044531823531607,-0.2551966321206341,-1.3296071132788818,0.5786162657792957,1.535955089992782,0.0,0.0,1.0,0.0,1.0,0.0,0
1.6965749305041158,0.5131632415945517,0.7996519922821577,2.528335906674845,-0.468434938343672,1.8790723620767835,0.6953442409223894,1.0,0.0,0.0,0.0,0.0,1.0,0
0.18531888001036112,1.99548640679343,2.1652945373801975,1.4030780718426303,-1.0492254749278833,-1.372067878666936,-0.8052615558833986,0.0,0.0,1.0,1.0,0.0,0.0,0
0.3311497043602632,0.6522424800294107,-2.0644039009095665,0.5887467440035276,-0.9691164353990265,-0.07161178236944823,-0.06514376469864287,0.0,1.0,0.0,0.0,0.0,1.0,0
3.1607164069771327,0.12802073515955742,0.7617174771405454,0.8108371061414653,0.2725736772982527,1.8790723620767835,0.3612727241674365,1.0,0.0,0.0,0.0,1.0,0.0,0
-0.1462779790498778,-0.3724267809180102,1.036742711917234,0.662776864716173,-0.8289256162235272,-0.7218398305181921,1.2657102451381645,0.0,0.0,1.0,0.0,0.0,1.0,0
1.3797855089932516,-0.5436012282224514,0.9134555377069945,0.011311802444891415,-0.9490891755168124,-1.372067878666936,-0.38835116708758227,1.0,0.0,0.0,1.0,0.0,0.0,0
-1.7356096093494262,2.1179236850736904,1.463506007260372,0.8256431302839942,-1.3095798533966676,-0.07161178236944823,1.326820888446998,0.0,0.0,1.0,0.0,0.0,1.0,0
-0.20371288833230078,0.044810934386566414,-0.935852075446602,-0.2107785596930463,-0.6687075371658138,-0.7218398305181921,-0.7278547410255435,0.0,1.0,0.0,0.0,1.0,0.0,0
0.2692276927901509,-0.021756906231827744,-1.2772627117211124,0.48510457500582316,-1.12933451445674,1.2288443139280396,1.2385499592231273,0.0,0.0,1.0,1.0,0.0,0.0,0
0.3858923522700726,-0.11447639852173366,-0.5754741816012859,1.1365696372771061,-0.688734797048028,3.829756506523015,0.4060871959272471,1.0,0.0,0.0,0.0,0.0,1.0,0
-2.2372676451130893,-1.0702003959715316,-1.049655620871439,-0.43286892183098397,-0.9290619156345982,-0.07161178236944823,-0.7183486409552805,0.0,1.0,0.0,0.0,0.0,1.0,0
-2.04836063880137,0.6986022261743636,-0.23406354532677592,0.3962684301506489,0.052273818593896716,-1.372067878666936,0.5418886255024316,0.0,1.0,0.0,1.0,0.0,0.0,0
-0.42537574134415196,0.7057344948120472,1.0082918255610247,0.011311802444891415,-1.1693890342211684,-1.372067878666936,-0.08551397913492131,0.0,1.0,0.0,0.0,1.0,0.0,0
0.5034544322075322,0.2552128591982752,1.0746772270588465,-1.3212303703827322,0.21249189765161017,-0.07161178236944823,0.9425028427492252,0.0,1.0,0.0,0.0,1.0,0.0,0
-0.520951020071934,0.9803268373629223,1.349702461835535,0.29262626115294443,-0.5285167179903145,-1.372067878666936,0.3802849243079614,0.0,1.0,0.0,0.0,0.0,1.0,0
-0.18082866666508537,-1.4886268227157222,-0.07284185597492401,0.9588973475667563,-1.3095798533966676,-0.7218398305181921,2.003112007731416,0.0,0.0,1.0,0.0,0.0,1.0,0
0.5429409323391979,1.580626114368081,1.9566547041013307,1.284629878702397,-0.5685712377547429,-0.7218398305181921,0.225471294592252,0.0,1.0,0.0,0.0,0.0,1.0,0
0.7493476375729056,-1.5326091459814464,-1.1824264238670819,-0.41806289768845384,-0.6086257575191713,-0.07161178236944823,-0.9560011427118533,1.0,0.0,0.0,0.0,0.0,1.0,0
-0.7650493845222316,-1.2889233008605405,0.5246267575054689,1.6103624098380391,-0.9490891755168124,-0.7218398305181921,0.99003334310054,0.0,0.0,1.0,0.0,0.0,1.0,0
1.2927357246120792,0.7057344948120472,-0.101292742331133,-0.12194241483787067,0.6530916150603221,2.5293004102255274,-1.2357520876367336,0.0,1.0,0.0,1.0,0.0,0.0,0
-2.233677963282938,-0.7753999589472161,0.6953320756427238,0.07053589901500805,-0.6286530174013855,-0.7218398305181921,-1.1705674014406446,0.0,1.0,0.0,0.0,0.0,1.0,0
-0.01974169453703968,-1.2330538631986743,1.1410626285566672,-0.1811665114079873,-1.1093072545745257,-0.7218398305181921,2.634588655256025,0.0,0.0,1.0,0.0,1.0,0.0,0
0.3872384829563794,0.6688844401840092,-0.17716177261435753,-1.4692906118080231,-0.4484076784614578,-0.7218398305181921,1.5821275760483442,1.0,0.0,0.0,0.0,0.0,1.0,0
0.2019211584748115,-0.05860696085986749,-0.6134086967428982,-0.6549592839689203,0.3927372365915378,2.5293004102255274,0.8094174417655449,0.0,1.0,0.0,1.0,0.0,0.0,0
-1.3896540229685814,-0.01819077191298508,-0.5565069240304797,1.358659999415044,0.5529553156492513,0.5786162657792957,-0.41415343870686705,1.0,0.0,0.0,0.0,0.0,1.0,0
-2.2372676451130893,-1.0892197790053588,-1.078106507227648,-0.4920930184010993,-0.9490891755168124,-0.07161178236944823,-0.7156326123637764,0.0,1.0,0.0,0.0,0.0,1.0,0
1.7800350330551367,0.2944403367055428,1.3686697194063409,-0.7734074771091536,-0.6086257575191713,0.5786162657792957,-1.5901938188279652,0.0,1.0,0.0,0.0,0.0,1.0,0
-0.367940832061729,-1.2627716491890288,-0.9927538481590205,-0.34403277697580836,-1.1894162941033826,1.2288443139280396,0.41966733888476576,1.0,0.0,0.0,0.0,0.0,1.0,0
-0.794664259620981,2.087017187643721,-1.3341644844335303,-1.1139460323873247,-0.248135079639316,-0.07161178236944823,0.5242344396576573,0.0,1.0,0.0,1.0,0.0,0.0,0
-0.6555640887026128,-0.9358760032951302,-0.43321974982024014,-1.4692906118080231,-1.2094435539855968,-1.372067878666936,0.07065766487654161,0.0,1.0,0.0,1.0,0.0,0.0,0
-0.6524231171012304,-0.16796841330437196,-0.9548193330174082,0.6331648164311154,0.2525464174160385,1.2288443139280396,1.326820888446998,0.0,1.0,0.0,0.0,0.0,1.0,0
1.1567765252950934,0.26234512783596053,0.8375865074237699,-0.13674843898040082,1.2739366714089617,-1.372067878666936,1.3105247168979752,1.0,0.0,0.0,0.0,1.0,0.0,1
0.16781918108837285,-1.2449409775948164,-0.26251443168298494,0.3222383094380034,0.3927372365915378,-0.7218398305181921,0.1453484511428927,0.0,1.0,0.0,0.0,0.0,1.0,0
-0.27460910447779163,-0.8110613021356411,0.031478060664509935,-0.5217050666861582,0.9334732534113207,1.2288443139280396,2.993104429334512,0.0,0.0,1.0,0.0,0.0,1.0,0
0.6708233475383428,1.1800303592181047,-0.7366958709531378,0.6183587922885866,-0.248135079639316,1.2288443139280396,-0.2104512943440903,1.0,0.0,0.0,0.0,0.0,1.0,0
0.8359487117253089,-0.1941200649758837,-0.6987613558115255,2.6467840998150782,-0.6286530174013855,-0.07161178236944823,-0.7536570126448282,1.0,0.0,0.0,1.0,0.0,0.0,0
1.53548795837607,0.3360452370920383,0.6004957877886935,-1.0843339841022657,4.217943874094447,-1.372067878666936,1.252130102180646,0.0,0.0,1.0,0.0,1.0,0.0,1
1.7517662886426941,-0.2381023882416088,-1.391066257145949,-0.5957351873988037,1.2539094115267475,1.8790723620767835,0.23497739466251494,1.0,0.0,0.0,0.0,0.0,1.0,0
-0.12743214944158276,2.822829568764896,-0.29096531803919434,-1.8838592877988396,0.633064355178108,-0.07161178236944823,1.3404010314045158,0.0,1.0,0.0,0.0,0.0,1.0,1
-0.4594777187305906,0.42044374930464584,-0.755663128523944,1.284629878702397,1.4942365301133178,-0.07161178236944823,-0.16156277969702398,1.0,0.0,0.0,1.0,0.0,0.0,0
1.6772803906670517,0.42995344082155906,0.7996519922821577,0.5147166232908821,-0.16802604011045927,1.8790723620767835,-0.3136603808212312,1.0,0.0,0.0,0.0,0.0,1.0,0
-0.8359456006677225,-0.11804253284057632,-0.29096531803919434,-0.24039060797810394,1.7946454283465305,-0.7218398305181921,-0.9994576001759125,0.0,1.0,0.0,0.0,0.0,1.0,0
-1.1298508005113712,0.43946313233847223,0.24960152272878025,0.38146240600812004,1.0536368127046059,-1.372067878666936,1.0008974574665546,0.0,0.0,1.0,1.0,0.0,0.0,0
-0.176790274606165,0.24808059056058987,2.0609746207407644,-0.43286892183098397,2.095054326579743,1.8790723620767835,1.3105247168979752,0.0,0.0,1.0,0.0,1.0,0.0,0
-1.8343258596785907,0.4240098836234885,1.8428511586764937,0.5443286715759398,0.8133096941180356,-0.7218398305181921,0.6559618263455861,0.0,0.0,1.0,1.0,0.0,0.0,0
0.281342868966912,1.788650616300562,0.7617174771405454,1.1661816855621638,0.4528190162381803,-0.7218398305181921,-1.1243949153850823,1.0,0.0,0.0,0.0,0.0,1.0,0
-0.5496684747131454,0.08047227757499138,0.30650329544119825,1.6991985546932133,-0.6086257575191713,-0.07161178236944823,-0.06106972181138815,0.0,0.0,1.0,0.0,1.0,0.0,0
0.05878259549752299,0.2052869787344796,1.4824732648311776,-0.891855670249387,1.954863507404244,-1.372067878666936,0.9004043995809187,0.0,0.0,1.0,0.0,0.0,1.0,0
0.06685937961536371,1.4736420848028062,0.7996519922821577,-1.336036394525261,0.012219298829468357,1.2288443139280396,0.019053121637971158,0.0,0.0,1.0,1.0,0.0,0.0,0
1.892212590247369,-0.5008076163963411,0.36340506815361706,-0.3144207286907507,0.35268271682710944,1.2288443139280396,2.228542380826223,0.0,0.0,1.0,0.0,0.0,1.0,0
0.5514664266858076,1.8088587107740033,0.9134555377069945,0.5147166232908821,-0.9490891755168124,-0.7218398305181921,-0.5811891970843445,0.0,0.0,1.0,0.0,0.0,1.0,0
1.490168225270408,1.2620514485514827,-0.006456454477102331,0.9440913234242274,-0.22810781975710182,1.2288443139280396,-0.844643970460202,1.0,0.0,0.0,0.0,1.0,0.0,0
1.229916292584429,-0.47822209904367197,1.4824732648311776,1.314241926987456,-1.12933451445674,-0.07161178236944823,1.3634872744322972,0.0,0.0,1.0,1.0,0.0,0.0,0
0.38948203410022403,0.47155834120805457,-0.43321974982024014,-0.9362737426769747,1.414127490584461,-0.07161178236944823,-2.011178250511037,0.0,1.0,0.0,1.0,0.0,0.0,0
0.32890615321641853,-0.9869905951985397,1.150546257342071,1.1365696372771061,1.534291049877746,-1.372067878666936,0.050287450440263164,0.0,1.0,0.0,0.0,0.0,1.0,0
1.5063217935060895,0.8055862557396385,-0.7746303860947501,-0.9066616943919157,-1.2695253336322392,1.2288443139280396,0.47670393930634253,1.0,0.0,0.0,0.0,0.0,1.0,0
-0.08974049022499268,0.39072596331429144,-0.7841140148801534,2.7060081963851963,-0.9891436952812407,0.5786162657792957,-1.5372312612936432,1.0,0.0,0.0,0.0,0.0,1.0,0
-1.742788973009729,0.926834822580284,-1.2962299692919181,2.054543134113913,-0.40835315869702943,0.5786162657792957,0.2023850515644704,1.0,0.0,0.0,1.0,0.0,0.0,0
-2.2372676451130893,0.2171740931306207,-1.1824264238670819,-0.28480868040569174,-0.9891436952812407,-1.372067878666936,-0.8894584422200127,0.0,0.0,1.0,0.0,1.0,0.0,0
-0.7798568220716063,0.9648735886479385,0.9419064240632031,-0.891855670249387,0.47284627612039454,-0.7218398305181921,-0.5757571399013373,1.0,0.0,0.0,1.0,0.0,0.0,0
-0.5940907873612694,0.3942920976331341,0.20218337880176512,-0.47728699425857046,1.293963931291176,-0.07161178236944823,0.7252205554289308,1.0,0.0,0.0,0.0,0.0,1.0,0
-0.14941895065126032,-0.46039142744945866,0.2306342651579737,-0.6549592839689203,0.6130370952958938,-0.7218398305181921,0.8039853845825377,1.0,0.0,0.0,0.0,0.0,1.0,0
0.6403110519820556,-0.6529626806669558,-0.29096531803919434,0.7071949371437608,-1.4097161528077384,-0.07161178236944823,0.8718860993701298,1.0,0.0,0.0,0.0,0.0,1.0,1
-0.7865874755031402,0.14466269531415596,0.4961758711492596,0.44068650257823666,-1.4097161528077384,-0.07161178236944823,-0.7197066552510321,0.0,1.0,0.0,0.0,0.0,1.0,0
-0.08300983679345875,-0.03245530918835574,-0.2435471741121788,-0.19597253555051744,0.032246558711682534,1.8790723620767835,-1.6282182191090169,1.0,0.0,0.0,0.0,1.0,0.0,0
-0.7677416458948452,-0.45088173593254544,0.5530776438616783,1.6103624098380391,-0.36829863893260106,-0.07161178236944823,0.9248486569044518,1.0,0.0,0.0,0.0,0.0,1.0,0
1.4291436341578336,-1.2770361864643986,-1.5522879464978008,-0.28480868040569174,-0.468434938343672,-1.372067878666936,-0.49835032504348203,1.0,0.0,0.0,0.0,0.0,1.0,0
-1.3017068181298712,1.3904322840298136,-0.09180911354573014,-1.2323942255275566,-0.1279715203460309,-1.372067878666936,0.6939862266266379,1.0,0.0,0.0,0.0,0.0,1.0,0
1.0302402407822553,1.9574476407257753,-0.36683434832241846,-0.5513171149712159,-0.468434938343672,0.5786162657792957,1.7328671628767989,0.0,1.0,0.0,1.0,0.0,0.0,0
-0.17948253597877858,-0.27019759711119107,0.6004957877886935,-2.446488205214947,-1.12933451445674,0.5786162657792957,-0.37748705272156774,0.0,1.0,0.0,0.0,0.0,1.0,0
0.7242198647618454,0.9351558026575841,-0.2814816892537911,0.35185035772306106,0.633064355178108,-0.7218398305181921,0.6233694832475425,0.0,1.0,0.0,0.0,0.0,1.0,0
-1.425102131041327,-0.43661719865717646,-0.3099325756100005,1.8768708444035633,0.0723010784761109,-0.07161178236944823,-0.25933980899115666,0.0,1.0,0.0,0.0,0.0,1.0,0
0.70133564309463,-0.2880282687054044,-1.8842149539869077,0.3222383094380034,-1.1894162941033826,0.5786162657792957,-2.252904795154865,0.0,1.0,0.0,0.0,0.0,1.0,0
0.4262762728592763,-0.2155168708889397,-1.8367968100598928,-0.5365110908286871,0.21249189765161017,-0.07161178236944823,-2.6182106407121117,1.0,0.0,0.0,0.0,0.0,1.0,0
0.7758215410702723,1.7922167506194047,0.15476523487474916,-1.1287520565298534,-0.6486802772835996,0.5786162657792957,0.7483067984567114,0.0,0.0,1.0,0.0,0.0,1.0,0
1.2568389063105647,2.306928803972345,2.4972215448693054,-0.10713639069534185,0.9535005132935349,1.2288443139280396,1.3186728026724868,0.0,0.0,1.0,0.0,0.0,1.0,1
0.6474904156423585,-0.39738972114990717,0.09786346216233119,-0.3884508494033962,-0.5485439778725287,1.2288443139280396,-0.08415596483916878,1.0,0.0,0.0,0.0,0.0,1.0,0
0.007629629417865021,0.8483798675657488,0.031478060664509935,1.0921515648495184,-0.6687075371658138,-0.7218398305181921,-0.6518059404634399,0.0,0.0,1.0,1.0,0.0,0.0,0
0.07762842510581802,0.2647225507151884,0.3254705530120048,0.4702985508632943,-0.40835315869702943,-0.7218398305181921,0.23226136607101083,1.0,0.0,0.0,1.0,0.0,0.0,1
0.612491017798382,-0.5804512828504911,-0.6703104694553166,0.8404491544265229,0.6931461348247505,-0.7218398305181921,-0.14798263673950532,1.0,0.0,0.0,0.0,1.0,0.0,0
-1.1024794765564665,0.2861193566282444,-1.4669352874291732,-1.6173508532333154,-1.1894162941033826,-0.7218398305181921,-1.0836544865125264,1.0,0.0,0.0,0.0,1.0,0.0,0
-1.366769801301366,-0.33557672628997043,0.05044531823531607,-0.5365110908286871,-1.4097161528077384,-0.7218398305181921,0.036707307482745484,1.0,0.0,0.0,0.0,0.0,1.0,0
-0.7843439243592956,0.22192893888907814,-1.9411167266993263,-0.10713639069534185,-1.349634373161096,-0.07161178236944823,-1.5861197759407095,1.0,0.0,0.0,1.0,0.0,0.0,0
-0.6838328331150554,0.18032403850258263,0.5056594999346624,0.6479708405736442,1.0536368127046059,-0.07161178236944823,0.9397868141577221,1.0,0.0,0.0,0.0,1.0,0.0,0
-0.7475496856002434,-0.8835726999521059,0.46772498479305014,0.8404491544265229,-0.3282441191681727,-0.07161178236944823,0.3653467670546912,1.0,0.0,0.0,0.0,1.0,0.0,0
-1.0091477489725293,1.7090069498464138,0.42030684086603504,0.3666563818655899,-0.8689801359879556,1.2288443139280396,0.843367799159341,0.0,0.0,1.0,1.0,0.0,0.0,0
0.0771797148770491,0.7390184151212443,-0.1581945150435514,1.6399744581230968,-0.8489528761057414,-0.07161178236944823,1.1543530728865132,0.0,0.0,1.0,0.0,0.0,1.0,0
-0.5864627134721977,-1.2746587635851707,1.0841608558442493,0.48510457500582316,-0.8689801359879556,-1.372067878666936,-0.15748873680976827,0.0,0.0,1.0,1.0,0.0,0.0,0
-1.0953001128961637,-0.6327545861935147,1.8144002723202843,0.973703371709285,3.2966899195125943,-1.372067878666936,3.090881458628645,0.0,0.0,1.0,0.0,0.0,1.0,1
-0.8915856690350697,0.1410965609953133,0.4297904696514379,0.4702985508632943,-1.3896888929255242,-0.07161178236944823,-0.6830402692657328,0.0,1.0,0.0,0.0,0.0,1.0,0
1.1868401106226119,0.4133114806669605,-0.29096531803919434,-0.9214677185344445,-0.688734797048028,-1.372067878666936,-0.9750133428523793,1.0,0.0,0.0,0.0,0.0,1.0,0
-0.02961331956995613,-1.2045247886479338,0.7237829619989332,1.8176467478334468,0.7932824342358215,-0.7218398305181921,0.9723791572557666,0.0,1.0,0.0,1.0,0.0,0.0,0
-0.4029402299057055,-1.523099454464533,0.11683071973313733,-0.8030195253942126,-0.909034655752384,-0.7218398305181921,-1.818340220514275,1.0,0.0,0.0,0.0,1.0,0.0,0
-1.4264482617276337,1.4142065128220975,-0.006456454477102331,-2.653772543210356,-1.029198215045669,-1.372067878666936,1.1285508012672285,1.0,0.0,0.0,0.0,0.0,1.0,0
1.9577242836476327,-0.8681194512371221,-1.1255246511546633,0.011311802444891415,-0.7287893168124563,0.5786162657792957,-0.7346448125043024,1.0,0.0,0.0,1.0,0.0,0.0,0
0.25980477798600343,0.4525389581742281,1.510924151187387,-1.2175882013850277,-1.469797932454381,-1.372067878666936,0.6070733116985197,0.0,1.0,0.0,0.0,0.0,1.0,0
0.06237227732767442,0.3277242570147399,2.2790980828050342,-0.714183380539037,1.3340184510556043,-1.372067878666936,-0.052921636036876774,0.0,1.0,0.0,0.0,0.0,1.0,0
0.9068449278707997,-0.15013774171015862,-1.0306883633006327,0.011311802444891415,0.23251915753382435,-0.7218398305181921,-2.261052880929376,0.0,1.0,0.0,0.0,0.0,1.0,0
0.2638431700449238,-1.2794136093436272,0.7712011059259483,-2.74260868806553,-1.4097161528077384,0.5786162657792957,1.5332390614012779,0.0,1.0,0.0,0.0,0.0,1.0,0
-1.1397224255442877,-0.8645533169182794,-1.4100335147167549,-0.5661231391137461,0.47284627612039454,0.5786162657792957,-0.3516847811022821,1.0,0.0,0.0,0.0,1.0,0.0,1
-0.7663955152085384,-2.619091401788804,-0.5280560376742708,-2.0171135050816016,0.032246558711682534,-1.372067878666936,-0.39378322427058954,1.0,0.0,0.0,0.0,0.0,1.0,0
0.17051144246098643,0.025791551352738307,0.581528530217887,0.7220009612862897,-0.7488165766946705,0.5786162657792957,-1.156987258483126,1.0,0.0,0.0,1.0,0.0,0.0,0
1.6588832712875257,-0.11447639852173366,-0.4996051513180614,-0.8178255495367415,-0.6086257575191713,1.2288443139280396,-1.4788366465763139,0.0,1.0,0.0,0.0,0.0,1.0,0
-0.507938423437635,-0.8491000682032948,-0.07284185597492401,-1.4692906118080231,-0.9290619156345982,-0.7218398305181921,0.1222622081151111,0.0,1.0,0.0,0.0,0.0,1.0,0
-0.22569968954197833,1.9883541381557446,0.9893245679902191,1.595556385695509,-0.688734797048028,-0.7218398305181921,0.8270716276103192,0.0,0.0,1.0,1.0,0.0,0.0,0
-0.11038116074836345,0.47036962976844143,1.30228431790852,0.10014794730006571,-1.349634373161096,-1.372067878666936,-1.1841475443981633,0.0,1.0,0.0,1.0,0.0,0.0,0
-0.05563851283855404,1.050460812300159,-0.3858016058932246,0.4999105991483533,-0.7688438365768847,-0.7218398305181921,0.24719952332428105,0.0,1.0,0.0,1.0,0.0,0.0,0
-0.4801183892539614,-0.5519222082997515,-1.0970737647984539,0.7960310819989351,-0.468434938343672,-0.7218398305181921,1.0497859721136218,1.0,0.0,0.0,0.0,1.0,0.0,0
-1.417474057152255,-0.5649980341355073,-1.0306883633006327,1.1957937338472227,2.7759811625750257,0.5786162657792957,0.20917512304322924,1.0,0.0,0.0,0.0,0.0,1.0,0
0.5752480688105609,0.21836280457023546,0.5246267575054689,1.6843925305506846,1.1537731121156767,1.2288443139280396,1.6581763766104478,1.0,0.0,0.0,0.0,0.0,1.0,0
-1.7643270639906377,-1.0511810129377053,1.0936444846296522,0.011311802444891415,-0.7287893168124563,-1.372067878666936,-2.597840426275834,1.0,0.0,0.0,0.0,0.0,1.0,0
-1.4430505401920841,-0.013435926154529319,-1.571255204068607,2.6319780756725493,-0.40835315869702943,-0.07161178236944823,-0.4576098961709261,1.0,0.0,0.0,0.0,0.0,1.0,0
1.1379306956867985,1.0932544241262694,1.036742711917234,0.6331648164311154,0.33265545694489523,-0.7218398305181921,-0.6097074972951333,0.0,1.0,0.0,1.0,0.0,0.0,0
1.828047027533412,0.6427327885124974,-0.006456454477102331,-0.7882135012516824,0.9134459935291065,-0.07161178236944823,-1.2561223020730112,0.0,1.0,0.0,0.0,0.0,1.0,0
-0.9710073795271703,0.11019006356534579,-1.3720989995751427,0.011311802444891415,-0.16802604011045927,-0.7218398305181921,-1.0211858289079414,0.0,1.0,0.0,0.0,1.0,0.0,0
-0.43928575843598877,0.23738218760406188,0.4961758711492596,2.2914395203943796,-0.7087620569302422,-0.7218398305181921,-0.6029174258163735,0.0,0.0,1.0,0.0,0.0,1.0,0
0.40025107959067835,0.5393148932660635,0.4866922423638567,-0.4920930184010993,1.6144000894066028,-1.372067878666936,0.8841082280318959,0.0,1.0,0.0,0.0,0.0,1.0,0
0.021539646509701835,-1.0856536446865162,-0.8410157875925713,-0.3144207286907507,-0.4484076784614578,-0.7218398305181921,-0.1914390942035644,0.0,0.0,1.0,1.0,0.0,0.0,0
1.802919254722352,1.4260936272182385,1.52040777997279,-1.513708684235611,0.15241011800496762,2.5293004102255274,-0.6436578546889294,1.0,0.0,0.0,0.0,0.0,1.0,1
0.6111448871120753,0.1933998643383385,0.5151431287200662,1.6547804822656256,1.1537731121156767,1.2288443139280396,1.6690404909764625,1.0,0.0,0.0,0.0,0.0,1.0,0
-2.2372676451130893,-1.319829798290509,-0.4616706361764491,-0.9510797668195036,-1.2094435539855968,-0.7218398305181921,0.5052222395171314,1.0,0.0,0.0,0.0,0.0,1.0,0
0.013014152163092174,-0.7397386157587912,0.003027174308300525,0.7220009612862897,-0.248135079639316,-0.07161178236944823,-0.47119003912844476,1.0,0.0,0.0,0.0,0.0,1.0,0
1.0082534395725777,0.9862703945609929,0.1263143485185406,-0.03310626998269639,-0.7888710964590989,-1.372067878666936,-0.20366122286533148,0.0,1.0,0.0,1.0,0.0,0.0,0
0.5380051198227397,0.6142037139617561,-0.006456454477102331,0.21859614044029896,1.5743455696421744,1.2288443139280396,2.413232325048473,0.0,1.0,0.0,0.0,0.0,1.0,0
0.8449229163006875,-1.0250293612661934,0.5246267575054689,-0.3144207286907507,0.5329280557670371,0.5786162657792957,-0.844643970460202,0.0,1.0,0.0,0.0,0.0,1.0,0
-0.09333017205514411,-1.9807533587159913,-1.2298445677940968,0.7664190337138775,3.136471840454881,-0.7218398305181921,0.9750951858472697,1.0,0.0,0.0,0.0,1.0,0.0,0
0.9032552460406483,-0.24761207975852198,-0.8884339315195869,-1.8246351912287229,-1.6099887516298803,0.5786162657792957,-0.2715619376529237,1.0,0.0,0.0,0.0,1.0,0.0,0
0.6730668986821875,-0.05385211510141173,-0.03490734083331174,0.026117826587420245,1.093691332469034,0.5786162657792957,0.3517666240971735,0.0,0.0,1.0,1.0,0.0,0.0,1
-1.2263234996966912,0.4347082865800165,-1.078106507227648,0.011311802444891415,0.33265545694489523,-0.07161178236944823,0.5052222395171314,1.0,0.0,0.0,1.0,0.0,0.0,0
1.453373986511356,1.2679950057495533,-0.006456454477102331,0.8848672268541108,-0.20808055987488763,1.2288443139280396,-0.8120516273621575,1.0,0.0,0.0,0.0,1.0,0.0,0
-1.0468394081891192,0.7342635693627886,1.9092365601743155,0.15937204387018233,1.4742092702311036,-0.07161178236944823,-0.5227945823670151,1.0,0.0,0.0,1.0,0.0,0.0,0
0.2840351303395256,-1.3590572757977766,-0.19612903018516367,1.8472587961185043,-0.8289256162235272,0.5786162657792957,-0.21995739441435325,1.0,0.0,0.0,0.0,0.0,1.0,0
0.21672859602418618,1.9788444466388313,2.1652945373801975,1.4326901201276894,-1.0492254749278833,-1.372067878666936,-0.8147676559536616,0.0,0.0,1.0,1.0,0.0,0.0,0
-0.7260115946193347,-2.2327601839141966,0.7617174771405454,-1.202782177242499,1.193827631880105,-1.372067878666936,0.5337405397279202,1.0,0.0,0.0,0.0,0.0,1.0,0
-1.889965928045938,0.9197025539426004,-1.0117211057298265,1.358659999415044,1.9148089876398156,0.5786162657792957,-1.8631546922740856,1.0,0.0,0.0,0.0,0.0,1.0,0
-0.38274826961110364,-0.045531135024111616,1.7385312420370607,-0.7289894046815658,-0.18805329999267345,-0.7218398305181921,0.5446046540939348,0.0,0.0,1.0,0.0,0.0,1.0,0
0.6196703814586849,-1.4517767680876823,0.11683071973313733,0.8996732509966395,-1.1093072545745257,-0.07161178236944823,0.37892691001220985,0.0,1.0,0.0,0.0,0.0,1.0,0
1.4237591114126065,-0.40808812410643514,1.6816294693246419,3.2390250655162447,-1.029198215045669,-0.07161178236944823,-0.8677302134879836,1.0,0.0,0.0,0.0,0.0,1.0,0
-0.9750457715860906,-0.24998950263774986,-0.2814816892537911,0.0557298748724779,1.0736640725868198,0.5786162657792957,0.571764940008972,0.0,1.0,0.0,0.0,0.0,1.0,0
0.03141127154261829,-0.869308162676736,0.7901683634967549,-0.09233036655281301,0.8934187336468923,-0.07161178236944823,-0.601559411520622,1.0,0.0,0.0,0.0,0.0,1.0,0
1.3910032647124748,0.3241581226958973,-0.06335822718952074,-0.3588388011183372,-0.9691164353990265,0.5786162657792957,0.5215184110661542,1.0,0.0,0.0,1.0,0.0,0.0,0
0.20551084030496294,0.4382744208988575,1.036742711917234,1.284629878702397,-1.469797932454381,-0.7218398305181921,-1.5589594900256722,1.0,0.0,0.0,0.0,0.0,1.0,0
0.10275619791687808,0.6403553656332679,0.8755210225653822,0.17417806801271116,-1.12933451445674,0.5786162657792957,0.6043572831070165,1.0,0.0,0.0,0.0,0.0,1.0,0
-1.6741363080080829,0.5214842216718502,-1.0212047345152298,-0.47728699425857046,0.5329280557670371,-0.07161178236944823,-1.0021736287674166,0.0,1.0,0.0,0.0,1.0,0.0,0
-0.7771645606989928,-0.8990259486670904,0.2970196666557954,0.04092385072994907,-0.28818959940374433,0.5786162657792957,-1.2425421591154926,1.0,0.0,0.0,0.0,0.0,1.0,0
-0.012562330876736806,0.5975617538071576,0.47720861357845384,0.011311802444891415,0.6731188749425363,-0.07161178236944823,0.3327544239566476,0.0,1.0,0.0,0.0,0.0,1.0,0
0.2530741245544695,0.10186908348804569,-1.4669352874291732,0.1297599955851247,0.6530916150603221,-0.07161178236944823,0.13312632248112657,1.0,0.0,0.0,0.0,0.0,1.0,0
-0.3836456900686415,-1.4826832655176516,-0.5659905528158831,0.8700612027115819,0.052273818593896716,-0.7218398305181921,0.8229975847230635,0.0,1.0,0.0,0.0,0.0,1.0,0
-1.2222851076377708,1.2501643341553417,0.7806847347113511,-0.5068990425436295,-0.8289256162235272,-0.7218398305181921,-0.3571168382852903,0.0,0.0,1.0,1.0,0.0,0.0,0
0.46576277299094204,2.2510593663104768,0.5056594999346624,-0.34403277697580836,-0.7688438365768847,-0.7218398305181921,-0.685756297857236,0.0,1.0,0.0,1.0,0.0,0.0,0
0.99479213270951,-0.18579908489858526,0.47720861357845384,-2.1503677223643636,0.15241011800496762,-0.7218398305181921,0.07608972205954886,0.0,1.0,0.0,0.0,0.0,1.0,0
1.9577242836476327,1.3464499607640885,0.6289466741449021,-1.2472002496700867,1.1137185923512483,-1.372067878666936,0.4183093245890132,0.0,0.0,1.0,1.0,0.0,0.0,0
0.5030057219787633,0.14466269531415596,0.04096168944991279,1.2254057821322804,2.435517744577384,-0.7218398305181921,0.2648537091690554,1.0,0.0,0.0,1.0,0.0,0.0,0
-0.3194801273546846,1.5996454974019092,-0.26251443168298494,0.17417806801271116,-0.7888710964590989,1.2288443139280396,2.8926113714488744,0.0,0.0,1.0,0.0,1.0,0.0,0
-1.870671388208874,0.9672510115271664,-1.0022374769444238,1.3290479511299849,1.8947817277576013,0.5786162657792957,-1.868586749457093,1.0,0.0,0.0,0.0,0.0,1.0,0
0.11173040249225667,1.0873108669281988,0.9419064240632031,-0.07752434241028419,1.4341547504666752,-1.372067878666936,-1.4448862891825176,1.0,0.0,0.0,1.0,0.0,0.0,0
0.30557322132043424,1.112273807160096,-0.8220485300217653,-1.7357990463735486,0.0723010784761109,0.5786162657792957,-0.06378575040289129,0.0,1.0,0.0,1.0,0.0,0.0,0
-0.47518257673750314,0.9767607030440796,-0.44270337860564296,0.6775828888587019,-1.1894162941033826,-0.07161178236944823,-1.1339010154553453,0.0,1.0,0.0,1.0,0.0,0.0,0
-2.2372676451130893,-1.6728770958559191,-1.0306883633006327,-0.15155446312292964,2.936199241632739,-0.7218398305181921,-0.6436578546889294,1.0,0.0,0.0,0.0,0.0,1.0,1
0.20999794259265223,-0.2761411543092616,-0.8694666739487807,0.6331648164311154,-1.12933451445674,-0.7218398305181921,0.3857169814909696,1.0,0.0,0.0,0.0,0.0,1.0,0
-0.9956864421094613,-0.08951345828983669,-0.7746303860947501,-0.2551966321206341,-0.588598497636957,1.2288443139280396,-0.4684740105369416,1.0,0.0,0.0,1.0,0.0,0.0,0
-1.5781123190515318,-1.1843166941744927,2.070458249526167,0.3222383094380034,-0.04786248081717419,-0.7218398305181921,-0.13576050807773923,0.0,0.0,1.0,1.0,0.0,0.0,0
-0.3701843832055736,-0.9323098689762875,-1.400549885931352,-0.3884508494033962,-1.2695253336322392,-0.07161178236944823,-0.27427796624442685,0.0,1.0,0.0,1.0,0.0,0.0,0
-1.7849677345140085,-1.2675264949474854,-1.903182211557714,-0.7734074771091536,0.6130370952958938,0.5786162657792957,1.576695518865337,0.0,1.0,0.0,0.0,1.0,0.0,0
-0.5236432814445475,0.0020173225604561253,0.7142993332135303,0.026117826587420245,1.0135822929401774,0.5786162657792957,0.08423780783405928,1.0,0.0,0.0,0.0,0.0,1.0,0
-1.539074529148635,0.5095971072757091,0.6668811892865143,0.6775828888587019,3.937562235743448,-0.07161178236944823,0.24719952332428105,1.0,0.0,0.0,0.0,0.0,1.0,0
-0.48774646314303316,-0.6648497950630977,-0.8884339315195869,-0.9066616943919157,1.6744818690532455,-1.372067878666936,0.1833728514239445,1.0,0.0,0.0,0.0,0.0,1.0,0
0.09288457288396162,-0.5531109197393645,0.30650329544119825,-0.8474375978217991,-0.7087620569302422,-0.7218398305181921,0.09645993649582635,0.0,0.0,1.0,0.0,0.0,1.0,0
-0.4487086732401363,-0.6398868548311999,-0.3478670907516123,0.1445660197276535,0.973527773175749,1.2288443139280396,0.6641099121200974,1.0,0.0,0.0,0.0,0.0,1.0,0
0.33743164756302824,-0.7516257301549323,0.8755210225653822,-0.5661231391137461,1.093691332469034,-0.07161178236944823,-1.724637234107398,0.0,1.0,0.0,0.0,0.0,1.0,1
1.6979210611904225,0.696224803295134,0.1832161212309586,1.5363322891253923,-0.40835315869702943,-1.372067878666936,1.9908898790696503,0.0,0.0,1.0,0.0,0.0,1.0,0
0.6914640180617136,1.9657686208030756,0.9419064240632031,-0.19597253555051744,-1.2895525935144534,-0.7218398305181921,-0.7835333271513687,1.0,0.0,0.0,0.0,0.0,1.0,0
-0.20416159856106972,1.0789898868508987,-1.0306883633006327,0.8700612027115819,-0.9891436952812407,0.5786162657792957,-1.3185909596775962,1.0,0.0,0.0,0.0,0.0,1.0,0
0.03410353291523186,-0.8312693966090823,0.05992894702071892,0.5443286715759398,0.4528190162381803,-0.7218398305181921,-0.6871143121529886,1.0,0.0,0.0,0.0,0.0,1.0,0
-0.6115904862832577,-0.9323098689762875,-1.0117211057298265,-0.6549592839689203,0.3126281970626811,-0.07161178236944823,-0.370696981242808,1.0,0.0,0.0,0.0,1.0,0.0,0
1.6270248450449316,-0.7349837700003338,1.729047613251657,-0.2107785596930463,0.21249189765161017,0.5786162657792957,2.447182682442269,0.0,0.0,1.0,0.0,0.0,1.0,0
0.7978083422799499,0.08166098901460447,1.1126117422004587,-1.54332073252067,-1.469797932454381,-1.372067878666936,1.3607712458407941,1.0,0.0,0.0,1.0,0.0,0.0,0
-1.0701723400851038,0.245703167681362,0.11683071973313733,-0.8622436219643279,-0.9691164353990265,-0.7218398305181921,1.7002748197787554,1.0,0.0,0.0,0.0,0.0,1.0,0
-1.1213253061647617,-1.0892197790053588,-0.2814816892537911,-0.9214677185344445,1.2539094115267475,-0.7218398305181921,-1.0592102291889933,0.0,1.0,0.0,0.0,0.0,1.0,0
2.1300290114949014,1.4534339903293652,1.197964401269086,-0.19597253555051744,-0.8289256162235272,-1.372067878666936,-0.8704462420794868,0.0,1.0,0.0,1.0,0.0,0.0,0
-2.2166269745897185,0.602316599565615,-0.22457991654137266,-1.54332073252067,-0.20808055987488763,-1.372067878666936,-1.075506400738016,0.0,1.0,0.0,0.0,0.0,1.0,0
-1.1437608176032081,0.6118262910825282,0.8565537649945757,0.4110744542931777,2.3353814451663135,0.5786162657792957,-0.9220507853180573,1.0,0.0,0.0,0.0,0.0,1.0,1
-0.05788206398239869,-0.14419418451208807,0.268568780299586,1.7880346995483878,-0.8489528761057414,-0.07161178236944823,-0.09773610779668741,1.0,0.0,0.0,0.0,0.0,1.0,0
-0.25172488281057626,0.3657630230823928,-0.6418595830991072,-1.5729327808057274,0.5529553156492513,-0.7218398305181921,-0.6097074972951333,1.0,0.0,0.0,0.0,0.0,1.0,0
1.9438142665557958,1.2632401599910974,0.6384303029303058,-1.2620062738126154,1.1337458522334625,-1.372067878666936,0.3802849243079614,0.0,0.0,1.0,1.0,0.0,0.0,0
-0.8278688165498818,-0.40927683554604993,-0.622892325528301,0.24820818872535794,-0.5685712377547429,0.5786162657792957,-3.20623083077266,1.0,0.0,0.0,1.0,0.0,0.0,0
-1.0966462435824704,-2.7902658490932457,0.6289466741449021,-0.9806918151045612,0.3727099767093236,-1.372067878666936,0.6192954403602868,0.0,1.0,0.0,1.0,0.0,0.0,0
0.35627747717132324,1.5830035372473108,0.22115063637257085,1.4919142166978059,-0.04786248081717419,-0.7218398305181921,0.6695419693031047,1.0,0.0,0.0,1.0,0.0,0.0,0
0.17724209589252038,2.706335847682708,1.4350551209041627,-0.003494221697638729,-0.4484076784614578,-0.7218398305181921,1.6052138190761258,0.0,0.0,1.0,0.0,1.0,0.0,0
-0.6537692477875371,0.501276127198409,2.2127126813072135,-2.4909062776425346,-1.1493617743389541,-0.7218398305181921,1.7559534059045805,1.0,0.0,0.0,0.0,0.0,1.0,0
1.0549193033645465,0.7936991413434974,-0.47115426496185236,-1.2768122979551444,-0.7087620569302422,-0.7218398305181921,1.261636202250909,1.0,0.0,0.0,0.0,1.0,0.0,0
-0.0673049787865462,-0.5768851485316484,-0.5090887801034647,-0.04791229412522521,1.6144000894066028,-1.372067878666936,-0.05563766462837992,1.0,0.0,0.0,0.0,0.0,1.0,0
-2.0209893148464655,0.03530124286965152,0.05044531823531607,0.35185035772306106,0.5930098354136796,-0.7218398305181921,0.1792988085366888,0.0,0.0,1.0,0.0,0.0,1.0,0
-0.48729775291426425,-0.7005111382515227,-0.23406354532677592,2.098961206541501,-1.469797932454381,0.5786162657792957,0.6301595547263014,0.0,0.0,1.0,1.0,0.0,0.0,0
-0.36121017863019506,-0.8407790881259956,-0.025423712047908463,-1.336036394525261,1.3340184510556043,-0.07161178236944823,0.5894191258537463,0.0,0.0,1.0,0.0,0.0,1.0,1
-0.1023043766305227,-0.04909726934295428,0.7901683634967549,0.011311802444891415,0.3727099767093236,-0.7218398305181921,0.37756889571645824,0.0,0.0,1.0,0.0,0.0,1.0,0
-0.31274947392315067,-0.4877317905605852,1.3307352042647287,1.284629878702397,0.35268271682710944,-0.7218398305181921,0.5704069257132205,0.0,0.0,1.0,0.0,0.0,1.0,0
2.6590583712134697,-0.003926234637616109,0.2590851515141831,0.4110744542931777,-0.7287893168124563,-0.07161178236944823,-0.9003225565860282,0.0,1.0,0.0,1.0,0.0,0.0,0
0.8009493138813324,0.3788388489181486,-1.220360939008694,-0.34403277697580836,0.1724373778871818,1.8790723620767835,-1.166493358553389,1.0,0.0,0.0,0.0,1.0,0.0,0
-0.48864388360057104,0.023414128473510428,-2.0644039009095665,-0.9362737426769747,-0.588598497636957,-1.372067878666936,-0.7129165837722733,0.0,1.0,0.0,1.0,0.0,0.0,0
1.1410716672881809,1.0421398322228608,-1.2772627117211124,0.08534192315753687,-0.20808055987488763,-1.372067878666936,-0.6735341691954699,1.0,0.0,0.0,0.0,0.0,1.0,0
-1.240233516788528,1.4736420848028062,-0.755663128523944,0.42588047843570653,-0.588598497636957,-0.07161178236944823,-0.2566237803996535,1.0,0.0,0.0,0.0,0.0,1.0,0
-0.2387122861762773,-1.501702648551478,-0.09180911354573014,0.9292852992816986,-1.3296071132788818,-0.7218398305181921,1.9582975359716057,0.0,0.0,1.0,0.0,0.0,1.0,0
0.6537723588451235,-1.1177488535560993,0.7712011059259483,1.1661816855621638,-0.7087620569302422,-0.07161178236944823,-1.2153818732004562,0.0,1.0,0.0,0.0,0.0,1.0,0
-0.6026162817078792,-0.4722785418456014,-0.5849578103866888,-0.743795428824096,1.293963931291176,-0.07161178236944823,-2.13883159431171,0.0,1.0,0.0,0.0,1.0,0.0,0
0.9396007745709316,0.339611371410881,0.1832161212309586,1.417884095985159,-0.18805329999267345,-0.07161178236944823,0.18880490860695176,1.0,0.0,0.0,0.0,1.0,0.0,0
-0.07313821176054229,-0.5269592680678529,-1.1729427950816784,-2.9350870019184088,-1.0692527348100973,0.5786162657792957,0.26213768057755127,0.0,1.0,0.0,1.0,0.0,0.0,0
1.3856187419672477,-0.040776289265654166,2.2790980828050342,-0.891855670249387,-0.007807961052745825,-0.7218398305181921,1.2874384738701947,0.0,1.0,0.0,1.0,0.0,0.0,0
-0.0323055809425697,1.153878707546593,1.2264152876252954,0.7071949371437608,-0.48846219822588616,0.5786162657792957,0.487568053672358,1.0,0.0,0.0,0.0,0.0,1.0,1
1.1051748489866666,0.109001352125731,-0.29096531803919434,-0.6549592839689203,0.032246558711682534,1.8790723620767835,0.687196155147879,0.0,0.0,1.0,0.0,0.0,1.0,0
0.6201190916874538,-0.7504370187153183,0.6384303029303058,-0.32922675283327957,-0.20808055987488763,0.5786162657792957,0.5269504682491614,0.0,1.0,0.0,1.0,0.0,0.0,0
2.668481286017617,-0.02532304055067041,0.3254705530120048,0.3666563818655899,-0.7287893168124563,-0.07161178236944823,-0.9220507853180573,0.0,1.0,0.0,1.0,0.0,0.0,0
0.44781436384018486,-1.1581650425029808,1.2833170603377135,0.08534192315753687,2.695872123046169,0.5786162657792957,-0.1439085938522506,1.0,0.0,0.0,1.0,0.0,0.0,0
1.350619344123271,-0.20838460225125435,-0.30044894682459716,1.4326901201276894,2.41549048469517,-0.7218398305181921,0.99003334310054,1.0,0.0,0.0,1.0,0.0,0.0,0
-0.7394729014824026,-0.40808812410643514,-0.13922725747274525,0.7664190337138775,-0.3282441191681727,-0.07161178236944823,-0.6097074972951333,0.0,1.0,0.0,0.0,0.0,1.0,0
-0.3621075990877329,-0.8586097597202088,0.003027174308300525,-1.336036394525261,1.3139911911733901,-0.07161178236944823,0.6301595547263014,0.0,0.0,1.0,0.0,0.0,1.0,1
1.0867777296071406,0.09711423772958992,-0.4996051513180614,0.8848672268541108,-0.248135079639316,-0.7218398305181921,1.4965726754159787,0.0,0.0,1.0,0.0,0.0,1.0,0
0.6551184895314304,0.5060309729568664,-0.09180911354573014,-0.34403277697580836,0.1724373778871818,0.5786162657792957,0.8610219850041153,0.0,0.0,1.0,1.0,0.0,0.0,1
0.8848581266611222,0.555956853420662,-0.5090887801034647,-1.4544845876654942,-0.5485439778725287,-1.372067878666936,-1.4272321033377433,0.0,1.0,0.0,1.0,0.0,0.0,0
0.7870392967894956,-0.7789660932660588,-2.4911671962527038,1.1513756614196349,0.853364213882464,0.5786162657792957,-2.0926591082561474,0.0,1.0,0.0,0.0,0.0,1.0,0
0.87319166071313,0.6831489774593781,0.5435940150762747,-0.07752434241028419,1.414127490584461,-1.372067878666936,1.6771885767509738,0.0,0.0,1.0,0.0,1.0,0.0,0
0.02692416925492899,2.757450439586117,-1.0212047345152298,0.973703371709285,-0.688734797048028,2.5293004102255274,-1.0714323578507603,0.0,1.0,0.0,1.0,0.0,0.0,0
-0.48281065062657497,-0.29159440302424705,-0.19612903018516367,2.3210515686794375,0.6530916150603221,1.2288443139280396,0.1453484511428927,1.0,0.0,0.0,1.0,0.0,0.0,0
-0.20012320650214935,-2.0354340849382435,0.8281028786383671,-0.41806289768845384,0.3727099767093236,1.8790723620767835,0.2838659093095813,0.0,1.0,0.0,0.0,0.0,1.0,0
-0.584219162328353,-1.1545989081841381,1.2358989164106984,0.29262626115294443,-0.9691164353990265,-1.372067878666936,0.22818732318375515,0.0,1.0,0.0,0.0,0.0,1.0,0
-1.0338268115548204,-0.08000376677292348,-0.7461794997385411,-0.2996147045482206,-0.588598497636957,1.2288443139280396,-0.49020223926897066,1.0,0.0,0.0,1.0,0.0,0.0,0
-0.8682527371390854,-0.13943933875363232,-0.03490734083331174,0.8996732509966395,-0.04786248081717419,-0.7218398305181921,-0.11674830793721332,1.0,0.0,0.0,0.0,0.0,1.0,0
-1.176965374532109,-0.10140057268597778,0.3539214393682142,1.891676868546092,-1.469797932454381,-1.372067878666936,-0.7848913414471212,1.0,0.0,0.0,0.0,0.0,1.0,0
-1.0199167944629837,-0.17034583618359983,0.04096168944991279,-0.9658857909620323,-0.6687075371658138,-1.372067878666936,-1.175999458623652,1.0,0.0,0.0,0.0,1.0,0.0,0
-0.47563128696627205,1.1491238617881356,-0.9453357042320053,0.9144792751391684,0.9535005132935349,-0.7218398305181921,-1.0809384579210233,1.0,0.0,0.0,0.0,0.0,1.0,0
0.8130644900580936,0.6427327885124974,0.16424886366015287,0.9440913234242274,0.7932824342358215,-0.7218398305181921,-0.41279542441111544,1.0,0.0,0.0,1.0,0.0,0.0,0
0.13730688553208564,-0.7373611928795625,2.0514909919553608,-1.8394412153712516,-0.30821685928595854,0.5786162657792957,1.1692912301397835,0.0,0.0,1.0,0.0,0.0,1.0,0
-1.0607494252809562,1.6115326117980504,-1.400549885931352,0.3370443335805322,1.2138548917623193,-0.7218398305181921,0.7089243838799081,1.0,0.0,0.0,0.0,1.0,0.0,0
0.4388401592648063,-1.2758474750247846,1.662662211753836,0.0557298748724779,-0.4484076784614578,-0.07161178236944823,0.874602127961633,1.0,0.0,0.0,1.0,0.0,0.0,0
-0.10858631983328772,0.9137589967445281,-0.29096531803919434,0.7812250578564063,-0.6286530174013855,0.5786162657792957,-1.5752556615746949,1.0,0.0,0.0,1.0,0.0,0.0,0
0.23198474380232978,-0.20957331369086746,-0.006456454477102331,-0.24039060797810394,1.6544546091710313,-0.07161178236944823,-0.30279626645521573,1.0,0.0,0.0,1.0,0.0,0.0,0
-0.9247902259639705,-0.16796841330437196,0.8091356210675605,-0.5217050666861582,1.8346999481109587,-0.7218398305181921,0.09374390790432223,1.0,0.0,0.0,0.0,0.0,1.0,0
2.020543715675283,-0.8086838792564133,-0.25303080289758206,1.314241926987456,-0.7488165766946705,1.8790723620767835,1.4884245896414672,0.0,0.0,1.0,1.0,0.0,0.0,0
0.20236986870358042,-1.3875863503485169,0.17373249244555572,0.6923889130012321,0.15241011800496762,0.5786162657792957,0.8664540421871226,1.0,0.0,0.0,0.0,0.0,1.0,0
-0.7300499866782552,0.19577728721756638,-0.9832702193736176,0.1889840921552413,-0.40835315869702943,1.2288443139280396,-0.183291008429054,1.0,0.0,0.0,0.0,0.0,1.0,0
-1.347923971693071,0.004394745439684006,0.16424886366015287,-0.2996147045482206,-0.7287893168124563,-1.372067878666936,0.4400375533210432,0.0,1.0,0.0,0.0,0.0,1.0,0
0.5344154379925883,-0.15489258746861606,-0.2435471741121788,0.5739407198609988,-0.9691164353990265,1.8790723620767835,-0.19415512279506852,0.0,1.0,0.0,0.0,0.0,1.0,0
-1.5938171770584444,0.7972652756623401,0.9134555377069945,0.9440913234242274,1.4341547504666752,1.2288443139280396,0.7428747412737042,1.0,0.0,0.0,1.0,0.0,0.0,0
-0.5375532985363843,-2.6333559390641748,-0.1581945150435514,-1.4100665152379064,-0.248135079639316,-1.372067878666936,-0.9953835572886568,0.0,1.0,0.0,0.0,1.0,0.0,0
-0.6443463329833896,1.8599733026774137,1.662662211753836,1.1513756614196349,-0.22810781975710182,-0.7218398305181921,-0.9600751855991091,1.0,0.0,0.0,0.0,0.0,1.0,0
0.8332564503526954,-0.707643406889208,1.3307352042647287,-1.0103038633896202,3.256635399748166,-0.07161178236944823,-0.8297058132069318,0.0,1.0,0.0,0.0,0.0,1.0,0
-0.2611477976147238,-1.4886268227157222,0.5341103862908718,0.973703371709285,-0.14799878022824509,-0.7218398305181921,-1.878092849527356,0.0,1.0,0.0,0.0,0.0,1.0,0
-0.7358832196522512,-0.8324581080486962,0.7996519922821577,-0.10713639069534185,-0.588598497636957,1.8790723620767835,-0.183291008429054,0.0,1.0,0.0,1.0,0.0,0.0,0
1.0113944111739603,0.2361934761644488,-0.3478670907516123,0.7516130095713487,-1.2895525935144534,-1.372067878666936,2.6264405694815136,0.0,0.0,1.0,1.0,0.0,0.0,0
0.02737287948369792,-0.22978140816430867,-0.2150962877559698,-0.743795428824096,-0.22810781975710182,-0.7218398305181921,-0.2023032085695799,1.0,0.0,0.0,1.0,0.0,0.0,0
-0.23512260434612584,-0.3843138953141513,0.2875360378703925,-1.2472002496700867,-0.2681623395215302,-1.372067878666936,1.2100316590123394,0.0,0.0,1.0,0.0,0.0,1.0,0
1.057162854508391,-1.133202102271083,0.894488280136188,-0.13674843898040082,0.2525464174160385,-1.372067878666936,1.7328671628767989,0.0,0.0,1.0,0.0,0.0,1.0,0
1.56061573118713,-0.2773298657488764,0.5720449014324841,0.4110744542931777,0.5529553156492513,1.2288443139280396,2.6060703550452353,0.0,0.0,1.0,0.0,0.0,1.0,1
0.7830009047305753,-1.0048212667927523,0.3539214393682142,-0.8622436219643279,-1.2695253336322392,1.2288443139280396,0.21596519452198903,0.0,1.0,0.0,0.0,0.0,1.0,0
-0.616077588570947,-0.46633498464753087,-0.6039250679574949,-0.6845713322539794,1.3340184510556043,-0.07161178236944823,-2.1130293226924253,0.0,1.0,0.0,0.0,1.0,0.0,0
0.002245106672637867,-0.9976889981550668,0.2780524090849897,0.44068650257823666,1.6744818690532455,0.5786162657792957,-1.0089637002461753,1.0,0.0,0.0,0.0,0.0,1.0,0
0.7803086433579617,-0.003926234637616109,1.5962768102560145,-0.3144207286907507,-1.3896888929255242,0.5786162657792957,-0.16156277969702398,0.0,0.0,1.0,0.0,0.0,1.0,0
1.0876751500646784,-1.156976331063367,1.5583422951144021,0.2334021645828278,-0.6486802772835996,-0.07161178236944823,1.0008974574665546,0.0,1.0,0.0,0.0,0.0,1.0,0
0.141345277591006,2.8073763200499124,0.7996519922821577,-0.6105412115413326,2.095054326579743,-0.7218398305181921,-0.9763713571481308,0.0,1.0,0.0,0.0,0.0,1.0,1
-0.4594777187305906,0.9197025539426004,1.406604234547953,0.2334021645828278,-0.588598497636957,-1.372067878666936,0.3612727241674365,0.0,1.0,0.0,0.0,0.0,1.0,0
0.7883854274758024,-0.49961890495672795,2.2696144540196315,2.1581853031116163,-1.029198215045669,0.5786162657792957,-0.5173625251840079,1.0,0.0,0.0,0.0,0.0,1.0,0
-0.4931309858882603,0.14228527243492808,-1.931633097913923,-2.135561698221835,0.9935550330579632,-0.7218398305181921,-0.4060053529323566,0.0,1.0,0.0,1.0,0.0,0.0,0
-1.0786978344317133,-1.1046730277203434,-0.03490734083331174,1.1957937338472227,-1.0892799946923115,-0.07161178236944823,1.4178078462623709,0.0,1.0,0.0,0.0,1.0,0.0,0
0.5496715857707318,1.810047422213618,0.8470701362091728,0.48510457500582316,-0.9891436952812407,-0.7218398305181921,-0.6327937403229139,0.0,0.0,1.0,0.0,0.0,1.0,0
0.7031304840097058,-1.4042283105031155,0.5435940150762747,-1.4248725393804367,0.9134459935291065,1.8790723620767835,-0.04748957885386951,0.0,0.0,1.0,0.0,0.0,1.0,0
0.4096739943948259,-0.7777773818264448,-0.30044894682459716,-0.09233036655281301,-0.10794426046381674,1.2288443139280396,-0.08008192195191309,0.0,1.0,0.0,0.0,0.0,1.0,0
-0.16377767797186604,-1.1272585450730126,0.3539214393682142,0.026117826587420245,2.1351088463441714,-0.07161178236944823,-1.0673583149635046,0.0,1.0,0.0,0.0,1.0,0.0,0
1.1105593717318938,-0.996500286715453,0.19269975001636144,0.011311802444891415,-1.3095798533966676,0.5786162657792957,0.4373215247295391,0.0,1.0,0.0,0.0,1.0,0.0,0
-0.4536444857565945,0.5321826246283782,1.6816294693246419,-1.3212303703827322,0.29260093718046687,-0.07161178236944823,1.4150918176708678,0.0,1.0,0.0,0.0,0.0,1.0,0
0.3441623009945622,0.4465954009761576,0.5720449014324841,-1.1435580806723822,0.21249189765161017,1.2288443139280396,-0.5730411113098332,1.0,0.0,0.0,0.0,0.0,1.0,0
0.030962561313849356,-0.7480595958360905,-0.6797940982407195,-0.46248097011604167,-0.10794426046381674,-0.7218398305181921,-0.044773550262365396,0.0,1.0,0.0,0.0,0.0,1.0,0
0.6919127282904826,-0.20957331369086746,1.150546257342071,0.4110744542931777,1.514263789995532,0.5786162657792957,0.6260855118390456,0.0,1.0,0.0,0.0,1.0,0.0,0
0.4092252841660569,-0.5899609743674044,1.2928006891231163,0.24820818872535794,1.514263789995532,-0.07161178236944823,-0.3381046381447644,0.0,1.0,0.0,1.0,0.0,0.0,0
-2.084706167331653,-0.41997523850257795,-0.6418595830991072,0.6923889130012321,-1.5098524522188095,-1.372067878666936,0.3639887527589396,0.0,0.0,1.0,1.0,0.0,0.0,0
0.034552243144000794,-1.4054170219427293,-1.1350082799400663,-0.43286892183098397,1.1137185923512483,2.5293004102255274,-1.2126658446089522,1.0,0.0,0.0,0.0,0.0,1.0,0
-0.9956864421094613,-0.6173013374785309,0.8470701362091728,-0.9510797668195036,-0.7688438365768847,-1.372067878666936,1.2045996018293312,0.0,1.0,0.0,0.0,0.0,1.0,0
1.688498146386275,-0.5436012282224514,-0.8220485300217653,1.1217636131345772,-0.808898356341313,-0.07161178236944823,-0.8405699275729464,1.0,0.0,0.0,0.0,0.0,1.0,0
-0.01974169453703968,0.7532829523966149,0.6099794165740964,-0.15155446312292964,0.753227914471393,-0.07161178236944823,1.1353408727459875,0.0,1.0,0.0,0.0,0.0,1.0,0
-0.5613349406611376,-1.8856564435468575,-0.4521870073910463,1.906482892688621,-0.5685712377547429,0.5786162657792957,-1.5426633184766503,0.0,1.0,0.0,0.0,0.0,1.0,0
-0.31544173529576425,-0.9251776003386022,-1.0970737647984539,-0.43286892183098397,-1.2294708138678108,-0.07161178236944823,-1.2737764879177855,1.0,0.0,0.0,0.0,0.0,1.0,0
1.0858803091496028,1.4760195076820342,1.0651935982734435,0.21859614044029896,0.4327917563559662,4.479984554671759,0.43867953902529166,0.0,0.0,1.0,1.0,0.0,0.0,0
-2.2372676451130893,-0.6446417005896565,0.3539214393682142,-0.9066616943919157,0.4528190162381803,1.2288443139280396,-0.07329185047315426,0.0,0.0,1.0,1.0,0.0,0.0,0
0.6614004327341954,-0.07168278669562336,-0.5185724088888675,-0.46248097011604167,-0.4484076784614578,0.5786162657792957,-0.16156277969702398,0.0,1.0,0.0,0.0,1.0,0.0,0
-0.46890063353473815,-0.49367534775865574,0.3539214393682142,-0.12194241483787067,0.47284627612039454,0.5786162657792957,1.5250909756267674,1.0,0.0,0.0,0.0,0.0,1.0,0
-0.2589042464708791,-1.9557904184840935,0.8660373937799786,-0.4476749459735128,0.3727099767093236,1.8790723620767835,0.29337200937984426,0.0,1.0,0.0,0.0,0.0,1.0,0
0.053398072752295835,-1.8844677321072427,0.4866922423638567,-0.15155446312292964,-0.808898356341313,-0.07161178236944823,0.9520089428194882,0.0,1.0,0.0,0.0,0.0,1.0,0
-1.3838207899945854,-0.9109130630632324,-0.8030812724509595,-0.5217050666861582,-0.08791700058160255,0.5786162657792957,-0.6748921834912215,1.0,0.0,0.0,1.0,0.0,0.0,0
