machine_type,operating_hours,temperature_c,vibration_mm_s,pressure_bar,days_since_maintenance,shift,environment,error_count_30d,energy_kw,failure_next_7_days
A,3743,84.93,5.64,7.06,76,noche,seco,1,39.02,0
A,6478,58.5,4.84,6.96,69,tarde,humedo,4,53.89,0
B,5068,53.86,3.09,5.84,138,manana,humedo,2,41.66,0
A,4699,67.94,4.92,7.4,122,tarde,seco,3,34.26,0
B,6497,78.92,4.21,5.85,202,tarde,humedo,1,36.76,0
C,4624,90.06,4.96,6.16,45,tarde,seco,1,41.83,0
A,5242,74.56,3.89,6.62,137,manana,humedo,3,50.35,0
B,5568,52.22,2.99,5.64,117,manana,seco,1,47.5,0
A,3963,65.61,4.31,6.05,44,tarde,seco,0,26.05,0
B,7487,66.7,3.82,5.54,116,manana,polvoriento,4,47.26,0
B,4141,52.56,1.84,6.3,212,tarde,polvoriento,1,43.69,0
A,3951,67.41,1.67,5.82,106,manana,seco,1,47.67,0
A,4859,64.1,3.71,6.67,150,tarde,polvoriento,2,45.22,0
B,8883,68.31,3.33,5.76,59,tarde,seco,4,35.47,0
B,4685,71.67,1.94,6.42,119,noche,polvoriento,2,52.6,0
C,2431,67.63,2.45,6.81,8,tarde,seco,4,52.04,0
C,7605,69.91,3.35,6.89,79,noche,seco,1,57.49,0
A,5700,68.16,4.86,6.8,50,noche,seco,1,54.7,0
A,12316,70.4,4.66,6.84,104,tarde,polvoriento,5,49.01,0
C,9733,65.14,3.63,5.83,38,tarde,seco,1,57.57,0
A,4747,69.41,2.64,5.93,73,manana,seco,2,51.15,0
A,7454,77.66,3.36,6.18,170,manana,humedo,2,37.07,0
A,6053,87.65,3.47,7.25,78,tarde,polvoriento,1,32.16,0
A,819,65.03,4.7,7.58,99,tarde,humedo,1,34.74,0
C,6305,91.19,4.52,5.74,189,noche,polvoriento,3,45.55,1
A,8134,74.17,5.32,6.01,93,tarde,seco,3,49.52,0
A,4066,65.85,4.08,5.9,86,tarde,polvoriento,3,43.42,0
A,8072,63.72,4.35,6.1,117,tarde,seco,3,52.22,1
C,1540,76.53,4.62,7.07,46,manana,seco,0,48.13,0
A,2718,58.92,5.87,5.47,35,noche,polvoriento,3,47.25,0
B,3053,66.79,2.57,6.49,154,tarde,seco,4,66.64,0
A,2781,72.66,2.31,6.09,52,tarde,humedo,3,46.68,0
A,6381,67.99,4.57,7.38,175,tarde,seco,4,41.2,1
B,2815,63.16,3.2,5.36,58,noche,humedo,3,52.12,1
A,9509,68.08,3.2,6.64,87,manana,humedo,2,53.99,0
A,3862,72.59,4.07,5.99,154,manana,seco,2,51.7,0
C,8085,73.94,4.3,7.13,53,noche,seco,2,45.64,0
B,8381,85.93,3.71,6.72,78,tarde,humedo,4,46.91,0
B,6979,79.94,6.14,6.39,16,tarde,seco,4,53.26,1
B,7157,59.4,3.9,5.55,122,tarde,polvoriento,3,64.49,0
A,3508,63.11,0.4,6.0,78,noche,polvoriento,6,50.19,0
B,3397,59.0,3.35,6.38,76,manana,humedo,3,43.18,0
C,4683,86.0,4.9,7.39,55,manana,humedo,1,52.45,0
B,5986,67.15,3.5,6.89,72,noche,humedo,4,36.82,0
B,6066,66.3,3.99,7.63,100,manana,seco,2,45.74,0
A,4563,57.27,3.76,5.16,152,noche,seco,4,48.3,0
C,1955,80.94,4.56,5.2,89,tarde,seco,2,71.35,0
A,5159,75.78,4.54,6.16,101,manana,seco,5,47.74,0
B,5686,66.1,,4.71,165,tarde,seco,1,44.15,0
C,6084,60.15,5.17,6.41,127,manana,polvoriento,5,43.94,0
B,9133,64.75,2.78,6.21,143,tarde,polvoriento,1,41.48,0
A,2778,59.65,3.22,7.57,61,manana,humedo,1,47.11,0
B,6822,62.67,1.23,7.14,127,manana,seco,3,30.65,0
B,1843,68.83,1.51,5.79,53,noche,seco,3,47.68,0
B,9161,71.57,5.31,5.82,60,tarde,seco,3,34.56,0
A,7232,67.02,2.92,5.08,8,manana,polvoriento,3,44.07,0
B,5420,72.23,2.6,7.16,25,noche,seco,3,47.88,0
B,4897,57.41,4.74,6.49,106,tarde,seco,1,29.32,0
B,5881,68.04,2.7,6.19,148,tarde,seco,1,38.32,0
B,4551,74.62,3.5,5.34,89,manana,seco,0,37.43,0
B,3597,76.78,2.74,6.48,84,tarde,humedo,3,54.88,0
C,9576,79.27,3.9,6.1,22,tarde,polvoriento,3,57.71,0
A,9538,61.89,2.68,,53,manana,humedo,3,41.25,0
B,6757,77.53,4.62,6.3,36,noche,polvoriento,1,42.71,0
B,4092,66.12,3.29,6.34,78,tarde,humedo,1,49.23,0
C,6607,76.64,2.66,6.14,34,tarde,seco,1,46.39,0
C,6516,77.97,5.38,6.54,66,manana,seco,2,48.34,0
A,2466,67.7,4.18,7.4,68,manana,polvoriento,0,51.48,0
C,10201,77.72,3.86,6.8,27,tarde,seco,2,57.96,0
B,6371,74.53,6.11,4.41,115,tarde,seco,0,36.34,1
B,6932,64.06,4.46,6.6,34,manana,seco,2,56.53,0
B,6914,69.12,3.57,7.43,54,noche,seco,13,45.51,0
A,4069,72.43,3.28,6.72,133,manana,seco,2,46.24,0
C,9145,75.22,5.34,5.44,115,tarde,humedo,3,53.24,0
A,7573,56.57,3.85,7.81,68,tarde,polvoriento,1,49.36,0
A,5124,92.0,2.42,6.55,156,noche,polvoriento,3,55.8,0
A,3899,63.62,4.77,7.08,33,noche,seco,3,49.21,0
B,6212,67.68,3.57,6.7,45,tarde,seco,5,45.1,0
A,1359,70.86,3.79,6.55,105,manana,polvoriento,1,46.16,0
A,7827,76.01,2.8,6.35,138,manana,humedo,3,32.9,0
A,3083,65.09,4.04,6.42,144,tarde,seco,3,57.05,0
B,5657,60.5,3.82,5.37,33,tarde,seco,0,34.81,0
B,6308,71.42,4.99,5.42,100,manana,polvoriento,2,53.3,0
A,3178,71.99,2.89,7.07,147,tarde,polvoriento,1,37.48,0
A,5910,82.23,4.01,7.36,87,tarde,humedo,1,51.21,0
C,4719,77.5,3.97,5.01,26,manana,humedo,2,58.85,0
B,4509,53.96,4.98,6.41,112,tarde,seco,1,46.29,0
A,2285,80.97,3.76,5.48,83,manana,seco,0,51.47,0
A,5573,86.55,4.42,6.73,61,manana,seco,2,51.66,1
A,5397,69.35,3.38,5.95,16,manana,seco,1,47.21,0
B,3781,69.21,2.52,5.65,32,manana,humedo,2,54.76,0
B,2456,62.67,3.0,4.76,129,manana,,1,45.8,0
C,2843,72.45,4.19,6.48,186,noche,seco,4,51.45,0
A,2219,64.38,5.77,6.53,44,noche,humedo,4,38.38,1
A,7530,71.4,4.14,5.75,58,manana,polvoriento,0,40.93,0
A,5725,61.27,4.01,7.23,102,tarde,seco,1,28.17,1
B,3827,76.96,4.01,6.01,125,manana,humedo,0,38.56,0
B,3069,76.16,3.55,7.0,61,tarde,humedo,3,58.85,0
B,4099,67.46,4.57,5.98,82,tarde,humedo,1,43.45,0
B,7287,70.48,4.93,6.5,32,tarde,seco,1,50.13,0
A,5253,67.92,3.76,5.74,11,noche,humedo,2,48.29,0
A,2987,67.07,3.8,5.74,71,tarde,polvoriento,0,49.51,0
A,5944,73.95,0.78,6.77,67,tarde,seco,1,46.85,0
C,6533,59.13,4.65,6.6,69,tarde,polvoriento,3,52.36,0
B,6767,65.19,2.68,5.82,81,manana,humedo,0,44.32,0
B,7186,71.35,5.41,5.82,95,tarde,humedo,1,59.9,0
C,2682,73.18,4.17,6.58,143,manana,humedo,0,54.07,0
A,8502,56.56,4.42,6.08,99,tarde,polvoriento,0,49.68,1
C,4738,77.87,3.98,5.04,27,manana,humedo,2,59.2,0
A,5339,60.24,3.88,5.69,125,tarde,seco,3,44.43,0
B,4709,67.14,3.38,7.24,142,noche,humedo,3,46.43,0
B,6227,53.16,4.81,6.14,66,tarde,seco,2,50.29,1
B,7197,73.69,3.56,6.87,99,manana,seco,0,41.0,0
B,1996,55.65,2.38,6.92,43,noche,polvoriento,4,44.05,0
A,6634,54.33,5.78,6.69,103,manana,seco,0,45.0,0
B,6133,66.29,4.04,7.61,100,manana,seco,2,45.49,0
A,2037,74.44,4.61,5.86,118,noche,humedo,3,61.16,0
A,3497,61.54,4.22,6.36,77,tarde,seco,3,37.21,0
A,4189,57.61,2.99,8.07,61,tarde,seco,0,47.73,0
C,8455,75.24,4.59,7.48,81,manana,seco,3,53.02,0
C,5319,70.75,3.35,5.82,100,tarde,seco,2,37.64,0
A,4331,56.47,4.02,5.77,43,tarde,polvoriento,1,33.24,0
C,6000,82.79,4.78,,89,tarde,humedo,4,50.31,1
B,7647,51.3,2.05,6.38,74,manana,seco,4,36.11,0
C,3942,81.62,3.84,6.79,22,noche,seco,3,67.24,0
B,5388,84.51,6.14,5.03,51,manana,seco,2,39.47,1
A,7622,76.09,3.41,5.48,58,tarde,polvoriento,1,55.28,0
B,7274,68.98,4.46,6.79,140,tarde,humedo,5,45.72,1
A,4782,74.56,3.56,6.44,52,noche,polvoriento,2,39.98,0
B,4162,77.01,5.34,6.47,60,manana,seco,0,49.02,0
A,8393,64.43,4.38,6.04,53,tarde,seco,1,48.86,0
A,7112,68.14,3.17,7.51,32,noche,humedo,2,56.48,0
B,3255,60.56,3.45,6.63,126,tarde,seco,0,60.11,0
A,4924,62.42,,7.08,38,noche,polvoriento,2,49.67,0
B,4773,67.8,4.48,4.71,33,noche,seco,3,43.2,0
A,6637,75.08,3.9,5.41,278,manana,seco,4,45.1,0
B,4564,63.87,2.66,5.34,15,noche,polvoriento,7,40.14,0
B,5369,69.77,2.62,5.17,68,noche,seco,0,48.62,0
B,5837,69.09,6.35,5.15,24,manana,humedo,3,43.73,0
A,4874,74.51,,5.01,131,manana,polvoriento,1,42.0,0
A,5328,60.22,3.89,5.69,123,tarde,seco,3,44.28,0
A,5651,69.59,3.37,5.95,18,manana,seco,1,47.25,0
C,5479,70.77,5.9,7.23,136,tarde,seco,1,42.56,1
C,7901,79.22,6.78,6.56,94,noche,seco,3,46.82,0
A,5734,67.63,,6.14,173,noche,humedo,2,43.7,0
A,4103,66.98,3.61,7.89,124,manana,humedo,4,47.26,0
B,7879,73.82,3.27,6.3,106,manana,humedo,3,53.13,0
A,4306,64.73,3.55,6.31,85,tarde,seco,0,49.9,0
C,9321,70.39,3.44,,41,noche,seco,3,57.14,0
C,1447,70.73,2.95,7.0,98,noche,seco,0,59.14,0
B,5651,70.11,4.0,6.1,50,tarde,humedo,4,36.02,0
A,7647,71.32,3.33,6.82,47,tarde,seco,1,38.93,0
A,851,69.39,3.47,6.34,26,manana,polvoriento,1,44.34,0
A,5634,61.76,5.24,5.51,36,tarde,polvoriento,2,48.1,1
C,9506,72.51,4.52,6.76,78,tarde,polvoriento,2,55.91,0
C,5050,72.26,4.26,6.34,37,noche,polvoriento,2,55.99,0
A,5101,55.76,3.42,6.28,91,noche,seco,0,43.85,0
C,6272,70.92,3.91,7.2,85,noche,seco,1,53.05,0
A,3483,61.65,4.37,6.87,76,tarde,polvoriento,2,49.06,0
C,2516,81.47,2.24,6.91,166,manana,seco,3,47.43,0
C,3036,72.39,2.59,6.05,89,noche,seco,1,40.49,0
B,4949,65.67,3.24,5.49,122,manana,seco,3,42.53,0
B,3749,57.42,4.71,5.89,55,manana,humedo,1,28.85,1
A,6502,66.34,,6.82,46,tarde,humedo,1,45.14,0
A,4780,69.02,2.43,4.98,47,tarde,seco,3,43.39,0
A,7280,72.13,4.05,7.27,80,manana,polvoriento,2,47.75,0
B,2911,67.16,3.58,5.91,49,manana,humedo,0,56.22,0
C,5207,61.09,5.37,5.74,86,manana,seco,1,48.4,0
B,5790,60.71,3.77,5.38,35,tarde,seco,0,34.98,0
B,4171,47.17,3.74,5.38,76,noche,polvoriento,0,39.02,0
B,9936,80.99,5.06,6.2,50,tarde,humedo,0,39.8,0
B,5110,70.44,3.46,5.62,126,tarde,seco,3,48.58,0
B,7153,77.42,2.64,6.38,72,tarde,seco,1,41.5,0
A,6900,64.08,2.71,5.82,88,noche,humedo,1,53.61,0
C,3219,76.48,2.9,6.78,97,tarde,humedo,2,52.14,0
B,3378,59.71,4.77,5.97,57,tarde,seco,4,45.87,0
C,10035,77.87,3.94,6.81,28,tarde,seco,2,57.89,0
B,6085,66.39,4.01,7.64,98,manana,seco,2,45.65,0
A,5934,65.22,3.64,6.42,65,tarde,humedo,3,34.0,0
C,4350,85.18,1.16,6.56,115,manana,humedo,0,40.9,0
C,4721,72.0,3.36,7.01,111,noche,polvoriento,1,52.75,0
A,281,64.72,3.76,5.83,93,tarde,seco,1,36.14,0
A,3549,71.16,2.86,6.47,69,manana,seco,4,45.1,0
B,7796,59.99,4.28,,188,tarde,seco,1,64.09,0
A,8204,72.54,3.92,6.78,74,noche,polvoriento,2,43.92,0
C,9056,65.72,6.61,6.64,134,manana,seco,1,49.86,0
A,5185,76.94,,7.01,56,tarde,polvoriento,4,46.18,0
B,7958,66.85,5.17,5.75,71,tarde,seco,2,31.96,0
B,6853,73.81,4.02,6.23,27,manana,humedo,3,46.64,0
A,4860,74.8,,5.0,132,manana,polvoriento,1,42.3,0
A,3704,65.75,3.34,6.58,40,noche,polvoriento,4,34.58,0
A,4861,74.0,2.66,5.76,55,tarde,seco,2,38.36,0
C,3546,72.0,5.39,6.85,174,tarde,seco,2,47.73,0
B,4138,74.99,2.96,4.45,164,noche,seco,2,47.96,0
A,2992,69.94,2.92,5.54,36,tarde,polvoriento,2,47.63,0
B,7210,69.7,2.23,6.38,68,tarde,seco,2,40.37,0
B,599,75.54,3.57,6.58,91,tarde,humedo,0,50.13,0
B,6404,65.71,3.76,6.06,70,tarde,seco,3,54.22,0
A,5057,73.29,4.99,6.17,129,manana,seco,1,46.12,0
A,4577,66.91,2.93,6.47,34,noche,humedo,2,49.03,0
B,4055,69.07,2.64,5.91,97,tarde,seco,2,41.13,0
A,8445,57.35,4.19,8.46,33,tarde,seco,1,54.3,0
A,2101,65.91,4.04,6.81,89,tarde,seco,1,40.05,0
A,5033,68.42,3.66,5.96,89,noche,seco,3,51.85,0
C,5335,64.85,4.11,5.75,56,manana,seco,1,46.68,0
C,4715,84.92,4.7,5.43,90,manana,seco,2,55.81,0
C,4792,58.58,4.74,7.57,116,manana,seco,1,48.9,0
B,5714,64.88,4.14,,148,tarde,humedo,5,30.15,0
A,8100,67.47,3.58,7.26,213,tarde,humedo,1,54.27,0
A,11468,69.53,4.66,5.24,107,manana,seco,6,43.12,0
B,3943,59.77,5.16,6.51,39,manana,seco,0,48.7,0
B,4175,73.75,5.63,5.42,104,tarde,seco,2,56.78,0
C,9123,75.24,5.38,5.46,117,tarde,humedo,3,53.43,0
A,6891,74.88,3.64,6.07,140,manana,humedo,1,39.02,0
B,3317,76.21,3.91,6.35,116,manana,humedo,1,56.48,0
B,7650,61.47,3.56,7.19,40,noche,seco,1,40.74,0
B,2240,78.46,3.86,5.76,139,manana,humedo,1,38.18,1
B,3037,63.3,4.94,5.44,171,noche,seco,0,46.6,0
B,5421,84.81,4.32,5.95,68,tarde,seco,1,58.11,0
B,7684,88.12,4.71,6.09,60,manana,seco,4,62.29,1
A,4376,59.96,4.62,6.73,97,tarde,seco,2,53.7,0
A,9272,78.05,3.37,6.25,48,manana,humedo,1,49.31,0
A,3881,57.6,4.75,7.49,261,tarde,polvoriento,1,43.72,0
A,4171,75.92,3.55,5.74,108,manana,humedo,0,45.46,0
A,6551,64.39,3.15,6.88,124,manana,polvoriento,1,45.27,0
B,4968,68.91,4.81,,84,manana,seco,3,53.55,0
C,6453,68.13,4.72,6.64,31,noche,polvoriento,2,62.15,0
B,2409,63.94,3.51,5.62,103,tarde,seco,3,56.55,0
A,3132,70.27,2.81,7.39,27,tarde,humedo,3,39.02,0
B,9647,81.63,3.6,5.93,75,manana,polvoriento,1,44.36,0
A,3655,76.72,2.39,6.23,111,tarde,humedo,0,42.69,0
A,7520,56.88,3.88,7.81,68,tarde,polvoriento,1,49.5,0
A,1254,72.7,0.79,6.88,51,tarde,humedo,2,51.58,0
A,2697,59.97,3.23,7.56,58,manana,humedo,1,47.1,0
B,5540,79.73,2.83,6.83,44,noche,seco,2,37.79,1
A,2735,83.8,2.1,6.28,94,tarde,seco,0,45.41,0
B,3690,69.36,4.03,7.07,134,tarde,humedo,1,41.21,0
A,1017,77.41,2.8,7.21,184,manana,seco,3,32.6,0
A,2614,66.37,0.53,6.74,85,manana,seco,2,54.81,0
C,8664,66.94,4.46,6.59,117,tarde,seco,4,65.55,1
B,5569,69.35,5.09,5.79,104,noche,humedo,3,45.41,0
B,3453,66.78,3.87,5.87,26,tarde,seco,4,48.66,0
B,9477,67.86,2.03,6.83,44,tarde,seco,2,54.26,0
A,3926,61.74,2.41,6.32,86,tarde,polvoriento,2,34.02,0
A,4681,67.69,3.67,5.78,90,manana,seco,2,49.06,0
C,5525,77.03,4.24,7.06,33,manana,seco,1,54.55,0
A,5403,68.23,4.33,6.91,176,tarde,seco,2,58.67,0
B,4851,69.89,3.87,,33,manana,polvoriento,5,43.83,0
C,9260,70.69,3.41,,42,noche,seco,3,57.46,0
B,6967,65.73,,6.16,52,manana,humedo,4,46.78,0
A,4393,60.2,2.14,5.51,111,noche,seco,0,50.95,0
A,5997,64.71,3.23,5.4,41,manana,seco,1,46.41,0
B,6048,56.0,3.25,6.33,52,tarde,seco,2,34.45,0
A,884,66.15,,,126,noche,seco,0,33.34,0
B,3441,68.93,4.67,5.45,81,tarde,humedo,0,42.17,0
A,2779,83.33,2.08,6.29,95,tarde,seco,0,45.27,0
B,5778,60.34,4.09,5.58,90,tarde,humedo,1,40.8,0
A,5575,69.55,3.21,6.91,86,manana,polvoriento,0,48.39,0
B,2761,63.05,3.17,5.39,55,noche,humedo,3,51.81,1
A,4161,72.62,3.08,7.18,164,manana,humedo,2,45.2,0
A,4040,64.52,4.05,6.37,90,tarde,seco,1,45.97,0
A,1394,66.42,4.18,6.46,70,tarde,humedo,1,42.23,0
B,9933,81.5,5.12,6.18,48,tarde,humedo,0,39.95,0
A,4930,71.17,4.71,,41,noche,humedo,1,39.73,0
A,3448,72.19,4.9,6.75,17,tarde,seco,0,41.95,1
A,5714,86.58,3.33,5.76,100,tarde,seco,1,54.16,0
A,6229,77.81,5.27,6.31,178,manana,humedo,2,43.86,0
C,7494,71.52,5.17,6.2,99,manana,seco,0,46.83,0
C,7554,71.28,3.55,6.87,26,tarde,humedo,0,65.82,0
A,6999,68.35,4.69,7.07,87,noche,seco,3,47.76,0
C,4253,76.35,3.23,6.36,83,noche,seco,3,39.74,0
B,3611,75.64,3.63,6.04,54,noche,seco,3,30.73,1
A,4249,69.2,2.93,6.31,299,manana,humedo,3,42.75,1
B,6505,65.37,4.79,4.97,20,noche,polvoriento,2,44.43,0
B,6932,60.93,4.22,5.73,21,tarde,seco,4,48.49,0
C,234,76.81,2.57,6.02,27,tarde,humedo,2,53.77,0
A,2828,73.15,5.12,5.86,119,manana,humedo,2,46.41,0
A,3536,77.04,5.97,6.34,96,manana,seco,1,45.87,0
A,7062,56.75,2.55,6.02,59,manana,seco,2,39.53,0
A,6686,86.09,4.87,6.18,25,tarde,seco,1,40.85,0
A,7240,64.15,3.79,6.21,49,noche,humedo,2,43.91,0
A,4367,59.83,4.65,6.75,99,tarde,seco,2,53.69,0
A,8490,56.22,2.44,6.0,48,noche,seco,6,39.16,0
C,2414,67.02,5.14,8.58,151,manana,seco,0,49.11,0
A,10717,70.26,4.68,5.3,65,noche,seco,3,33.58,0
A,6970,58.97,2.41,5.1,64,tarde,seco,2,33.82,0
A,4979,72.8,2.88,6.21,56,tarde,polvoriento,2,54.62,0
A,6483,62.86,5.62,6.79,94,tarde,humedo,0,51.86,0
B,6256,69.36,4.41,6.48,22,tarde,seco,2,56.11,0
A,5005,54.51,3.89,7.27,163,tarde,humedo,0,45.87,0
B,8022,73.58,3.56,5.64,33,tarde,seco,3,44.45,0
A,5482,51.18,3.37,7.12,128,manana,seco,3,52.22,0
B,6372,65.56,3.76,5.99,70,tarde,seco,3,54.3,0
B,6054,73.24,3.4,5.68,160,tarde,humedo,2,31.55,0
B,4277,62.92,4.38,4.84,111,tarde,seco,3,41.86,0
B,3546,62.27,4.7,6.24,60,tarde,humedo,5,45.01,0
C,2874,71.55,3.14,6.09,98,noche,seco,2,50.74,0
B,200,69.86,2.38,5.5,27,noche,seco,0,47.49,0
B,621,75.15,3.61,6.58,92,tarde,humedo,0,50.35,0
B,4650,63.13,2.95,,120,manana,humedo,1,42.65,0
A,6648,76.49,4.82,7.09,58,manana,seco,4,43.87,1
A,5964,68.69,3.26,7.09,57,noche,seco,8,49.37,0
B,4306,75.17,2.43,6.04,95,manana,seco,3,55.33,0
A,2622,66.14,0.52,6.75,83,manana,seco,2,54.74,0
A,3206,65.35,4.01,6.42,142,tarde,seco,3,57.18,0
B,5978,68.28,3.27,5.11,109,manana,seco,1,35.68,0
A,2307,80.66,3.77,5.48,82,manana,seco,0,51.32,0
C,2571,81.35,2.22,6.9,166,manana,seco,3,47.59,0
A,200,83.26,3.92,6.9,67,manana,humedo,0,40.56,0
A,3561,55.12,3.03,5.79,117,manana,polvoriento,2,50.11,0
C,5784,85.53,6.15,7.3,36,tarde,humedo,0,40.04,0
C,1195,63.07,2.02,6.3,92,tarde,polvoriento,1,46.91,0
A,4817,68.24,3.66,6.78,112,manana,seco,3,30.15,0
C,5250,80.61,4.11,6.94,137,manana,humedo,1,60.91,1
B,1526,54.74,3.64,4.83,55,tarde,humedo,3,46.02,0
B,3699,60.56,3.5,6.03,167,noche,seco,3,39.24,0
B,5232,90.57,3.94,5.78,80,manana,seco,3,44.12,0
C,4035,57.57,5.65,7.09,132,tarde,humedo,4,60.42,0
B,6590,66.6,3.32,4.9,27,manana,polvoriento,1,44.37,1
C,1660,59.07,6.03,6.52,87,tarde,humedo,1,45.7,0
C,7987,88.68,6.49,6.24,137,manana,seco,4,56.07,1
A,2102,84.49,3.82,5.97,79,manana,seco,1,40.78,0
A,2645,69.0,4.69,7.3,55,noche,seco,0,38.16,0
C,4718,58.73,4.75,7.57,118,manana,seco,1,48.72,0
C,9570,80.42,4.5,5.47,146,manana,humedo,0,49.51,0
A,3816,70.12,3.52,6.78,62,manana,humedo,1,35.18,0
B,3809,64.58,3.14,6.73,122,tarde,,3,47.11,0
C,200,63.82,4.3,5.7,111,manana,humedo,4,45.33,0
B,4097,69.47,1.68,5.68,60,tarde,humedo,0,41.11,0
B,6432,68.43,3.34,5.96,67,tarde,polvoriento,3,45.15,0
C,4686,58.72,4.74,7.53,119,manana,seco,1,48.65,0
A,3820,84.02,4.1,6.19,177,tarde,seco,2,38.55,1
A,5098,64.08,3.35,6.28,168,noche,,0,46.13,0
C,5404,69.36,4.4,6.5,53,manana,seco,2,32.89,0
B,4906,75.6,4.54,,66,tarde,humedo,3,30.42,1
B,7610,59.54,5.5,6.47,57,tarde,seco,2,53.73,0
C,3392,70.7,3.43,7.18,53,manana,polvoriento,0,55.41,0
B,4539,63.69,3.82,5.57,159,manana,seco,0,51.4,0
A,4187,65.15,5.5,6.68,158,manana,polvoriento,2,56.42,0
A,2627,63.18,3.19,6.63,24,tarde,seco,0,36.56,0
A,3584,54.58,3.05,5.8,116,manana,polvoriento,2,49.64,0
C,7533,82.21,5.01,6.45,112,tarde,humedo,9,49.3,0
B,2317,66.12,3.33,,105,tarde,polvoriento,3,36.6,0
C,200,83.53,5.08,6.57,87,manana,seco,1,51.66,0
A,7993,67.16,3.34,6.42,43,tarde,polvoriento,3,39.18,0
A,210,58.61,3.47,5.63,26,manana,seco,1,49.65,0
A,7198,77.46,5.06,,132,manana,humedo,4,48.3,1
B,319,73.41,2.12,7.09,201,manana,humedo,1,41.1,0
C,8143,64.66,5.62,5.2,181,tarde,seco,0,55.91,0
A,4012,59.38,3.67,6.39,69,manana,seco,3,44.29,0
A,5905,74.33,4.5,5.5,101,tarde,seco,4,42.33,0
A,6455,73.44,4.05,6.88,59,manana,humedo,3,47.42,0
A,5510,79.68,1.87,6.58,53,tarde,humedo,1,44.79,0
B,6782,71.65,5.01,4.8,40,manana,seco,2,49.99,0
C,6715,68.86,3.85,6.32,141,tarde,humedo,3,48.84,1
C,4281,68.29,4.57,6.22,94,manana,seco,1,49.78,0
C,5943,65.65,2.49,5.26,65,noche,humedo,1,48.54,0
A,5783,58.69,5.2,7.08,62,manana,polvoriento,1,49.39,0
C,4759,56.06,5.01,6.41,128,manana,seco,1,33.08,0
C,4782,55.72,5.06,6.39,131,manana,seco,1,32.97,0
B,6099,62.73,3.54,6.25,84,noche,seco,4,45.77,0
C,3671,79.04,6.31,5.54,36,noche,seco,2,41.09,0
A,10048,68.48,4.13,6.78,101,manana,seco,1,42.95,0
A,8118,56.23,3.54,6.37,76,noche,seco,2,53.99,0
A,3927,64.73,4.43,6.17,76,noche,humedo,1,39.26,0
B,3365,60.04,4.8,5.99,56,tarde,seco,4,45.75,0
A,6360,65.62,5.39,5.69,50,noche,humedo,1,34.34,0
B,4322,61.54,4.17,7.15,173,tarde,,1,54.31,0
A,2386,83.71,4.06,6.81,70,manana,seco,1,38.61,0
C,5485,71.38,5.03,6.41,93,manana,humedo,0,41.59,0
A,8414,79.88,,6.94,79,tarde,polvoriento,4,40.51,0
C,5962,55.98,3.76,6.2,56,noche,polvoriento,3,42.91,0
B,3952,61.84,2.84,6.48,54,noche,seco,2,41.69,0
A,2807,75.48,5.88,6.4,163,tarde,humedo,2,42.37,0
B,11504,70.64,5.2,5.9,91,tarde,humedo,4,42.93,0
A,2876,68.63,4.58,6.12,26,tarde,,4,41.63,0
A,7664,69.07,4.51,6.7,108,manana,seco,3,51.2,0
A,6962,86.66,5.24,5.98,60,noche,humedo,2,42.15,0
B,5057,65.58,3.28,5.51,123,manana,seco,3,42.71,0
B,5385,50.6,4.43,4.9,153,manana,seco,4,41.07,0
C,9096,74.88,4.1,7.38,70,noche,seco,0,60.7,0
B,5120,59.14,4.62,7.54,129,tarde,humedo,1,53.52,0
A,7565,67.29,5.38,7.64,60,tarde,polvoriento,2,39.92,0
C,8594,64.29,5.15,6.27,72,noche,seco,5,53.24,0
B,3362,62.77,5.69,6.19,96,noche,seco,1,36.55,0
A,2445,73.0,2.76,,106,noche,humedo,2,50.14,0
A,7248,63.48,4.38,7.13,65,manana,humedo,3,45.09,0
A,4069,65.6,3.54,5.99,170,noche,humedo,2,51.83,0
C,2662,79.91,3.39,5.3,84,noche,humedo,2,38.66,0
A,5191,60.88,4.15,6.61,173,tarde,seco,3,38.93,0
C,5002,51.75,5.53,6.72,107,noche,seco,0,50.32,1
A,7458,66.53,3.6,6.65,72,tarde,seco,1,53.61,0
B,1073,77.86,3.06,5.56,54,noche,seco,3,35.79,0
C,4444,64.87,5.28,7.17,106,noche,seco,1,50.37,0
B,6544,70.84,3.68,5.62,110,manana,seco,5,36.52,0
C,5203,76.41,3.89,7.05,56,tarde,humedo,1,41.56,0
A,1852,55.05,5.34,6.54,38,noche,humedo,2,49.09,0
A,8761,63.52,5.8,6.24,85,manana,,3,43.24,0
C,4821,63.52,3.36,6.43,161,noche,seco,2,41.31,0
A,5843,75.75,3.38,6.98,58,tarde,humedo,3,48.47,0
A,6197,66.01,3.61,6.53,101,manana,humedo,6,52.74,0
A,5178,56.45,2.75,6.7,64,tarde,polvoriento,1,47.91,0
A,4220,67.29,4.78,6.23,65,manana,seco,1,42.39,0
C,5338,68.21,3.62,6.48,99,manana,polvoriento,1,52.88,0
C,2832,66.42,3.51,6.63,102,tarde,seco,6,51.59,0
A,5629,67.64,2.3,6.65,72,noche,seco,3,40.36,0
C,3269,81.34,3.89,7.44,52,manana,humedo,1,30.51,0
A,3860,71.02,3.0,6.49,204,manana,humedo,3,42.47,1
A,4969,77.65,4.24,6.37,99,noche,seco,3,46.03,0
A,7389,64.99,6.02,5.88,142,tarde,humedo,0,46.63,0
A,6956,62.65,4.75,6.13,19,tarde,polvoriento,3,49.22,0
C,6672,73.01,3.76,5.68,27,noche,polvoriento,1,61.0,0
B,7104,74.07,3.33,5.33,61,manana,humedo,0,36.15,0
B,673,64.3,2.47,6.62,123,noche,humedo,1,46.91,0
A,3802,61.25,2.84,5.87,105,tarde,polvoriento,2,43.66,0
A,2580,76.98,2.42,6.1,45,manana,humedo,0,48.63,0
B,11112,69.24,4.13,6.59,53,tarde,humedo,2,39.73,0
A,2294,64.74,5.8,6.51,45,noche,humedo,4,38.3,1
B,4782,72.84,3.42,6.43,74,tarde,seco,2,48.33,0
A,5436,69.21,4.96,4.81,41,manana,seco,2,47.42,0
C,5570,65.05,4.11,5.74,58,manana,seco,1,46.55,0
C,5642,86.11,6.14,7.28,36,tarde,humedo,0,40.14,0
B,3870,55.67,3.89,6.07,127,manana,seco,3,42.51,0
A,7223,67.41,4.23,6.13,97,tarde,polvoriento,3,42.45,1
B,8218,65.07,2.97,7.23,16,tarde,humedo,6,45.37,0
C,8554,78.12,4.81,6.08,242,tarde,seco,3,44.71,1
A,7367,69.66,2.91,5.38,99,tarde,polvoriento,5,33.27,0
A,5043,66.1,3.72,5.46,28,manana,humedo,3,47.65,0
A,5811,71.61,2.83,6.08,200,noche,seco,1,40.95,1
A,7024,66.38,4.27,5.65,238,manana,polvoriento,4,47.06,0
A,1260,60.54,4.99,,53,manana,seco,0,27.13,0
B,4821,59.79,4.23,6.33,196,noche,polvoriento,2,38.5,0
A,5978,78.52,3.27,6.75,150,noche,seco,3,48.88,0
B,8978,66.95,2.52,6.91,27,noche,polvoriento,2,41.51,0
B,5043,64.98,,6.2,44,tarde,seco,0,49.88,0
A,1897,54.72,5.41,6.55,38,noche,humedo,2,49.43,0
A,1483,74.96,2.84,6.17,82,manana,polvoriento,2,31.71,0
A,7501,59.76,3.8,6.1,120,noche,seco,2,43.86,0
C,5481,67.39,6.5,5.81,25,noche,seco,2,53.11,0
B,5452,84.36,4.56,6.54,185,tarde,seco,2,43.93,0
B,2437,71.56,4.89,4.67,169,manana,seco,0,50.61,0
B,4622,56.81,4.39,6.95,80,noche,seco,1,32.5,0
B,6732,63.12,3.12,7.18,25,manana,seco,4,34.89,0
A,4847,60.73,3.79,6.67,110,tarde,humedo,3,45.81,1
A,1950,64.29,5.78,5.34,95,noche,seco,1,46.26,0
A,7947,67.36,3.35,6.44,44,tarde,polvoriento,3,39.2,0
A,4326,60.13,4.66,6.7,100,tarde,seco,2,53.12,0
C,7335,74.57,4.2,,98,noche,seco,2,56.42,0
C,3984,58.41,5.07,6.59,245,tarde,seco,2,54.59,0
B,1208,58.61,1.85,5.79,120,noche,polvoriento,3,57.97,0
A,5876,63.2,4.96,6.38,152,manana,polvoriento,3,44.11,0
A,6061,65.55,3.92,6.38,86,noche,polvoriento,4,47.67,0
A,3007,68.71,3.07,6.12,59,noche,humedo,4,42.66,0
C,5391,68.09,3.59,6.5,99,manana,polvoriento,1,52.97,0
B,4657,70.41,4.44,6.27,79,tarde,polvoriento,1,58.48,0
B,3349,60.81,3.42,6.64,125,tarde,seco,0,60.59,0
A,4602,75.03,3.6,6.47,51,noche,polvoriento,2,39.73,0
B,5893,68.99,6.36,5.13,24,manana,humedo,3,43.6,0
A,7018,73.44,2.35,7.86,74,manana,seco,1,55.09,0
B,5982,74.58,4.46,4.84,243,tarde,polvoriento,0,28.49,0
A,7030,72.17,2.59,6.1,100,tarde,polvoriento,5,38.34,0
B,4171,58.45,4.71,5.3,19,tarde,seco,1,47.63,0
A,2545,65.37,4.75,6.7,92,noche,seco,1,47.4,0
B,4959,79.54,2.19,6.59,106,manana,seco,1,51.21,0
C,9119,74.75,4.44,6.08,101,manana,seco,1,42.9,0
B,4358,78.02,4.61,6.18,61,noche,seco,0,37.62,0
A,4912,68.17,3.66,5.94,90,noche,seco,3,52.36,0
B,6485,79.07,4.19,5.83,201,tarde,humedo,1,36.91,0
A,6461,67.12,5.07,7.03,69,tarde,seco,2,43.51,1
A,4133,75.96,3.58,5.73,106,manana,humedo,0,45.17,0
B,7199,66.84,5.33,7.33,133,tarde,seco,3,44.96,0
A,2170,71.11,3.35,6.7,43,manana,humedo,2,37.77,0
A,6591,61.93,3.98,6.61,44,tarde,seco,0,54.61,0
A,6869,74.74,4.1,6.89,132,manana,humedo,1,43.59,0
A,4769,66.67,4.39,7.26,89,manana,seco,1,48.63,0
C,6004,79.86,2.7,6.51,60,manana,seco,1,48.99,0
B,1557,69.66,1.81,6.25,40,manana,humedo,0,41.9,0
C,3553,67.42,4.77,6.81,30,manana,polvoriento,3,60.04,0
A,2469,61.93,4.34,6.4,67,tarde,humedo,3,55.71,0
A,7302,85.58,3.64,5.63,28,noche,humedo,1,55.98,0
B,5444,74.57,4.05,5.74,55,noche,seco,4,45.41,0
B,4267,70.91,3.64,6.44,55,tarde,humedo,1,37.01,0
A,7808,63.37,2.99,6.87,67,manana,humedo,2,42.39,0
A,7009,67.99,3.12,8.08,61,tarde,humedo,2,40.64,0
B,9674,81.97,3.65,5.93,72,manana,polvoriento,1,43.9,0
B,7675,60.72,3.54,7.14,40,noche,seco,1,41.11,0
B,6535,66.04,3.28,4.9,29,manana,polvoriento,1,44.37,1
C,9799,62.18,3.61,7.22,52,tarde,humedo,5,57.43,0
A,4956,71.72,3.59,6.17,73,manana,seco,4,48.94,0
A,6429,63.41,3.27,6.73,79,tarde,seco,2,46.02,0
B,4622,65.82,3.42,6.3,284,tarde,seco,2,53.02,0
A,6468,71.11,4.41,7.45,147,tarde,seco,4,58.57,0
C,4731,56.81,3.77,6.93,22,tarde,seco,1,60.75,0
B,5589,89.2,3.65,6.13,118,tarde,seco,1,45.08,0
C,4106,91.93,4.42,6.54,157,manana,seco,3,49.46,0
A,6728,59.15,6.21,6.79,80,noche,seco,4,49.76,0
A,4117,63.52,2.93,5.7,175,manana,seco,0,47.5,0
A,2803,70.24,3.73,6.51,64,manana,seco,1,34.72,0
B,4498,68.93,4.03,6.22,213,noche,seco,3,53.83,1
B,6483,62.91,4.55,6.13,78,manana,humedo,3,50.24,0
B,3848,55.41,3.89,6.03,126,manana,seco,3,42.52,0
C,6927,63.59,4.32,6.56,184,manana,seco,4,48.64,0
B,3858,71.15,1.65,6.52,25,tarde,humedo,1,36.14,0
C,10059,62.31,5.52,5.63,93,manana,seco,1,64.42,0
B,5059,70.81,3.99,5.56,97,noche,seco,3,46.66,0
A,5697,60.37,5.09,6.29,154,manana,seco,3,46.95,0
A,2176,67.0,3.54,,99,manana,seco,1,42.97,0
B,1326,79.93,4.47,6.26,120,noche,humedo,1,51.42,0
A,7862,57.05,3.1,7.02,53,noche,polvoriento,4,46.41,0
B,5619,69.4,3.95,5.51,56,noche,seco,2,41.82,0
C,1099,68.75,4.69,7.21,142,manana,humedo,0,57.7,0
C,7661,69.73,3.35,6.88,79,noche,seco,1,57.51,0
A,3243,58.69,3.85,6.2,17,tarde,seco,3,37.96,0
B,5786,73.34,5.49,5.46,16,tarde,seco,0,50.93,0
A,6406,58.46,4.8,6.94,67,tarde,humedo,4,53.77,0
A,8414,58.57,2.26,6.13,67,manana,seco,0,42.85,0
A,4166,68.72,2.77,5.09,69,manana,polvoriento,1,41.54,0
A,3979,62.01,2.45,6.29,87,tarde,polvoriento,2,34.25,0
A,4402,76.04,2.53,6.3,146,tarde,seco,1,39.02,0
A,4682,68.17,4.97,7.43,124,tarde,seco,3,34.17,0
B,4952,94.1,3.34,5.46,107,manana,seco,1,45.39,0
B,6758,75.8,7.0,5.92,21,tarde,humedo,3,41.37,0
A,7755,76.61,3.89,6.07,157,noche,humedo,1,43.79,0
C,4308,75.01,4.09,6.74,227,noche,humedo,0,42.89,0
A,4581,64.46,3.2,5.97,97,noche,seco,2,51.4,0
A,5167,67.72,3.39,6.08,190,tarde,seco,0,43.27,0
A,851,65.79,,,125,noche,seco,0,33.3,0
C,8187,69.42,3.72,5.23,69,noche,seco,3,56.81,0
C,973,71.01,3.44,6.0,75,tarde,seco,3,49.83,0
C,4562,72.38,4.76,5.32,124,tarde,seco,3,56.04,1
A,8457,64.4,4.29,6.03,52,tarde,seco,1,48.66,0
B,1543,78.96,4.19,6.18,151,noche,seco,1,50.23,0
B,2020,62.58,3.36,5.97,108,tarde,polvoriento,3,40.97,0
B,7472,73.79,3.57,7.31,26,manana,seco,4,55.42,0
C,4495,79.62,4.67,7.33,134,manana,seco,4,53.04,0
B,3796,56.3,2.39,4.71,60,tarde,,1,52.91,0
A,5222,64.97,3.38,6.73,94,tarde,seco,4,44.27,0
C,10216,73.98,6.01,6.53,49,noche,seco,0,49.87,0
B,8349,85.6,3.8,6.7,78,tarde,humedo,4,46.91,0
A,5281,61.37,3.14,6.43,101,tarde,polvoriento,4,35.41,1
C,2737,79.87,3.4,5.28,86,noche,humedo,2,38.59,0
C,6832,63.65,4.33,6.53,187,manana,seco,4,48.9,0
A,4863,74.39,4.55,4.99,76,tarde,humedo,1,51.01,0
A,3135,70.09,2.96,5.55,38,tarde,polvoriento,2,47.54,0
A,8327,65.72,5.66,8.47,37,noche,seco,2,40.03,0
A,2422,81.67,3.06,6.6,60,manana,seco,2,44.47,0
B,1896,59.76,3.19,7.17,33,noche,humedo,3,40.39,0
C,3378,71.96,3.58,7.07,159,manana,humedo,1,46.98,0
A,10111,59.99,4.81,5.65,50,tarde,seco,2,54.56,0
A,10246,61.78,3.99,5.52,68,manana,seco,1,44.24,0
B,4332,57.12,3.26,6.9,96,tarde,seco,1,51.93,0
A,5537,53.43,2.24,6.82,115,manana,polvoriento,2,33.1,0
A,4550,67.39,2.89,6.48,29,noche,humedo,2,48.55,0
A,3578,67.07,2.52,6.25,254,noche,seco,0,39.53,0
A,6019,81.84,4.06,7.34,87,tarde,humedo,1,51.6,0
A,6449,62.69,5.64,6.81,94,tarde,humedo,0,51.81,0
A,3727,54.8,4.07,6.3,58,manana,seco,2,47.99,0
C,4865,51.85,5.54,6.73,104,noche,seco,0,50.38,1
A,5319,71.45,4.23,6.63,72,manana,humedo,1,47.53,1
A,3481,48.14,3.25,4.96,91,tarde,seco,0,43.53,0
B,3973,61.85,2.85,6.47,52,noche,seco,2,41.68,0
C,4850,66.11,2.65,6.41,73,tarde,polvoriento,1,32.92,0
C,3648,64.37,5.4,6.81,45,manana,humedo,2,48.13,0
B,2681,69.03,3.64,6.17,206,tarde,seco,3,42.0,0
A,2408,70.08,4.32,6.12,27,tarde,polvoriento,0,55.83,0
A,9201,81.28,5.46,5.3,98,noche,seco,6,41.82,1
B,6411,71.65,5.06,5.37,99,manana,polvoriento,2,53.35,0
B,3659,69.97,3.83,5.99,99,noche,humedo,2,44.28,0
A,6363,62.69,5.58,6.81,92,tarde,humedo,0,51.94,0
A,5511,75.1,4.72,6.42,32,manana,seco,3,50.94,0
A,8009,56.41,4.64,5.6,39,manana,seco,3,44.08,1
B,6176,74.28,,6.47,168,manana,seco,4,64.44,0
C,7960,65.15,5.46,7.17,32,noche,humedo,2,56.21,0
B,7411,67.99,4.38,4.84,96,noche,seco,1,47.02,0
B,4001,56.56,4.38,5.72,61,noche,humedo,2,41.03,0
B,3659,57.49,4.77,5.87,57,manana,humedo,1,28.88,1
C,3514,69.94,3.96,5.8,141,tarde,seco,1,46.49,0
A,1254,60.43,5.01,,53,manana,seco,0,27.23,0
A,5226,64.96,3.38,6.77,94,tarde,seco,4,44.47,0
A,3663,72.54,3.46,6.46,161,noche,humedo,2,41.77,0
A,3244,53.98,4.71,5.77,23,manana,seco,2,48.53,0
A,7750,68.57,4.41,6.22,64,manana,seco,2,47.82,0
A,3461,75.24,2.29,6.87,81,tarde,humedo,1,43.93,0
B,5448,67.77,4.58,5.24,201,tarde,humedo,2,43.36,0
C,3308,72.04,3.62,7.04,160,manana,humedo,1,46.97,0
A,4227,67.82,2.64,6.42,38,noche,seco,1,54.56,0
B,4883,73.77,5.29,6.45,20,tarde,humedo,0,37.57,0
B,7828,80.56,4.32,6.06,85,tarde,seco,5,58.07,0
A,6251,79.25,3.76,8.69,47,noche,seco,1,43.51,0
C,5478,83.96,6.07,5.61,72,noche,humedo,2,44.96,1
A,4396,60.03,4.62,6.74,95,tarde,seco,2,53.69,0
A,6915,59.01,4.47,5.78,82,tarde,seco,2,36.6,0
C,7756,70.14,3.56,5.89,92,tarde,seco,5,51.4,0
A,9532,61.95,2.7,,54,manana,humedo,3,40.55,0
C,6787,67.36,5.49,6.49,216,noche,seco,4,50.77,1
A,4366,58.65,2.81,6.08,30,noche,seco,4,49.45,0
C,2901,71.78,3.23,9.23,41,noche,seco,3,57.2,0
B,2739,55.09,2.79,5.99,164,noche,seco,0,46.67,0
A,1393,66.21,4.2,6.5,70,tarde,humedo,1,42.45,0
A,8390,60.3,4.48,6.94,100,manana,seco,2,46.11,0
C,5581,92.04,5.37,6.31,67,manana,polvoriento,1,58.18,0
A,5696,63.73,4.22,5.71,63,tarde,seco,1,47.02,0
A,3824,63.41,2.58,,12,noche,seco,4,49.48,0
B,4090,77.3,5.33,6.52,59,manana,seco,0,49.28,0
B,6934,76.63,3.17,6.85,48,manana,seco,1,38.31,0
C,4892,67.92,4.32,6.86,70,tarde,polvoriento,3,58.03,0
C,5930,83.8,2.48,6.49,50,noche,humedo,5,51.95,0
C,6931,89.8,4.86,6.13,161,tarde,humedo,6,52.61,0
A,1856,75.79,3.11,6.0,76,noche,seco,2,49.18,0
B,7078,68.27,4.3,5.16,30,manana,humedo,3,40.28,1
C,4867,61.36,3.14,6.22,181,manana,polvoriento,1,47.69,0
A,7931,60.65,3.6,6.4,98,manana,polvoriento,0,47.63,0
A,2869,67.23,3.45,7.09,93,tarde,polvoriento,2,45.22,0
B,11125,77.3,4.9,5.13,53,tarde,polvoriento,2,42.7,0
B,8529,81.65,3.49,5.91,79,noche,humedo,1,58.36,0
B,7526,63.34,4.4,6.76,38,manana,polvoriento,1,42.55,0
B,6452,57.52,3.91,5.25,39,tarde,seco,2,38.54,0
B,5721,68.67,4.02,6.26,16,manana,seco,2,51.71,0
B,4047,80.25,,5.74,108,manana,,1,48.43,0
B,5994,61.67,5.06,7.1,166,manana,seco,0,46.25,0
A,4815,57.34,3.08,5.87,74,tarde,seco,1,41.64,0
B,7717,60.95,4.1,,27,tarde,polvoriento,3,49.67,0
A,8414,59.95,4.43,6.98,100,manana,seco,2,46.16,0
A,4235,81.27,3.7,7.31,60,tarde,humedo,2,32.42,0
B,5127,75.28,3.08,6.7,31,manana,,2,35.0,0
A,2272,64.34,5.73,6.51,42,noche,humedo,4,38.23,1
A,1949,69.25,2.24,8.09,69,tarde,seco,2,42.88,0
A,5468,51.86,3.83,5.83,129,tarde,seco,5,48.71,0
C,1868,85.77,5.78,6.17,150,tarde,seco,4,51.03,0
B,8340,76.38,3.84,5.48,61,tarde,seco,5,34.95,0
B,5202,65.08,4.28,6.24,60,manana,seco,0,59.93,0
C,8295,64.46,5.67,5.2,179,tarde,seco,0,56.21,0
B,8317,66.27,3.44,5.91,53,tarde,seco,1,47.69,0
A,3626,76.43,5.94,6.32,95,manana,seco,1,45.9,0
A,7017,56.73,3.85,5.37,20,noche,seco,4,44.33,0
C,6070,88.36,5.53,6.43,70,tarde,humedo,2,45.57,0
A,4277,62.44,1.39,7.38,58,tarde,seco,0,31.76,0
A,3144,61.16,3.06,7.15,130,tarde,seco,0,31.37,0
A,8544,56.68,4.38,6.1,102,tarde,polvoriento,0,49.69,1
A,6854,56.07,2.6,7.28,59,noche,polvoriento,2,37.27,0
A,6759,65.49,3.59,5.5,40,tarde,seco,3,37.86,0
B,3040,71.28,2.1,5.69,126,tarde,seco,2,37.49,0
A,2388,73.36,2.93,6.38,125,manana,humedo,1,45.67,0
C,3858,58.04,3.57,6.67,104,manana,seco,2,53.68,0
B,5596,81.08,2.19,6.56,48,manana,humedo,2,40.83,0
C,4483,64.75,5.25,7.17,108,noche,seco,1,50.13,0
C,4429,67.36,3.41,6.4,59,tarde,seco,1,46.41,0
A,2795,61.47,3.85,6.89,50,manana,seco,2,40.05,0
B,7170,62.68,1.75,6.5,44,tarde,seco,2,49.45,0
A,3811,49.56,2.76,5.91,29,manana,seco,3,32.18,0
A,3904,75.88,1.29,6.71,94,tarde,seco,1,50.86,0
A,4523,62.05,3.31,6.59,117,noche,polvoriento,4,54.36,0
A,8107,67.65,3.53,7.28,210,tarde,humedo,1,54.13,0
A,4531,62.14,3.35,6.64,118,noche,polvoriento,4,54.56,0
A,1975,63.04,3.34,6.67,153,manana,polvoriento,0,53.76,0
B,3626,55.58,3.85,5.04,81,manana,seco,2,43.94,0
A,6716,65.38,3.61,5.5,42,tarde,seco,3,37.58,0
A,6706,63.35,3.11,5.46,58,noche,seco,1,49.94,0
B,2282,68.8,3.83,5.73,92,noche,polvoriento,0,40.67,0
B,2936,65.83,3.55,6.12,38,manana,seco,4,48.91,0
A,3438,71.14,1.81,6.24,22,manana,humedo,2,34.68,0
A,5409,59.83,4.89,6.86,73,manana,seco,2,50.45,0
B,7712,70.58,4.21,6.52,25,noche,polvoriento,1,37.55,0
B,4552,65.11,3.53,6.54,156,noche,seco,5,53.51,0
A,2362,62.87,4.11,6.25,39,tarde,seco,3,53.77,0
A,329,65.15,3.67,7.54,130,tarde,humedo,2,35.53,0
A,11378,69.98,6.68,7.21,130,noche,seco,2,48.89,0
A,7338,63.66,4.35,7.12,66,manana,humedo,3,45.01,0
B,3403,62.42,5.67,6.21,94,noche,seco,1,36.67,0
C,7849,82.86,4.92,7.21,42,noche,humedo,0,56.7,0
C,4756,61.33,3.16,6.2,182,manana,polvoriento,1,48.01,0
A,222,58.19,3.46,5.65,26,manana,seco,1,49.99,0
C,7387,71.12,4.02,6.81,93,tarde,seco,3,34.52,0
A,4504,65.88,2.25,5.67,36,manana,seco,1,48.6,0
A,5626,67.88,4.85,6.83,49,noche,seco,1,54.83,0
B,2418,63.32,4.23,5.85,233,noche,polvoriento,0,52.39,0
B,3256,69.64,4.6,5.68,81,tarde,polvoriento,1,37.49,0
A,200,64.49,3.76,5.84,92,tarde,seco,1,36.21,0
B,6609,65.52,4.78,5.0,19,noche,polvoriento,2,44.61,0
A,5423,67.9,5.75,6.68,151,tarde,seco,3,37.78,0
C,4365,78.0,3.83,7.49,115,manana,seco,2,41.8,0
A,4681,73.05,3.63,,120,tarde,,1,36.33,0
B,6561,66.24,4.51,6.84,104,tarde,humedo,3,39.08,0
C,8171,69.3,3.7,5.23,70,noche,seco,3,56.56,0
B,4942,69.74,5.67,4.94,43,manana,humedo,3,36.99,0
A,224,74.75,4.93,6.23,143,manana,seco,1,47.54,0
A,7558,78.59,1.88,7.53,86,manana,humedo,8,35.14,1
A,5769,81.32,1.7,6.98,60,manana,polvoriento,6,35.12,0
A,1993,60.67,1.21,6.62,140,tarde,seco,0,49.23,0
C,7307,83.57,6.55,5.62,176,manana,seco,4,51.49,1
A,200,64.13,3.83,5.85,93,tarde,seco,1,36.39,0
A,6673,67.0,4.33,6.5,62,noche,humedo,3,43.24,0
C,8048,88.68,6.51,6.25,136,manana,seco,4,56.0,1
B,3949,47.34,3.7,5.36,72,noche,polvoriento,0,39.33,0
A,4162,75.31,4.07,6.97,181,manana,seco,0,56.03,0
A,2829,70.43,3.69,6.49,62,manana,seco,1,34.53,0
C,1025,71.34,3.4,6.04,73,tarde,seco,3,49.88,0
B,3659,86.22,2.36,4.82,9,tarde,humedo,3,45.77,0
B,2967,76.71,3.48,7.01,58,tarde,humedo,3,59.04,0
A,4850,62.37,2.48,6.79,36,noche,polvoriento,2,38.93,0
A,9227,81.38,5.47,5.27,94,noche,seco,6,41.75,1
B,7254,67.88,2.83,,100,manana,seco,1,30.24,0
A,6944,66.48,4.27,5.65,237,manana,polvoriento,4,47.42,0
A,5006,78.23,2.8,6.89,42,tarde,seco,3,36.97,0
B,8139,60.55,3.83,7.04,93,tarde,seco,4,34.63,1
C,2766,64.58,5.73,6.99,250,manana,seco,0,69.23,1
A,8135,59.8,3.95,6.05,25,tarde,humedo,2,53.36,0
A,8015,56.47,4.62,5.61,40,manana,seco,3,44.2,1
C,3542,64.46,5.34,6.78,46,manana,humedo,2,47.68,0
B,5550,61.1,4.48,5.76,107,noche,polvoriento,6,45.61,0
A,8109,56.99,4.44,6.07,68,manana,humedo,5,51.01,0
A,4931,68.02,3.7,6.76,111,manana,seco,3,30.15,0
C,7649,70.19,3.55,5.87,91,tarde,seco,5,51.42,0
B,11133,69.06,4.2,6.56,53,tarde,humedo,2,39.57,0
A,5825,81.52,1.74,6.97,60,manana,polvoriento,6,34.65,0
C,6699,58.67,5.03,5.3,54,noche,seco,2,57.83,0
B,2687,67.61,3.42,5.5,83,tarde,seco,0,52.1,0
B,5307,91.98,3.01,5.29,51,tarde,,1,47.2,0
A,4624,57.12,3.76,5.21,153,noche,seco,4,48.19,0
B,9381,67.85,2.0,6.8,46,tarde,seco,2,54.1,0
A,5885,74.81,3.01,6.93,73,manana,seco,5,56.51,0
A,10084,79.0,6.17,6.92,71,tarde,humedo,3,59.65,1
C,7488,71.7,5.21,6.16,100,manana,seco,0,47.52,0
A,6974,65.24,6.25,7.71,37,tarde,,3,42.52,0
C,7537,80.3,3.33,,110,noche,humedo,5,58.55,0
A,6586,67.56,5.06,7.07,70,tarde,seco,2,44.31,1
A,6664,60.95,3.76,7.19,158,manana,seco,2,41.21,0
B,4334,61.68,2.42,6.03,26,noche,humedo,2,44.39,0
C,7497,80.49,3.32,,113,noche,humedo,5,58.75,0
A,5276,59.67,5.16,6.35,44,noche,polvoriento,0,43.55,0
B,2964,73.42,5.6,6.99,74,tarde,humedo,3,47.67,1
A,5769,73.66,4.34,4.95,93,manana,seco,2,41.5,0
A,2540,70.28,4.31,6.1,25,tarde,polvoriento,0,55.84,0
B,5171,70.16,3.41,5.65,125,tarde,seco,3,48.73,0
A,6110,71.81,3.85,6.44,103,manana,polvoriento,1,48.55,1
B,4370,51.54,4.85,6.55,100,noche,polvoriento,3,32.37,1
B,7756,71.86,2.96,6.45,47,noche,seco,2,41.29,0
A,6019,78.65,3.3,6.75,149,noche,seco,3,48.39,0
A,4693,62.0,3.07,5.99,61,tarde,humedo,3,52.69,0
B,6573,55.9,3.15,5.11,51,manana,humedo,3,44.99,0
A,5524,73.04,4.59,7.06,69,tarde,seco,1,45.4,0
A,3448,77.39,4.85,5.71,113,manana,humedo,1,42.12,0
A,4852,74.57,,4.99,132,manana,polvoriento,1,41.88,0
A,8535,76.13,3.15,5.61,27,tarde,seco,4,49.35,0
C,3361,70.27,5.4,7.29,35,noche,humedo,3,45.48,1
A,7417,68.79,3.55,6.79,162,tarde,humedo,3,37.97,0
A,7134,68.89,4.52,5.53,158,tarde,humedo,2,44.3,1
A,3734,91.15,3.69,6.59,84,manana,polvoriento,2,64.51,0
A,5053,61.63,3.08,6.37,90,manana,humedo,2,42.33,0
C,6992,78.78,3.99,6.5,99,tarde,humedo,4,56.37,0
B,2796,72.24,3.86,5.62,122,tarde,seco,0,41.15,0
B,8130,53.06,4.65,5.46,57,noche,seco,1,33.7,0
B,6064,71.08,3.03,6.65,217,tarde,humedo,0,44.82,1
A,6582,63.99,3.59,6.81,17,tarde,seco,2,52.7,1
C,4333,68.89,5.69,5.82,80,noche,seco,1,50.37,0
B,6739,75.81,6.97,5.91,23,tarde,humedo,3,41.46,0
A,3223,62.99,4.07,5.81,50,manana,seco,1,51.62,0
A,5679,71.64,2.43,7.07,47,tarde,,2,48.51,0
A,4951,67.05,2.54,6.54,102,manana,polvoriento,1,55.44,0
A,4295,58.47,2.85,6.1,31,noche,seco,4,49.0,0
B,5358,81.42,5.06,6.33,68,manana,humedo,2,48.93,0
C,4815,66.07,2.65,6.43,74,tarde,polvoriento,1,33.31,0
B,5158,74.3,4.36,,123,tarde,seco,2,48.81,0
A,2898,69.77,3.45,4.98,44,noche,humedo,2,39.01,0
A,7682,74.14,4.49,6.41,43,manana,seco,1,47.87,0
B,5137,52.22,5.3,6.57,119,tarde,humedo,2,45.97,0
A,8996,67.57,2.4,5.92,150,noche,seco,5,48.28,0
A,7934,54.76,4.49,7.07,117,manana,humedo,4,44.65,0
B,200,62.19,4.32,5.63,31,manana,polvoriento,2,42.44,0
B,3409,69.77,1.42,7.15,71,manana,seco,1,39.23,0
A,5525,62.01,3.45,5.92,88,tarde,seco,4,45.69,0
B,2292,76.16,1.65,6.51,85,tarde,seco,3,39.22,0
C,5336,75.6,3.66,7.44,46,tarde,seco,2,54.87,0
C,3737,74.79,4.54,5.86,136,noche,humedo,4,49.94,0
B,1990,65.23,3.49,7.59,92,manana,seco,2,44.78,0
B,4486,84.98,2.24,7.69,32,tarde,seco,1,45.49,0
B,4372,69.51,5.48,5.5,78,tarde,humedo,2,53.3,0
A,1194,66.03,2.75,6.22,108,tarde,seco,0,53.97,0
C,4943,85.53,6.14,5.76,116,noche,seco,3,48.49,1
A,4632,72.21,3.18,5.28,116,manana,seco,1,42.12,0
C,4037,76.48,4.89,6.74,17,noche,humedo,3,53.68,0
B,4610,66.02,3.81,7.41,84,noche,seco,0,29.97,0
C,4767,77.19,3.99,5.01,25,manana,humedo,2,58.71,0
A,3973,72.77,3.58,7.25,56,noche,seco,2,47.45,0
B,8662,68.52,4.44,5.91,77,tarde,humedo,4,32.24,0
A,4150,78.16,2.87,6.95,137,manana,seco,1,38.88,0
A,6010,87.89,3.41,7.25,78,tarde,polvoriento,1,32.34,0
B,5853,69.82,2.5,4.93,63,noche,seco,2,46.38,0
A,3537,62.58,4.38,5.64,44,noche,seco,2,41.53,0
B,7008,67.13,5.85,6.14,53,tarde,seco,1,54.02,0
A,9001,67.29,2.42,5.96,150,noche,seco,5,48.55,0
B,4074,77.87,2.09,5.92,89,tarde,humedo,3,47.86,0
B,7041,69.65,2.25,6.38,69,tarde,seco,2,40.04,0
A,2794,61.91,3.89,6.9,48,manana,seco,2,39.85,0
C,4223,66.92,4.33,6.52,36,tarde,seco,2,55.27,1
A,7019,71.92,2.59,6.1,99,tarde,polvoriento,5,38.08,0
A,4619,61.51,3.9,6.29,87,tarde,seco,1,45.11,0
B,4683,69.17,4.08,5.61,121,noche,humedo,1,49.9,0
A,959,77.24,2.81,7.24,183,manana,seco,3,32.65,0
C,6324,71.09,3.89,7.21,89,noche,seco,1,53.01,0
A,5739,73.58,4.34,4.97,96,manana,seco,2,41.6,0
A,7667,64.99,3.08,5.94,23,tarde,seco,2,36.29,0
C,6321,64.04,5.0,5.36,24,tarde,humedo,3,52.24,0
A,9943,66.27,4.06,6.48,150,noche,humedo,2,61.79,0
A,8328,65.82,5.67,8.52,38,noche,seco,2,40.35,0
A,5010,54.77,3.91,7.27,164,tarde,humedo,0,46.01,0
C,4739,56.12,3.75,6.9,20,tarde,seco,1,61.06,0
A,5907,73.71,4.5,5.55,99,tarde,seco,4,42.2,0
B,9057,66.7,2.51,6.93,28,noche,polvoriento,2,41.71,0
B,4318,75.87,2.4,5.33,162,manana,seco,0,45.28,1
B,3638,69.45,4.04,7.09,133,tarde,humedo,1,41.16,0
A,5063,72.55,3.03,8.14,39,noche,seco,3,35.15,0
A,7418,80.57,3.43,7.28,41,tarde,seco,3,48.63,0
B,9423,64.03,4.27,5.81,101,tarde,seco,2,48.02,0
A,8330,58.33,2.26,6.1,67,manana,seco,0,42.69,0
C,2937,83.65,4.3,6.56,46,noche,humedo,4,52.57,0
A,6059,78.79,3.31,6.72,148,noche,seco,3,47.91,0
B,2265,68.54,3.23,6.53,19,tarde,humedo,3,40.74,0
C,2745,63.95,5.77,6.97,254,manana,seco,0,69.12,1
B,6057,74.68,4.4,4.83,243,tarde,polvoriento,0,28.59,0
B,5636,68.78,3.21,5.87,109,manana,humedo,6,52.32,0
C,7821,73.75,3.97,5.1,105,noche,seco,4,64.05,1
B,5747,70.3,4.06,6.07,50,tarde,humedo,4,35.99,0
B,3345,68.14,3.59,6.18,179,manana,seco,1,38.78,0
A,5653,80.29,3.94,6.19,47,manana,seco,1,45.94,0
B,2225,78.73,2.48,4.81,58,tarde,seco,0,44.14,0
C,7139,77.73,3.4,6.59,52,manana,seco,0,53.59,0
A,1216,79.15,3.45,7.1,91,manana,seco,3,46.61,0
A,2590,70.87,3.57,6.11,58,tarde,seco,3,31.8,0
A,2072,64.16,2.76,7.09,228,noche,seco,3,47.46,0
C,6811,68.14,5.32,6.33,15,tarde,humedo,4,48.1,0
A,5566,69.49,4.47,6.8,52,tarde,humedo,3,37.84,0
B,6639,67.54,5.05,6.61,165,noche,polvoriento,3,50.81,0
A,6542,76.39,4.86,7.1,59,manana,seco,4,44.04,1
A,4820,72.19,4.95,6.5,80,tarde,humedo,2,41.3,0
A,4422,58.34,2.8,6.09,28,noche,seco,4,49.74,0
A,200,55.2,2.77,6.21,236,tarde,seco,1,41.62,1
B,3383,80.79,4.09,6.1,140,tarde,seco,4,49.54,0
C,3572,64.68,3.85,8.02,106,tarde,seco,1,49.85,0
B,298,74.69,3.64,5.27,80,tarde,seco,0,38.23,0
A,8034,71.18,3.65,7.44,64,noche,polvoriento,2,42.14,0
B,7534,85.66,3.45,5.92,67,manana,humedo,3,58.73,0
A,5673,86.56,4.41,6.7,63,manana,seco,2,51.59,1
A,5435,78.42,4.85,6.26,161,tarde,humedo,0,35.72,0
A,5036,64.42,3.32,6.28,170,noche,,0,45.95,0
C,4865,66.1,2.65,6.44,75,tarde,polvoriento,1,33.26,0
A,3604,75.61,5.25,4.86,105,tarde,humedo,4,49.58,0
B,6497,68.95,3.28,5.94,70,tarde,polvoriento,3,45.0,0
C,8674,66.61,4.39,6.54,116,tarde,seco,4,65.46,1
C,4307,76.25,3.21,6.32,82,noche,seco,3,39.96,0
B,4832,59.76,4.22,6.29,194,noche,polvoriento,2,38.05,0
A,4490,73.41,4.1,6.22,88,noche,seco,3,55.72,0
A,4020,66.36,2.94,,97,tarde,humedo,3,57.88,0
B,2854,72.26,3.87,6.83,72,noche,seco,0,51.23,0
B,6628,63.18,4.54,6.11,78,manana,humedo,3,50.21,0
C,8233,69.83,3.71,5.23,67,noche,seco,3,56.65,0
B,2742,58.85,3.22,5.66,89,noche,seco,3,56.88,0
B,7966,69.62,3.32,5.69,109,tarde,seco,3,48.8,0
C,1691,77.1,3.24,6.47,27,noche,humedo,1,50.86,0
A,1831,76.8,3.52,7.01,81,noche,seco,4,48.03,0
A,8799,61.15,3.19,5.97,21,manana,polvoriento,2,62.93,0
B,8912,57.19,3.71,4.95,49,noche,humedo,2,56.68,0
C,10056,62.28,5.53,5.63,94,manana,seco,1,64.41,0
B,1424,61.33,2.62,7.4,52,noche,seco,4,30.67,0
A,8391,65.85,5.59,8.49,39,noche,seco,2,40.01,0
B,2950,75.1,3.17,6.0,56,tarde,seco,2,46.37,0
A,7472,63.04,3.92,5.84,47,manana,polvoriento,0,49.3,0
B,2052,69.27,3.97,6.1,52,manana,seco,0,49.28,0
A,9551,60.79,4.07,6.65,64,manana,seco,2,51.99,0
A,7756,71.93,4.79,6.2,152,tarde,polvoriento,0,55.86,1
A,9937,73.59,3.15,6.63,134,manana,seco,3,40.31,0
B,4492,70.47,4.57,5.91,112,tarde,seco,3,49.77,0
A,8723,61.11,3.17,5.94,18,manana,polvoriento,2,62.67,0
B,6279,68.34,4.45,6.47,20,tarde,seco,2,55.88,0
B,5398,85.12,4.28,5.91,69,tarde,seco,1,58.22,0
A,7078,57.97,2.28,6.25,51,tarde,polvoriento,6,45.77,0
C,1324,87.3,5.28,6.88,21,noche,seco,2,55.95,0
B,5549,79.03,2.87,7.79,36,manana,polvoriento,3,35.19,0
C,2751,75.21,4.48,6.86,67,noche,polvoriento,1,59.29,0
A,4916,75.98,3.69,6.17,30,tarde,seco,1,43.35,1
C,4090,71.97,2.79,6.5,85,noche,humedo,3,44.46,0
A,9161,80.23,4.63,7.07,88,tarde,polvoriento,2,34.04,0
B,1212,58.92,1.8,5.76,119,noche,polvoriento,3,57.95,0
A,4985,62.56,2.46,6.76,36,noche,polvoriento,2,38.76,0
B,4338,76.18,2.4,5.33,161,manana,seco,0,45.74,1
C,7013,84.33,4.04,5.58,58,manana,,3,52.31,0
B,5975,88.2,4.37,6.03,50,manana,humedo,1,41.35,0
C,5257,71.94,4.46,6.6,80,manana,seco,2,50.27,0
C,8608,72.1,4.49,5.58,300,noche,polvoriento,0,55.58,1
B,4396,64.79,1.92,6.19,34,tarde,seco,1,42.53,0
A,4983,66.58,1.48,6.36,88,manana,seco,2,47.93,0
C,8023,92.29,5.49,7.3,169,noche,humedo,4,57.64,1
A,3098,67.77,4.7,5.98,181,noche,seco,1,47.08,0
A,2508,72.63,4.75,6.71,82,manana,seco,5,40.82,0
C,5689,64.19,4.04,5.13,68,tarde,humedo,2,52.69,0
A,6810,70.89,4.78,5.78,98,tarde,seco,2,46.71,0
A,9543,67.93,3.19,6.68,87,manana,humedo,2,53.99,0
C,7291,75.36,4.46,6.22,159,manana,polvoriento,0,58.34,0
A,7202,77.13,3.54,6.92,22,manana,humedo,4,53.02,0
A,5544,69.67,4.94,4.83,41,manana,seco,2,47.93,0
B,4154,68.05,3.6,6.47,62,manana,seco,2,41.35,0
C,6479,71.05,3.93,7.21,87,noche,seco,1,53.41,0
B,1929,68.89,1.41,5.8,54,noche,seco,3,47.88,0
C,7233,68.78,4.41,6.58,58,noche,,1,54.7,0
C,6306,64.76,5.13,5.48,41,tarde,seco,4,43.21,1
B,2200,78.13,3.85,5.8,137,manana,humedo,1,38.28,1
A,5068,69.81,4.62,6.02,26,noche,humedo,2,44.8,0
C,10030,62.27,5.51,5.64,92,manana,seco,1,64.21,0
B,4125,79.84,,5.7,107,manana,,1,48.49,0
B,2505,69.17,3.64,6.1,205,tarde,seco,3,42.24,0
A,3996,65.52,4.29,6.01,43,tarde,seco,0,26.16,0
A,6117,66.25,4.28,5.45,17,noche,seco,1,46.17,0
C,3354,81.34,3.98,7.45,54,manana,humedo,1,30.18,0
A,2159,67.78,4.53,5.78,101,manana,seco,2,48.57,0
A,8937,66.85,5.21,5.88,85,tarde,seco,1,43.92,0
B,3456,58.57,3.34,6.37,72,manana,humedo,3,43.44,0
A,7026,87.18,5.24,5.95,60,noche,humedo,2,42.38,0
C,5542,67.56,6.5,5.81,25,noche,seco,2,53.13,0
B,5890,69.72,2.46,4.92,64,noche,seco,2,46.21,0
A,4887,66.18,1.45,6.33,92,manana,seco,2,47.37,0
B,6895,71.83,5.01,4.78,41,manana,seco,2,50.09,0
A,8315,72.11,3.7,7.08,82,tarde,humedo,7,44.53,0
A,4534,63.48,3.03,,24,noche,polvoriento,3,54.45,0
C,2995,78.18,3.34,6.83,55,noche,seco,4,50.03,0
A,1567,53.68,2.35,5.54,70,tarde,seco,0,47.89,0
B,4902,77.11,4.03,6.07,130,manana,polvoriento,2,59.41,0
A,3083,68.17,4.72,5.94,182,noche,seco,1,46.83,0
A,7156,75.64,3.33,5.54,164,manana,seco,3,56.28,1
C,1081,70.87,3.73,7.03,193,tarde,seco,0,48.85,0
B,3813,65.35,3.22,5.85,156,manana,polvoriento,2,30.8,0
C,5739,65.8,2.47,5.25,64,noche,humedo,1,48.43,0
C,4747,56.94,3.82,6.92,23,tarde,seco,1,61.05,0
B,4600,67.27,3.4,7.22,143,noche,humedo,3,46.14,0
A,4631,54.6,3.17,7.33,50,noche,polvoriento,2,43.05,0
C,5790,79.5,5.08,6.28,136,tarde,seco,3,46.45,0
B,6644,78.78,2.5,5.79,49,manana,humedo,3,46.91,1
A,7469,62.76,3.96,5.84,48,manana,polvoriento,0,49.23,0
C,4787,72.46,3.4,7.03,109,noche,polvoriento,1,52.67,0
A,1756,73.56,4.56,6.77,286,manana,seco,2,48.18,0
B,7627,65.03,4.42,4.85,86,tarde,polvoriento,6,44.09,1
A,5984,65.64,3.92,6.41,87,noche,polvoriento,4,47.79,0
C,3964,74.29,5.72,7.24,36,noche,humedo,1,49.76,0
A,4448,75.57,5.87,6.83,76,manana,seco,2,45.84,1
A,3889,81.82,2.4,6.52,80,manana,seco,1,48.4,0
A,5703,64.99,2.57,5.83,219,noche,seco,3,40.24,0
C,6686,68.82,3.82,6.33,144,tarde,humedo,3,48.95,1
C,7309,67.28,4.53,5.11,60,noche,seco,3,55.12,0
B,5500,81.17,3.07,6.04,102,noche,seco,1,48.88,0
C,6146,85.66,5.27,7.03,77,manana,seco,2,50.7,0
B,3178,70.55,2.56,5.32,90,manana,seco,0,41.8,0
A,5843,74.88,2.98,6.92,70,manana,seco,5,56.42,0
B,4923,75.62,4.54,,64,tarde,humedo,3,30.08,1
C,4833,63.05,4.58,7.01,89,noche,seco,1,69.38,0
A,936,77.95,4.12,6.64,12,noche,seco,2,43.88,0
A,6974,56.72,3.91,5.37,19,noche,seco,4,44.36,0
A,2429,54.96,3.01,8.06,122,noche,seco,2,45.2,0
A,6332,81.84,3.15,6.19,197,noche,seco,6,48.17,0
A,4628,56.73,3.78,5.18,152,noche,seco,4,48.41,0
C,3411,84.63,4.46,7.6,201,tarde,seco,1,49.74,1
B,5137,76.15,1.48,6.04,53,manana,polvoriento,2,29.07,0
A,6246,58.38,4.88,6.78,25,manana,seco,0,52.74,0
A,6257,70.51,3.88,7.13,208,tarde,humedo,1,48.39,0
B,2080,55.35,2.35,6.93,46,noche,polvoriento,4,44.05,0
B,7022,71.57,2.37,6.42,31,noche,seco,3,46.22,0
B,6381,86.01,2.14,7.11,68,noche,polvoriento,3,45.24,0
A,3072,52.48,2.6,6.72,103,manana,polvoriento,3,39.72,0
B,9053,52.98,4.61,5.77,19,noche,seco,2,52.75,0
C,6944,63.45,4.27,6.54,186,manana,seco,4,48.91,0
A,5406,81.8,1.38,6.0,80,noche,seco,2,49.09,0
B,3554,57.79,4.26,5.56,167,manana,seco,3,43.49,0
B,5747,64.57,4.17,,148,tarde,humedo,5,30.05,0
A,8967,73.59,4.7,8.02,66,tarde,seco,5,51.48,0
B,3751,67.05,3.83,5.31,49,manana,seco,1,38.39,0
A,9218,62.44,2.29,5.65,126,tarde,seco,3,42.19,1
C,6842,69.1,5.51,6.05,19,manana,seco,3,45.53,0
A,3152,71.91,2.91,7.09,145,tarde,polvoriento,1,37.43,0
C,5599,86.06,6.14,7.26,37,tarde,humedo,0,40.43,0
B,5175,53.83,3.04,5.84,134,manana,humedo,2,41.78,0
C,6915,84.35,4.02,5.55,57,manana,,3,51.87,0
A,2436,61.94,4.35,6.39,66,tarde,humedo,3,55.61,0
B,3870,69.48,2.48,5.64,30,manana,humedo,2,54.97,0
A,3730,75.78,4.17,7.6,112,manana,seco,1,46.28,0
B,7335,80.27,2.83,6.75,112,tarde,humedo,4,56.91,0
B,6847,76.81,3.54,6.55,120,manana,seco,1,50.89,0
A,5561,80.05,3.94,6.19,50,manana,seco,1,45.76,0
B,5923,67.2,3.52,6.84,70,noche,humedo,4,37.47,0
A,3823,61.43,2.79,5.87,105,tarde,polvoriento,2,43.63,0
C,5138,86.92,5.19,6.43,50,tarde,seco,5,51.03,0
C,7403,83.31,6.59,5.56,177,manana,seco,4,51.58,1
C,5400,70.86,6.02,7.24,135,tarde,seco,1,42.23,1
A,6303,64.47,3.83,6.77,30,tarde,seco,2,53.15,0
B,1075,77.76,3.02,5.61,54,noche,seco,3,35.69,0
A,4882,52.36,2.67,6.83,246,manana,polvoriento,1,53.5,0
B,5166,68.19,3.17,,54,manana,seco,2,57.13,0
B,6431,65.25,3.78,6.0,71,tarde,seco,3,54.67,0
B,5142,75.61,4.5,6.21,127,manana,seco,2,54.72,0
B,3901,53.76,3.4,7.58,58,noche,seco,3,35.02,0
A,3503,70.96,1.79,6.23,22,manana,humedo,2,34.39,0
B,2499,62.3,3.0,4.74,130,manana,,1,46.05,0
A,5647,69.39,3.15,6.9,86,manana,polvoriento,0,49.12,0
C,5492,63.07,6.02,5.07,74,manana,seco,3,54.97,0
C,4764,55.99,4.94,6.41,129,manana,seco,1,33.29,0
A,3110,70.11,2.94,5.56,38,tarde,polvoriento,2,47.78,0
C,3669,74.39,4.52,5.85,136,noche,humedo,4,49.44,0
A,1590,53.49,2.35,5.56,72,tarde,seco,0,48.08,0
B,4966,68.51,4.81,,87,manana,seco,3,53.72,0
A,9458,79.56,5.53,5.3,108,noche,humedo,2,55.29,1
A,2311,83.53,4.09,6.83,69,manana,seco,1,39.07,0
A,3399,65.86,2.6,7.19,66,manana,seco,3,34.65,0
C,4792,71.36,6.03,6.02,194,noche,polvoriento,5,56.01,0
A,1924,54.81,5.34,6.57,38,noche,humedo,2,49.15,0
A,7319,64.05,3.77,6.22,50,noche,humedo,2,43.62,0
B,3033,76.61,3.49,7.02,61,tarde,humedo,3,59.04,0
A,2007,81.17,,4.52,38,noche,seco,0,54.67,0
A,5864,65.97,3.79,7.02,120,manana,seco,1,42.68,0
C,6339,84.35,4.85,6.61,39,manana,seco,1,41.83,0
C,8361,75.43,5.65,5.56,140,tarde,humedo,3,33.7,0
C,7923,91.62,5.49,7.26,169,noche,humedo,4,58.24,1
C,6294,69.73,4.75,5.49,55,manana,humedo,2,58.7,0
C,4854,63.44,3.31,6.43,162,noche,seco,2,41.57,0
A,6664,68.12,5.97,6.54,142,tarde,seco,3,46.31,0
B,6070,72.35,2.95,6.06,53,noche,polvoriento,7,29.41,1
B,6340,69.7,5.69,6.51,136,manana,seco,1,43.77,0
A,5521,69.56,3.46,5.91,18,manana,seco,1,47.55,0
B,4355,64.49,1.93,6.16,32,tarde,seco,1,42.77,0
C,7426,74.53,3.5,6.72,119,manana,seco,6,55.63,0
C,7685,70.19,3.5,5.86,91,tarde,seco,5,51.09,0
B,3721,71.59,1.7,6.39,59,manana,polvoriento,6,32.06,0
B,7510,69.01,3.6,6.59,67,manana,seco,5,46.96,1
C,7370,83.31,6.56,5.59,174,manana,seco,4,51.64,1
B,3258,71.5,5.08,5.44,46,manana,humedo,2,50.12,0
B,4505,51.31,4.8,6.51,99,noche,polvoriento,3,32.39,1
A,5383,73.13,4.56,6.99,70,tarde,seco,1,45.86,0
B,4920,80.17,3.79,5.15,33,noche,seco,3,50.7,0
B,8164,61.02,4.23,,125,manana,humedo,1,50.73,0
C,4931,63.29,3.13,,82,manana,seco,4,49.96,0
B,2303,53.58,3.96,6.57,65,manana,humedo,3,41.53,0
B,4584,66.08,3.83,7.42,84,noche,seco,0,29.8,0
C,8657,67.0,4.42,6.57,118,tarde,seco,4,65.38,1
C,7622,86.51,4.14,6.33,159,manana,polvoriento,3,45.44,1
A,1893,72.22,3.2,6.58,117,noche,humedo,0,63.25,0
B,6475,65.26,4.78,4.95,19,noche,polvoriento,2,44.4,0
A,2836,62.02,3.91,6.91,48,manana,seco,2,39.61,0
A,200,51.23,3.13,6.26,112,tarde,seco,1,39.06,0
A,4136,65.63,4.02,5.89,84,tarde,polvoriento,3,43.84,0
B,4276,75.09,4.98,6.77,157,tarde,polvoriento,0,41.51,1
C,4405,69.05,5.7,5.88,80,noche,seco,1,50.08,0
C,9403,65.06,4.24,6.1,107,tarde,seco,4,62.77,0
A,1138,65.86,2.77,6.2,106,tarde,seco,0,54.23,0
B,6590,56.04,3.11,5.11,51,manana,humedo,3,44.73,0
A,6572,64.71,3.14,6.92,124,manana,polvoriento,1,45.41,0
A,6507,60.1,4.91,7.26,59,tarde,seco,0,45.79,0
A,3015,78.05,4.52,6.53,45,tarde,polvoriento,0,45.21,0
A,5007,70.21,3.36,7.27,299,noche,seco,4,50.7,0
A,5066,72.71,3.04,8.16,41,noche,seco,3,35.19,0
A,4883,81.65,6.02,6.65,65,tarde,humedo,1,34.93,0
B,6430,75.43,6.06,4.39,116,tarde,seco,0,36.3,1
B,5854,58.47,4.71,4.49,18,noche,seco,3,57.37,0
B,7112,80.21,5.89,5.91,27,noche,humedo,2,55.45,1
C,2866,84.11,4.26,6.53,46,noche,humedo,4,53.1,0
A,6378,60.93,3.76,6.4,102,tarde,seco,0,39.23,0
B,5931,59.08,2.5,6.44,131,tarde,polvoriento,1,39.69,0
B,9894,69.33,5.92,5.55,93,tarde,humedo,3,31.06,0
B,4393,71.01,3.68,6.39,56,tarde,humedo,1,36.68,0
B,7785,76.54,3.58,6.11,135,tarde,humedo,2,38.62,0
B,2524,79.47,3.58,,62,manana,humedo,3,41.0,1
B,8924,72.89,4.83,5.87,70,tarde,seco,3,44.28,0
A,5615,67.57,4.84,6.78,50,noche,seco,1,55.35,0
C,6452,68.03,4.7,6.61,31,noche,polvoriento,2,62.14,0
B,6756,64.1,4.31,4.75,66,tarde,seco,1,33.54,0
A,4145,72.18,3.28,6.68,135,manana,seco,2,46.09,0
B,6385,86.69,2.05,7.09,67,noche,polvoriento,3,45.08,0
C,4047,63.01,3.69,7.73,15,manana,humedo,3,51.19,0
C,3417,65.52,1.84,6.05,143,tarde,seco,2,48.6,0
C,3717,54.71,2.87,5.82,126,tarde,seco,5,55.95,0
C,943,76.99,4.46,7.33,128,tarde,seco,0,44.15,0
C,7042,77.82,3.88,4.7,42,manana,humedo,2,51.85,0
A,2140,66.45,3.91,5.95,19,manana,seco,1,46.63,0
A,2388,61.82,4.33,6.39,66,tarde,humedo,3,55.69,0
A,2885,66.84,3.46,7.09,94,tarde,polvoriento,2,45.49,0
C,4044,76.6,2.32,7.75,105,manana,seco,0,48.71,0
A,2583,68.06,4.29,7.56,13,manana,seco,0,39.92,0
B,5609,61.96,,5.24,73,manana,seco,6,41.65,0
A,5408,63.55,4.41,5.73,86,manana,seco,2,57.89,0
A,8054,73.7,5.3,6.02,94,tarde,seco,3,49.74,0
B,2113,69.11,3.93,6.08,49,manana,seco,0,49.54,0
A,3341,65.83,3.2,6.48,61,manana,humedo,3,22.75,0
A,9319,63.46,3.87,6.32,85,tarde,,3,39.36,0
A,4062,78.29,4.17,6.36,91,manana,seco,5,39.09,0
B,7779,70.47,4.13,6.5,26,noche,polvoriento,1,38.13,0
B,3641,76.81,4.01,6.01,124,manana,humedo,0,37.99,0
C,3643,74.6,4.56,5.83,135,noche,humedo,4,49.63,0
A,1025,65.67,3.72,6.32,70,tarde,seco,3,46.47,0
A,9442,77.79,4.52,5.71,124,tarde,seco,3,47.09,0
A,4073,66.17,4.29,7.3,50,noche,seco,4,42.2,1
A,7137,68.6,3.15,7.53,33,noche,humedo,2,56.72,0
A,5189,73.72,4.02,6.16,50,manana,polvoriento,2,50.54,0
B,200,69.14,2.89,6.74,27,manana,humedo,1,46.95,0
B,7216,68.04,2.79,,101,manana,seco,1,29.91,0
B,5514,68.07,4.64,5.22,200,tarde,humedo,2,43.21,0
A,7648,69.03,4.55,6.69,107,manana,seco,3,51.38,0
C,5225,60.89,5.41,5.74,85,manana,seco,1,48.62,0
A,5033,92.22,2.4,6.55,162,noche,polvoriento,3,55.61,0
A,4017,69.76,3.3,6.55,98,manana,humedo,2,33.67,0
A,6777,79.67,3.96,6.9,59,noche,polvoriento,3,44.46,1
B,2502,63.7,4.24,5.87,235,noche,polvoriento,0,52.33,0
C,4595,87.82,3.21,6.39,68,manana,seco,3,50.01,0
B,5264,64.66,3.78,,88,noche,humedo,1,41.02,0
C,3591,67.11,4.77,6.77,30,manana,polvoriento,3,60.29,0
A,2889,69.49,3.46,4.96,45,noche,humedo,2,38.46,0
B,2949,63.44,1.31,6.58,59,manana,polvoriento,0,46.9,0
A,3891,72.75,3.54,7.26,56,noche,seco,2,47.68,0
A,5351,73.82,3.0,7.31,40,tarde,seco,3,33.47,0
A,5575,67.05,4.25,6.19,113,tarde,humedo,1,44.28,0
A,3589,69.47,2.54,5.35,95,tarde,seco,3,47.01,0
A,5786,79.33,4.72,6.14,125,manana,seco,2,47.74,0
A,5868,59.05,4.77,6.64,111,manana,humedo,2,40.08,0
C,3783,74.25,5.69,7.22,36,noche,humedo,1,49.67,0
C,4898,70.86,,6.13,78,tarde,seco,2,53.31,0
A,5559,64.57,2.52,6.52,39,tarde,humedo,4,50.51,0
A,3846,69.13,4.57,5.78,70,manana,polvoriento,0,46.61,1
B,3902,61.04,1.56,7.01,131,noche,humedo,1,39.85,0
B,2104,73.93,4.84,5.33,53,tarde,humedo,1,51.55,1
B,8351,71.09,3.8,6.49,53,tarde,humedo,2,30.71,0
A,3282,77.62,3.74,7.62,51,tarde,seco,0,43.05,0
A,1610,53.54,2.37,5.55,72,tarde,seco,0,47.98,0
A,5781,73.65,4.32,4.96,90,manana,seco,2,41.77,0
B,3547,73.97,4.59,5.69,127,manana,seco,0,50.95,0
C,5579,71.9,4.99,7.19,66,manana,seco,2,49.52,1
A,5466,69.45,4.98,4.82,39,manana,seco,2,47.66,0
A,583,65.42,3.47,6.66,114,manana,humedo,0,48.54,0
B,6864,77.16,4.57,6.29,35,noche,polvoriento,1,42.68,0
B,1651,55.22,4.22,7.09,37,noche,polvoriento,3,37.87,0
C,8402,75.33,4.57,7.45,80,manana,seco,3,53.17,0
A,4857,79.92,3.93,,102,manana,seco,1,48.17,0
C,5177,87.26,5.18,6.42,50,tarde,seco,5,51.08,0
B,3955,56.48,4.37,5.71,60,noche,humedo,2,40.97,0
A,6467,71.37,4.4,7.49,144,tarde,seco,4,58.78,0
B,7757,61.73,4.93,5.7,99,noche,seco,3,45.17,0
A,8377,75.96,5.25,6.82,102,tarde,humedo,2,36.58,0
B,3239,71.04,5.05,5.41,47,manana,humedo,2,50.29,0
C,6637,71.32,5.25,6.18,82,tarde,seco,1,50.43,1
A,5263,57.45,2.66,6.02,145,manana,seco,6,37.43,0
C,5996,69.63,4.76,7.24,127,noche,seco,3,54.1,0
B,4465,71.3,3.68,6.37,54,tarde,humedo,1,36.58,0
A,7446,71.33,4.47,6.46,100,noche,,3,52.22,0
A,4175,71.96,4.46,6.64,159,manana,humedo,0,39.63,0
A,2729,71.68,2.31,5.22,30,tarde,polvoriento,1,38.38,0
A,2317,64.3,5.78,6.56,46,noche,humedo,4,38.35,1
A,1920,69.27,2.22,8.14,69,tarde,seco,2,42.7,0
A,2753,72.94,2.31,6.13,52,tarde,humedo,3,46.39,0
A,8487,68.98,2.93,5.49,93,manana,seco,3,36.9,0
B,4025,77.52,5.28,6.51,63,manana,seco,0,49.16,0
A,1399,66.37,4.21,6.49,69,tarde,humedo,1,42.23,0
B,4073,68.78,2.54,5.11,152,tarde,humedo,1,42.81,0
B,6009,69.36,3.32,6.59,58,tarde,seco,0,53.83,0
B,3856,76.6,4.84,6.71,46,manana,humedo,2,46.48,0
B,4110,66.7,2.34,6.73,75,noche,humedo,3,46.18,0
A,2670,70.28,5.29,7.01,28,manana,seco,3,45.11,1
B,7761,71.54,5.02,5.09,283,noche,seco,1,46.93,1
B,4116,69.14,1.66,5.73,59,tarde,humedo,0,41.55,0
B,3515,62.63,4.64,6.2,61,tarde,humedo,5,44.76,0
B,7268,69.36,4.76,6.17,63,noche,humedo,2,45.91,0
C,8988,65.48,6.63,6.68,132,manana,seco,1,50.09,0
A,5120,55.67,3.45,6.27,91,noche,seco,0,44.1,0
B,5409,72.18,2.59,7.15,24,noche,seco,3,47.88,0
A,4062,81.72,3.78,7.0,130,noche,seco,1,54.07,0
A,4065,65.81,4.85,6.16,72,noche,seco,1,43.29,0
B,2185,64.32,2.54,4.9,58,tarde,humedo,1,36.65,0
B,3788,74.7,3.46,6.83,53,noche,humedo,3,34.59,0
A,4525,60.65,3.09,6.98,121,noche,polvoriento,0,46.16,0
A,2725,62.0,3.86,7.26,50,tarde,seco,0,47.1,0
A,7022,71.06,3.45,6.14,105,noche,seco,3,47.05,0
B,3415,86.83,2.45,5.56,77,tarde,humedo,2,50.22,0
A,3508,74.99,2.29,6.92,81,tarde,humedo,1,43.85,0
C,5335,81.67,4.7,5.41,90,manana,humedo,4,46.5,0
C,4139,75.39,4.1,6.72,227,noche,humedo,0,42.93,0
B,6295,68.76,4.42,6.46,22,tarde,seco,2,56.0,0
B,7231,72.33,5.41,7.4,140,tarde,seco,3,42.75,0
C,540,65.74,3.18,6.78,14,tarde,humedo,0,49.04,0
A,5607,53.82,2.17,6.86,114,manana,polvoriento,2,33.45,0
A,3534,76.96,5.94,6.33,95,manana,seco,1,45.79,0
B,4428,70.81,3.66,6.44,58,tarde,humedo,1,36.45,0
B,3471,59.74,4.8,5.99,56,tarde,seco,4,45.97,0
B,3878,69.6,2.46,5.62,28,manana,humedo,2,55.17,0
A,5112,55.33,3.37,6.24,90,noche,seco,0,44.29,0
A,5114,78.98,5.15,6.79,65,noche,seco,3,49.95,1
A,8250,64.95,4.83,6.34,41,noche,humedo,0,43.3,0
A,5607,67.37,2.83,6.74,36,manana,seco,1,49.44,0
B,2309,66.32,3.35,,104,tarde,polvoriento,3,36.97,0
B,6835,62.57,1.27,7.1,129,manana,seco,3,30.72,0
C,5571,78.03,2.44,5.72,65,manana,,2,46.98,0
B,6808,76.75,3.5,6.55,120,manana,seco,1,50.67,0
B,7645,88.19,4.67,6.08,59,manana,seco,4,61.77,1
C,201,77.16,2.51,5.98,28,tarde,humedo,2,53.84,0
B,5023,64.84,2.62,4.33,36,tarde,humedo,3,48.29,0
A,5331,52.6,4.87,6.63,118,tarde,seco,3,49.51,0
B,7672,65.23,4.4,4.87,85,tarde,polvoriento,6,44.3,1
A,2410,73.25,2.93,6.42,125,manana,humedo,1,46.23,0
B,2951,69.87,2.43,6.34,80,manana,polvoriento,1,39.07,0
A,5417,64.42,3.19,5.1,80,noche,humedo,0,38.4,0
A,6900,75.33,3.67,6.11,138,manana,humedo,1,38.92,0
A,200,74.7,2.34,7.1,82,tarde,polvoriento,2,52.78,0
C,7957,69.85,5.51,6.8,131,noche,seco,4,56.98,0
A,6066,76.27,3.35,7.02,58,tarde,humedo,3,48.9,0
B,5331,66.29,3.6,6.42,68,manana,seco,1,52.79,0
B,2774,68.03,1.88,6.26,70,tarde,seco,3,47.47,0
A,8380,59.19,3.92,6.68,61,noche,seco,1,52.97,0
B,6827,80.5,2.83,6.31,265,manana,seco,1,45.58,0
B,2877,67.26,3.63,5.88,44,manana,humedo,0,56.13,0
A,3856,62.14,2.45,6.28,88,tarde,polvoriento,2,34.33,0
C,5818,78.77,,6.79,134,tarde,polvoriento,1,48.64,0
A,5970,68.17,3.25,7.08,56,noche,seco,8,49.22,0
B,4426,68.52,4.02,6.22,211,noche,seco,3,54.1,1
B,6682,63.03,3.85,5.22,79,noche,polvoriento,4,39.45,0
B,6866,62.88,3.05,7.2,22,manana,seco,4,34.79,0
B,8255,47.4,2.34,5.39,24,manana,seco,2,40.48,0
A,3835,49.56,2.76,5.91,31,manana,seco,3,31.74,0
A,3999,70.3,1.67,6.62,131,noche,polvoriento,0,38.31,0
B,6418,70.32,2.83,6.78,94,tarde,seco,6,49.19,0
B,5688,65.41,,4.69,165,tarde,seco,1,44.25,0
A,4511,62.17,3.32,6.58,115,noche,polvoriento,4,54.38,0
B,2841,67.82,1.87,6.22,72,tarde,seco,3,47.38,0
B,5748,58.97,2.58,6.04,84,tarde,seco,2,45.16,0
B,7172,67.38,4.48,6.63,79,tarde,polvoriento,1,29.46,0
B,3568,86.05,2.35,4.82,7,tarde,humedo,3,45.68,0
A,2829,60.2,3.23,7.57,61,manana,humedo,1,47.25,0
A,4414,60.3,4.56,6.69,98,tarde,seco,2,53.57,0
A,4165,65.17,2.81,6.87,66,manana,polvoriento,1,54.22,0
A,5578,53.7,2.27,6.83,115,manana,polvoriento,2,33.07,0
B,3307,70.49,4.31,6.62,21,manana,seco,2,40.99,0
B,3289,68.56,3.27,6.58,130,manana,polvoriento,3,44.18,0
B,5052,57.7,5.18,7.84,24,noche,seco,3,48.91,0
C,5422,71.29,5.95,7.24,136,tarde,seco,1,42.74,1
B,5160,74.45,4.01,5.93,46,manana,seco,1,38.3,0
A,5103,54.27,3.89,7.25,162,tarde,humedo,0,46.46,0
A,5196,56.1,2.78,6.7,62,tarde,polvoriento,1,47.8,0
A,7390,68.72,3.59,6.81,160,tarde,humedo,3,37.57,0
A,8614,55.87,4.42,5.18,48,manana,seco,4,55.04,0
A,3943,78.56,4.13,6.36,92,manana,seco,5,39.37,0
C,1457,74.04,3.89,6.35,89,manana,seco,2,51.37,0
B,7414,72.96,5.18,5.42,182,manana,seco,2,45.71,0
C,1013,66.0,4.15,7.47,193,manana,seco,2,50.69,0
A,4488,77.25,4.26,6.12,107,manana,seco,2,49.89,0
B,5305,53.42,4.37,6.21,49,tarde,seco,2,53.37,0
A,8960,66.59,5.2,5.89,84,tarde,seco,1,43.84,0
A,2233,73.67,3.81,6.1,86,manana,seco,3,39.29,0
B,3629,76.31,2.76,6.49,82,tarde,humedo,3,55.04,0
B,5664,89.28,3.65,6.12,115,tarde,seco,1,45.09,0
B,5238,91.94,2.78,6.98,56,noche,humedo,6,37.94,0
B,4806,75.85,4.49,,69,tarde,humedo,3,30.17,1
A,2759,70.14,3.69,6.52,64,manana,seco,1,34.96,0
A,5837,71.67,,5.63,143,noche,humedo,2,47.2,0
A,5451,83.07,2.8,7.26,122,noche,seco,4,47.4,0
A,8359,78.02,,5.39,193,tarde,humedo,2,51.97,0
A,2528,64.57,4.66,7.38,34,manana,seco,3,53.16,0
B,7047,60.65,4.25,5.73,23,tarde,seco,4,48.31,0
C,5606,62.38,4.14,7.03,110,manana,humedo,1,51.75,0
B,5364,81.57,5.11,6.34,68,manana,humedo,2,49.22,0
C,5184,73.81,4.28,7.35,110,manana,seco,1,46.36,0
C,1807,74.2,2.72,,85,manana,polvoriento,0,42.9,0
B,7722,78.47,4.95,6.74,106,tarde,humedo,1,41.87,0
A,4822,69.34,3.61,6.18,91,manana,polvoriento,5,34.68,0
A,6055,69.81,2.54,7.34,139,tarde,seco,3,42.07,0
A,1459,69.36,3.54,6.16,14,noche,seco,2,34.46,0
B,5932,59.84,4.6,5.88,166,noche,polvoriento,1,52.22,0
B,6520,59.89,3.52,5.26,120,manana,seco,1,49.66,0
C,5491,76.76,4.23,7.06,33,manana,seco,1,54.71,0
B,6455,53.31,5.58,6.36,84,manana,seco,0,49.63,0
B,4211,62.85,4.38,4.83,110,tarde,seco,3,41.68,0
A,4677,71.78,5.58,7.17,140,manana,humedo,0,52.19,0
C,3528,65.05,3.88,8.0,109,tarde,seco,1,50.02,0
A,4479,63.92,3.04,,23,noche,polvoriento,3,54.45,0
B,3811,66.66,2.55,7.01,28,noche,polvoriento,3,54.02,0
A,2981,87.6,2.03,6.46,139,tarde,humedo,5,43.85,0
A,6998,74.68,4.03,6.95,129,manana,humedo,1,43.32,0
B,5121,79.05,2.23,6.6,105,manana,seco,1,51.61,0
C,8843,63.29,5.66,6.15,102,noche,seco,3,64.62,0
B,2579,66.22,3.81,5.33,106,tarde,polvoriento,3,51.59,0
B,9431,68.82,2.97,5.97,89,manana,humedo,1,35.32,0
C,4451,67.22,3.36,6.41,58,tarde,seco,1,46.72,0
A,2079,68.82,3.29,7.24,120,tarde,seco,3,43.45,0
B,5945,69.95,2.46,4.9,62,noche,seco,2,46.69,0
B,8103,61.63,4.19,6.36,33,manana,humedo,4,45.52,0
B,8045,66.68,4.2,6.82,179,noche,seco,4,44.56,0
A,6046,68.31,3.25,7.08,55,noche,seco,8,49.35,0
C,8396,81.82,3.64,6.67,30,manana,polvoriento,2,46.61,0
B,2689,68.44,3.05,7.17,120,noche,seco,3,47.71,0
C,5387,70.74,5.44,5.71,186,noche,,0,53.22,0
C,7616,62.06,4.93,6.08,90,manana,seco,3,61.79,0
A,5061,67.61,3.39,6.1,187,tarde,seco,0,43.26,0
A,1524,74.47,2.85,6.19,81,manana,polvoriento,2,31.58,0
A,6018,64.76,3.25,5.43,37,manana,seco,1,46.75,0
A,5311,50.14,4.91,,153,noche,seco,2,50.96,0
B,6949,76.67,3.19,6.84,46,manana,seco,1,38.54,0
A,4824,60.28,2.6,6.62,95,noche,seco,3,47.3,1
B,200,62.07,4.36,5.61,30,manana,polvoriento,2,42.21,0
B,200,73.13,2.69,5.73,93,manana,seco,0,41.13,0
C,762,81.29,4.44,5.46,63,manana,seco,2,48.79,0
B,5246,92.47,2.78,6.97,55,noche,humedo,6,38.47,0
B,2012,78.91,2.61,6.66,163,tarde,humedo,1,42.67,0
A,4675,71.7,5.61,7.15,141,manana,humedo,0,52.11,0
A,5900,75.04,3.06,6.94,72,manana,seco,5,56.22,0
C,6011,82.38,4.76,,93,tarde,humedo,4,50.48,1
B,3843,65.3,3.24,5.81,154,manana,polvoriento,2,30.61,0
B,5948,88.45,4.39,6.06,53,manana,humedo,1,41.26,0
A,2494,66.71,3.29,6.55,136,noche,seco,1,50.4,0
C,8970,75.13,4.05,7.35,69,noche,seco,0,61.02,0
B,3833,70.41,2.61,6.82,56,tarde,seco,2,38.91,0
B,5700,60.56,3.79,5.37,36,tarde,seco,0,35.17,0
C,1090,72.5,5.79,6.68,132,manana,humedo,1,51.02,0
B,200,60.37,2.77,5.98,44,manana,seco,2,40.82,0
A,3962,69.62,3.35,6.56,99,manana,humedo,2,33.25,0
A,6943,58.0,2.3,6.26,52,tarde,polvoriento,6,45.6,0
C,3068,76.94,4.86,6.32,72,noche,polvoriento,2,56.18,0
A,3520,61.84,4.35,6.88,73,tarde,polvoriento,2,49.05,0
C,4783,70.78,,6.13,79,tarde,seco,2,53.27,0
B,4295,61.47,2.45,6.02,25,noche,humedo,2,44.32,0
A,3789,49.82,2.81,5.88,33,manana,seco,3,32.12,0
A,5256,61.96,4.69,6.25,134,manana,seco,2,41.93,0
A,5712,76.27,3.9,6.3,109,manana,polvoriento,4,54.78,0
C,6515,59.55,4.61,6.61,71,tarde,polvoriento,3,52.38,0
B,4773,69.86,4.12,5.57,119,noche,humedo,1,49.78,0
B,5690,76.5,3.12,6.42,160,tarde,polvoriento,5,51.65,0
C,9327,79.23,3.88,6.09,24,tarde,polvoriento,3,58.03,0
C,4982,87.11,5.22,6.43,50,tarde,seco,5,50.93,0
B,5000,63.77,3.89,5.83,88,noche,seco,0,36.79,0
C,5358,75.49,3.69,7.42,47,tarde,seco,2,54.86,0
A,3659,77.49,3.24,4.58,93,tarde,seco,0,43.47,0
A,4440,72.81,3.81,7.19,72,noche,polvoriento,2,52.36,0
C,6870,68.54,5.43,5.32,120,manana,seco,3,66.47,0
A,547,66.05,3.46,6.68,113,manana,humedo,0,48.4,0
A,6247,50.45,3.8,5.34,58,tarde,polvoriento,0,51.55,0
B,6954,63.02,5.23,5.64,251,tarde,,2,40.3,0
A,5091,64.4,3.3,6.27,168,noche,,0,45.51,0
A,200,50.97,3.17,6.29,112,tarde,seco,1,39.6,0
A,6856,56.38,2.61,6.03,59,manana,seco,2,39.32,0
B,5123,69.32,4.29,6.88,142,manana,seco,2,47.07,0
C,8563,73.91,3.67,7.29,96,tarde,polvoriento,2,40.54,0
A,3890,49.51,2.79,5.91,29,manana,seco,3,31.79,0
B,2954,70.99,2.11,5.71,122,tarde,seco,2,37.83,0
B,5156,75.49,4.43,6.19,127,manana,seco,2,54.9,0
B,4314,57.46,3.25,6.84,91,tarde,seco,1,51.93,0
A,2341,70.65,1.66,6.16,86,manana,humedo,1,38.59,0
A,3250,65.87,3.21,6.49,64,manana,humedo,3,22.75,0
A,6652,68.68,3.55,6.63,57,noche,humedo,5,42.43,0
A,4089,57.24,2.91,6.83,137,manana,polvoriento,1,41.72,0
C,3603,69.25,2.13,6.3,42,manana,polvoriento,1,43.1,0
B,7758,60.96,4.09,,26,tarde,polvoriento,3,49.93,0
A,8574,61.47,3.98,6.92,93,manana,seco,3,40.8,0
A,5270,75.68,4.08,,111,noche,humedo,3,36.67,1
B,7705,61.83,4.91,5.65,97,noche,seco,3,45.27,0
A,2853,75.45,5.87,6.42,163,tarde,humedo,2,42.51,0
B,8244,62.99,4.25,5.9,95,manana,humedo,3,42.34,0
A,4737,62.5,2.31,6.0,101,manana,seco,1,44.76,0
B,3839,76.97,4.86,6.72,46,manana,humedo,2,45.87,0
B,9859,67.23,5.52,6.19,82,manana,polvoriento,3,43.23,1
B,7314,62.84,2.59,5.47,34,tarde,humedo,1,46.15,0
C,10164,77.72,3.9,6.81,28,tarde,seco,2,57.84,0
B,5476,81.24,3.09,6.04,103,noche,seco,1,48.76,0
C,7172,70.07,3.88,6.35,69,tarde,humedo,2,48.04,0
A,7259,75.19,3.36,5.53,165,manana,seco,3,56.59,1
A,4764,67.69,4.86,7.41,124,tarde,seco,3,34.29,0
B,5997,56.11,3.27,6.35,51,tarde,seco,2,33.94,0
A,2962,79.14,2.38,6.29,78,manana,seco,1,48.8,0
A,2967,68.52,3.04,6.14,60,noche,humedo,4,42.91,0
A,4141,79.28,4.2,6.1,155,manana,polvoriento,2,40.74,0
C,7917,92.01,5.45,7.27,168,noche,humedo,4,57.88,1
A,6186,82.07,3.11,6.17,199,noche,seco,6,48.11,0
A,5953,81.12,4.99,6.82,85,manana,polvoriento,1,49.92,0
B,5182,92.19,2.79,6.99,55,noche,humedo,6,38.15,0
B,5840,66.4,4.62,6.05,220,manana,humedo,2,48.11,0
C,8072,76.85,3.34,5.42,91,manana,seco,5,42.73,0
A,7561,68.73,4.14,5.84,37,tarde,polvoriento,2,42.98,0
B,6396,65.27,,6.57,121,manana,polvoriento,2,41.24,0
B,5068,70.99,3.99,5.55,98,noche,seco,3,47.01,0
C,3477,76.25,4.54,7.63,72,tarde,polvoriento,1,54.31,0
B,8864,76.01,5.38,6.29,94,manana,polvoriento,3,48.97,1
A,4793,67.06,2.89,6.46,31,noche,humedo,2,48.44,0
C,3302,71.14,3.44,7.16,55,manana,polvoriento,0,55.9,0
A,5589,52.71,2.82,5.57,114,manana,humedo,3,44.86,0
A,5792,71.59,2.68,6.12,188,tarde,seco,2,48.3,0
A,4714,54.44,3.19,7.31,48,noche,polvoriento,2,42.9,0
A,7208,71.81,5.31,7.11,92,tarde,seco,2,49.79,0
A,5244,74.53,3.89,6.61,138,manana,humedo,3,50.75,0
B,6368,52.1,4.69,7.16,160,manana,seco,3,45.0,0
B,2273,53.98,3.93,6.58,66,manana,humedo,3,41.61,0
B,9329,76.03,4.87,5.72,41,manana,seco,2,51.82,1
A,10036,68.64,4.14,6.78,100,manana,seco,1,42.69,0
B,3850,66.79,2.57,7.01,26,noche,polvoriento,3,54.32,0
B,3889,75.04,3.48,6.84,54,noche,humedo,3,34.64,0
C,7927,65.25,5.42,7.2,33,noche,humedo,2,56.4,0
B,3421,60.14,4.75,5.93,56,tarde,seco,4,46.11,0
A,6179,72.45,2.58,5.92,103,tarde,humedo,1,38.47,0
B,3944,71.48,3.51,5.1,33,tarde,polvoriento,0,45.13,0
A,1013,61.4,4.8,6.96,131,tarde,polvoriento,2,37.08,1
A,2391,62.46,4.07,6.26,38,tarde,seco,3,53.68,0
A,1682,58.7,2.94,6.85,68,manana,polvoriento,1,32.2,0
B,7247,62.5,2.78,6.82,37,tarde,humedo,2,30.54,0
B,11556,71.06,5.14,5.95,93,tarde,humedo,4,42.46,0
B,5034,78.8,3.46,6.69,51,noche,humedo,1,47.91,0
B,6867,80.34,2.79,6.32,266,manana,seco,1,45.68,0
B,2097,69.12,3.98,6.07,51,manana,seco,0,49.36,0
B,9039,64.64,2.79,6.25,143,tarde,polvoriento,1,41.7,0
A,4273,72.7,2.65,7.41,148,tarde,polvoriento,5,63.9,0
B,4377,61.9,3.19,5.82,51,manana,polvoriento,4,40.52,0
A,6256,60.11,5.21,6.39,224,tarde,humedo,3,45.43,0
A,6102,67.73,1.94,5.98,99,tarde,seco,2,27.38,0
A,3786,70.85,4.39,6.74,143,manana,polvoriento,2,53.15,0
A,3540,60.92,2.36,7.04,53,tarde,polvoriento,2,39.15,0
B,6286,71.41,5.02,5.44,97,manana,polvoriento,2,53.36,0
A,7045,77.16,3.53,6.92,23,manana,humedo,4,53.1,0
A,3662,70.79,4.39,6.75,142,manana,polvoriento,2,53.28,0
A,4204,57.87,3.0,8.08,60,tarde,seco,0,47.55,0
B,9042,52.9,4.57,5.75,22,noche,seco,2,52.59,0
A,3752,54.79,4.06,6.27,57,manana,seco,2,47.34,0
B,3778,63.51,4.38,5.65,121,tarde,seco,3,53.02,1
A,4804,65.98,2.42,5.75,37,manana,,2,44.4,0
B,4346,61.5,4.17,7.17,170,tarde,,1,53.83,0
C,9080,65.64,6.6,6.66,133,manana,seco,1,49.79,0
B,8197,68.63,6.23,5.74,88,tarde,humedo,1,55.35,0
A,5572,53.02,2.82,5.57,112,manana,humedo,3,44.85,0
A,4107,66.99,3.66,7.87,122,manana,humedo,4,47.14,0
A,5140,67.51,3.16,6.71,69,noche,humedo,1,41.53,0
B,7146,73.59,3.53,6.87,99,manana,seco,0,40.49,0
C,7479,89.3,5.87,6.06,62,manana,seco,3,58.64,1
C,5428,71.64,5.04,6.4,94,manana,humedo,0,41.53,0
C,2179,79.86,2.79,5.33,108,tarde,polvoriento,0,52.12,0
A,6462,68.32,2.72,,123,manana,seco,2,48.65,0
A,8948,64.76,3.13,7.08,52,manana,seco,2,39.91,0
C,6217,75.22,4.79,6.47,111,manana,humedo,1,44.99,0
A,8998,66.87,5.23,5.93,84,tarde,seco,1,43.77,0
A,4039,65.4,4.03,5.89,84,tarde,polvoriento,3,44.03,0
A,2140,71.47,3.31,6.7,42,manana,humedo,2,37.62,0
A,4512,69.15,5.55,6.93,69,noche,humedo,6,48.22,0
C,1461,73.78,3.89,6.32,92,manana,seco,2,51.49,0
B,5310,81.36,4.98,6.35,65,manana,humedo,2,49.55,0
A,6250,67.96,3.03,6.74,149,manana,seco,0,44.25,0
A,6649,68.09,6.02,6.58,142,tarde,seco,3,45.97,0
B,6757,63.18,3.04,7.18,24,manana,seco,4,34.74,0
A,5063,57.78,5.23,6.36,151,tarde,humedo,0,46.56,0
A,8723,66.98,2.96,6.09,163,noche,humedo,4,45.44,0
A,1707,58.87,2.91,6.84,67,manana,polvoriento,1,32.31,0
C,6381,84.07,4.75,6.66,41,manana,seco,1,41.91,0
A,1156,72.79,0.82,6.89,50,tarde,humedo,2,51.63,0
B,2201,77.93,3.73,6.27,90,manana,seco,2,37.76,0
B,6818,66.35,,6.22,49,manana,humedo,4,47.13,0
A,10219,62.15,4.0,5.54,70,manana,seco,1,44.23,0
A,6283,83.26,4.79,5.85,47,manana,humedo,0,66.26,0
C,5661,71.78,4.98,7.2,66,manana,seco,2,49.61,1
A,5548,51.33,3.36,7.11,128,manana,seco,3,52.1,0
C,1578,70.48,3.57,,39,noche,humedo,5,42.4,0
A,5921,71.66,3.82,6.42,101,manana,polvoriento,1,47.78,1
A,6852,71.31,4.8,5.82,98,tarde,seco,2,46.82,0
A,7951,63.31,5.65,6.86,69,manana,seco,0,40.23,0
A,6120,59.87,4.26,6.4,30,tarde,seco,1,45.97,0
C,6259,60.46,5.67,,28,manana,seco,3,55.51,0
C,1318,87.09,5.4,6.87,24,noche,seco,2,56.13,0
A,7537,75.95,3.36,5.45,54,tarde,polvoriento,1,55.65,0
B,953,64.63,3.64,7.52,82,tarde,seco,3,41.51,0
C,5599,79.24,5.03,6.3,135,tarde,seco,3,46.5,0
B,2724,58.98,3.23,5.66,88,noche,seco,3,56.82,0
A,6868,72.03,2.33,5.69,37,noche,polvoriento,2,42.64,0
A,200,83.44,5.32,5.68,70,tarde,seco,3,43.02,0
B,7358,59.21,5.64,6.44,32,manana,seco,2,49.01,0
C,4920,73.18,4.62,6.21,66,manana,humedo,3,51.67,0
A,3238,71.94,2.86,7.08,147,tarde,polvoriento,1,37.47,0
C,6492,68.19,4.71,6.67,31,noche,polvoriento,2,61.72,0
B,6528,59.7,3.5,5.26,122,manana,seco,1,49.56,0
B,6031,71.57,4.53,5.3,45,tarde,humedo,1,53.71,0
B,6184,69.24,5.03,5.89,176,tarde,seco,2,40.45,1
B,8094,60.78,3.84,7.09,93,tarde,seco,4,35.11,1
B,8320,66.54,3.42,5.88,53,tarde,seco,1,47.46,0
C,1669,59.31,6.04,6.53,87,tarde,humedo,1,45.36,0
A,4314,56.67,4.0,5.77,45,tarde,polvoriento,1,33.45,0
C,5049,59.26,5.03,6.19,32,tarde,polvoriento,1,65.83,0
B,5460,67.99,4.6,5.22,200,tarde,humedo,2,43.42,0
B,7120,77.2,2.66,6.39,71,tarde,seco,1,41.45,0
B,6248,69.59,5.67,6.48,135,manana,seco,1,43.93,0
B,5804,69.26,4.11,5.94,93,noche,seco,3,33.68,0
B,5968,75.12,1.68,6.69,38,manana,seco,2,45.79,0
A,5506,78.55,4.81,6.25,161,tarde,humedo,0,35.55,0
C,4654,56.64,3.76,6.94,23,tarde,seco,1,60.78,0
A,8178,56.22,3.58,6.39,77,noche,seco,2,53.77,0
B,3725,61.4,3.4,5.32,29,tarde,humedo,0,46.88,0
C,5744,67.69,3.53,6.79,75,tarde,seco,1,52.3,0
A,5469,63.99,4.43,5.75,87,manana,seco,2,57.85,0
B,2333,77.95,3.7,6.32,91,manana,seco,2,37.24,0
C,6978,78.36,3.96,6.5,101,tarde,humedo,4,56.9,0
A,2414,73.13,2.97,6.4,125,manana,humedo,1,45.95,0
A,3826,79.12,3.97,6.36,59,manana,seco,2,53.64,0
A,2921,68.53,4.58,6.15,26,tarde,,4,41.56,0
C,5794,85.04,4.97,5.58,116,manana,humedo,0,60.64,0
B,7908,65.67,4.2,5.54,133,tarde,seco,1,51.89,0
A,5057,68.06,4.14,7.52,47,manana,,2,45.64,0
C,298,69.89,4.01,6.25,65,noche,polvoriento,1,48.65,0
A,5959,71.98,3.81,6.43,104,manana,polvoriento,1,48.06,1
B,3329,71.08,5.71,6.28,32,tarde,seco,1,38.81,0
A,1855,77.03,3.45,6.96,82,noche,seco,4,48.26,0
C,4120,63.25,3.64,7.71,16,manana,humedo,3,51.13,0
A,5844,79.53,4.79,6.15,125,manana,seco,2,48.0,0
B,4081,68.22,4.61,6.53,172,manana,humedo,4,53.68,0
B,1418,71.66,1.16,6.47,58,tarde,seco,0,40.5,0
A,7176,85.41,3.06,5.79,56,noche,polvoriento,3,48.88,0
C,1991,74.02,2.23,6.15,72,noche,seco,3,52.35,0
C,6786,62.84,5.08,6.34,45,manana,seco,1,53.89,0
A,12230,70.35,4.66,6.86,103,tarde,polvoriento,5,49.02,0
C,6486,59.2,4.62,6.62,71,tarde,polvoriento,3,52.39,0
A,7787,71.77,4.85,6.21,152,tarde,polvoriento,0,55.85,1
A,3246,53.36,2.71,6.07,99,manana,seco,0,37.33,0
A,7501,66.26,3.25,6.06,107,noche,polvoriento,1,27.46,0
C,7083,70.85,3.92,6.36,67,tarde,humedo,2,47.98,0
C,5564,76.79,4.2,7.06,32,manana,seco,1,54.68,0
A,4040,79.31,4.24,6.1,153,manana,polvoriento,2,40.55,0
B,5945,60.08,4.61,5.84,164,noche,polvoriento,1,51.94,0
C,9532,72.8,4.58,6.74,76,tarde,polvoriento,2,55.99,0
B,3229,68.45,3.92,6.17,31,noche,polvoriento,2,54.03,0
C,4697,84.84,4.76,5.41,90,manana,seco,2,55.68,0
B,6361,74.46,2.87,7.79,86,noche,seco,5,40.79,0
A,6878,58.71,2.48,5.12,64,tarde,seco,2,33.71,0
A,4200,56.87,2.89,6.89,137,manana,polvoriento,1,41.43,0
C,6502,78.79,5.38,6.58,70,manana,seco,2,48.45,0
A,7543,71.28,3.34,6.82,47,tarde,seco,1,38.79,0
B,1509,66.21,4.98,6.88,91,tarde,seco,0,51.66,0
C,8812,63.09,5.68,6.17,100,noche,seco,3,64.38,0
A,419,61.32,3.45,6.57,155,manana,seco,0,43.9,0
B,5496,81.38,3.09,6.06,103,noche,seco,1,48.57,0
B,4756,74.51,2.04,6.6,69,tarde,humedo,3,44.37,0
A,6159,58.72,5.66,6.37,68,noche,humedo,2,52.62,0
A,5989,68.46,3.1,6.47,93,manana,seco,1,60.4,0
A,5177,61.75,4.71,6.24,133,manana,seco,2,41.64,0
A,7665,64.93,3.06,5.88,27,tarde,seco,2,36.28,0
A,5682,80.14,3.96,6.19,48,manana,seco,1,45.65,0
A,1315,77.31,2.55,7.69,70,tarde,humedo,3,47.9,0
A,4921,55.78,3.32,6.38,136,manana,seco,2,39.75,0
C,3673,64.98,4.37,6.93,113,noche,humedo,5,51.09,0
A,4689,48.56,3.06,6.29,37,manana,seco,3,47.52,0
A,5165,63.71,3.88,6.8,76,noche,seco,2,42.76,0
A,4893,66.53,2.56,6.54,100,manana,polvoriento,1,54.91,0
A,8359,65.84,5.63,8.5,38,noche,seco,2,39.97,0
B,4276,71.1,3.29,6.5,43,manana,humedo,1,33.77,0
B,7642,69.48,4.18,7.23,36,manana,,4,43.26,0
B,3506,66.01,3.75,6.84,71,tarde,seco,2,41.54,0
A,5703,67.51,,6.15,172,noche,humedo,2,44.13,0
B,6852,66.85,1.91,6.55,33,noche,seco,3,29.69,0
A,4719,67.5,4.94,5.99,147,noche,seco,3,45.96,0
B,9936,69.52,5.98,5.55,92,tarde,humedo,3,31.25,0
B,3283,58.77,5.24,4.86,61,noche,humedo,1,43.97,1
A,7280,63.4,4.31,7.11,64,manana,humedo,3,44.8,0
A,8237,71.34,3.6,7.46,60,noche,polvoriento,2,42.04,0
A,7005,75.01,3.66,6.08,140,manana,humedo,1,39.11,0
A,3957,67.15,4.71,7.42,127,manana,seco,3,56.15,0
A,4817,60.99,3.33,6.54,82,noche,polvoriento,2,42.05,0
A,4498,72.86,3.77,7.2,71,noche,polvoriento,2,52.5,0
C,9479,80.44,5.0,6.91,75,noche,humedo,2,61.2,0
C,2966,90.88,3.75,6.46,55,tarde,seco,1,53.05,0
B,1699,63.33,3.08,4.85,207,manana,seco,3,44.89,0
A,5878,83.95,4.69,7.08,111,noche,seco,1,37.93,0
C,6797,81.9,5.06,7.46,110,manana,humedo,2,46.97,0
C,5429,80.47,4.16,6.93,140,manana,humedo,1,60.86,1
A,7455,60.75,4.22,5.98,45,manana,humedo,3,42.15,0
A,5127,69.51,4.62,6.02,26,noche,humedo,2,45.0,0
A,4784,62.07,,7.05,38,noche,polvoriento,2,49.85,0
C,3976,76.64,2.35,7.78,104,manana,seco,0,48.64,0
B,6470,63.0,3.78,6.19,80,tarde,seco,4,42.85,0
B,200,60.27,2.75,6.02,43,manana,seco,2,41.07,0
B,7050,70.95,3.04,6.66,48,tarde,humedo,0,45.46,0
B,6798,76.85,3.52,6.55,120,manana,seco,1,50.74,0
A,3445,62.34,4.08,6.25,84,noche,humedo,4,54.34,0
A,2746,83.08,2.09,6.31,96,tarde,seco,0,44.99,0
B,2974,66.91,2.62,6.52,156,tarde,seco,4,66.36,0
B,2891,73.29,5.53,6.97,71,tarde,humedo,3,47.69,1
A,3272,84.19,5.08,7.09,155,tarde,humedo,2,51.64,0
A,7261,63.82,3.79,6.21,51,noche,humedo,2,43.53,0
A,4520,62.5,3.27,6.6,116,noche,polvoriento,4,54.75,0
A,4731,69.89,4.48,5.85,98,noche,seco,1,32.37,0
C,6213,60.76,5.71,,31,manana,seco,3,56.01,0
B,3236,70.77,2.54,5.29,88,manana,seco,0,41.56,0
A,1271,77.26,2.54,7.71,66,tarde,humedo,3,48.26,0
B,3527,70.89,3.39,6.31,104,manana,humedo,1,46.48,0
A,5963,62.0,4.44,7.74,63,tarde,humedo,3,53.91,0
A,1970,69.16,2.2,8.09,69,tarde,seco,2,42.99,0
B,3576,57.58,4.26,5.64,167,manana,seco,3,43.01,0
C,6710,57.32,4.43,5.33,136,tarde,seco,5,45.65,0
C,2410,79.45,4.59,6.01,47,manana,humedo,1,44.07,0
A,4140,59.6,3.7,6.38,68,manana,seco,3,44.18,0
B,3481,82.21,,5.7,71,manana,seco,2,41.82,0
A,2480,81.6,3.04,6.59,62,manana,seco,2,44.84,0
A,5455,67.43,5.77,6.7,152,tarde,seco,3,37.22,0
C,5789,58.68,3.44,5.48,179,manana,seco,0,49.0,0
C,5250,61.01,5.35,5.75,87,manana,seco,1,48.29,0
A,3298,65.42,2.52,6.91,105,manana,seco,4,41.09,0
C,7003,74.05,3.78,6.53,25,manana,humedo,4,54.03,0
B,4615,63.83,2.68,5.37,18,noche,polvoriento,7,40.18,0
B,3199,70.46,4.31,6.63,20,manana,seco,2,41.33,0
B,6488,75.12,4.13,5.61,105,noche,seco,2,38.38,0
C,5617,92.2,5.41,6.33,69,manana,polvoriento,1,58.16,0
A,1294,61.35,2.4,5.33,227,tarde,seco,1,34.13,0
A,4997,58.3,3.92,5.22,157,manana,seco,2,44.53,0
C,7368,83.61,6.55,5.58,174,manana,seco,4,52.03,1
A,4514,62.2,3.32,6.57,116,noche,polvoriento,4,54.41,0
A,4779,55.93,4.3,5.93,194,manana,humedo,3,48.44,0
C,5393,64.62,4.18,5.74,54,manana,seco,1,47.07,0
A,2738,70.1,5.27,7.03,28,manana,seco,3,45.24,1
B,6570,69.09,3.48,4.99,76,tarde,seco,4,47.7,0
A,6382,65.51,5.36,5.71,50,noche,humedo,1,33.87,0
A,6535,68.53,2.72,,123,manana,seco,2,48.39,0
A,8462,59.57,3.92,6.72,63,noche,seco,1,53.02,0
A,8227,74.13,5.35,5.99,92,tarde,seco,3,49.36,0
A,6831,66.97,4.28,6.5,64,noche,humedo,3,43.13,0
C,6164,66.04,5.41,6.82,111,noche,seco,2,59.56,0
A,7132,85.54,3.08,5.8,58,noche,polvoriento,3,49.07,0
C,2109,79.93,2.73,5.31,105,tarde,polvoriento,0,51.99,0
B,3838,64.96,3.15,6.68,120,tarde,,3,47.27,0
A,3860,76.04,1.28,6.75,94,tarde,seco,1,50.76,0
A,599,76.41,3.24,5.77,113,manana,seco,4,34.97,0
A,7508,66.84,3.59,6.65,71,tarde,seco,1,53.41,0
C,7288,74.43,4.17,,98,noche,seco,2,56.21,0
A,5194,77.26,4.36,6.95,50,manana,humedo,2,48.11,0
B,4417,74.61,3.49,5.32,91,manana,seco,0,37.84,0
B,5046,57.84,5.18,7.86,25,noche,seco,3,48.8,0
A,3999,73.5,2.73,6.93,93,noche,seco,1,47.92,0
C,9518,79.9,4.53,5.46,146,manana,humedo,0,49.16,0
A,3035,87.62,2.02,6.47,140,tarde,humedo,5,43.77,0
A,11892,86.15,4.87,6.14,148,noche,seco,1,59.87,0
B,2370,66.24,3.28,,104,tarde,polvoriento,3,36.51,0
B,7781,61.02,4.01,,25,tarde,polvoriento,3,49.66,0
C,6253,84.27,4.84,6.69,44,manana,seco,1,42.23,0
A,5997,75.53,3.68,6.44,111,manana,seco,0,47.06,0
C,682,69.57,3.91,6.55,119,noche,,1,47.68,0
A,5042,66.09,3.73,5.45,26,manana,humedo,3,47.84,0
A,3750,84.92,5.61,7.09,78,noche,seco,1,39.29,0
B,4181,68.65,3.39,5.91,152,tarde,seco,4,37.97,0
C,8893,61.85,5.79,5.89,49,noche,polvoriento,3,47.08,1
A,7011,80.1,3.22,6.56,31,tarde,seco,4,42.08,0
A,4454,64.47,3.18,7.98,29,tarde,humedo,2,56.22,0
A,3467,71.93,4.23,6.41,75,manana,polvoriento,1,55.69,0
C,4392,65.22,5.24,7.15,107,noche,seco,1,50.31,0
C,3848,61.72,3.72,5.81,76,tarde,seco,2,63.17,0
A,7310,83.39,3.74,6.62,46,manana,humedo,1,48.28,0
A,2358,73.04,2.73,,105,noche,humedo,2,50.04,0
A,4466,72.63,4.12,7.63,158,tarde,seco,2,43.98,1
A,1866,74.27,4.64,5.9,116,noche,humedo,3,60.73,0
C,3402,76.28,4.52,7.63,72,tarde,polvoriento,1,54.05,0
A,4098,67.29,3.59,7.88,124,manana,humedo,4,46.9,0
A,4496,65.56,3.13,6.14,76,tarde,seco,3,43.44,1
C,7997,74.09,4.29,7.14,53,noche,seco,2,45.21,0
B,5924,74.76,1.68,6.71,41,manana,seco,2,45.88,0
B,6247,74.48,3.6,6.59,187,tarde,seco,1,41.76,0
A,6697,65.45,3.58,5.52,42,tarde,seco,3,37.47,0
A,7116,68.08,3.11,8.1,58,tarde,humedo,2,40.73,0
B,6114,70.09,3.29,5.85,93,noche,polvoriento,3,41.17,0
A,2881,67.87,2.99,6.22,159,noche,humedo,4,49.04,0
B,4789,60.45,2.33,6.77,132,manana,seco,4,39.02,1
B,4157,81.86,2.26,4.5,83,noche,seco,1,33.97,0
B,5237,53.67,4.39,6.18,47,tarde,seco,2,53.62,0
A,4017,73.14,2.21,6.23,116,manana,seco,2,47.83,0
B,3232,76.83,3.92,6.35,115,manana,humedo,1,56.88,0
C,6753,57.46,4.43,5.35,135,tarde,seco,5,46.01,0
C,999,66.53,4.13,7.48,193,manana,seco,2,50.63,0
C,6676,68.25,3.73,6.32,144,tarde,humedo,3,48.7,1
C,4683,87.98,3.23,6.4,67,manana,seco,3,50.07,0
B,2010,65.6,3.53,7.58,93,manana,seco,2,44.45,0
A,3728,75.84,4.16,7.59,114,manana,seco,1,45.79,0
B,6759,76.93,3.5,6.54,119,manana,seco,1,50.49,0
B,6755,75.54,7.02,5.9,21,tarde,humedo,3,42.06,0
A,2850,67.8,3.02,6.23,159,noche,humedo,4,49.07,0
B,5392,84.18,4.55,6.54,186,tarde,seco,2,43.74,0
B,7738,76.93,3.56,6.1,133,tarde,humedo,2,39.11,0
A,4609,61.2,2.76,6.01,28,tarde,seco,2,36.74,0
A,5262,62.28,3.92,6.68,112,noche,seco,1,41.3,0
A,5267,52.54,4.9,6.64,119,tarde,seco,3,49.34,0
B,5721,70.35,4.03,6.07,48,tarde,humedo,4,36.27,0
B,7330,76.85,4.77,6.21,68,tarde,polvoriento,0,43.01,0
C,8722,67.4,4.11,6.47,18,manana,seco,2,49.63,0
C,6790,68.88,5.5,6.11,20,manana,seco,3,45.41,0
B,6860,64.59,4.44,6.61,36,manana,seco,2,56.42,0
C,2846,71.89,3.1,6.14,98,noche,seco,2,50.43,0
A,200,58.39,1.87,7.7,52,tarde,seco,1,38.73,0
A,7117,79.73,4.6,5.79,106,manana,seco,2,32.73,1
A,4064,81.67,3.73,7.04,128,noche,seco,1,54.56,0
B,8705,72.26,2.39,4.74,43,manana,humedo,3,48.0,0
A,6727,85.81,4.85,6.18,25,tarde,seco,1,40.59,0
A,5023,62.4,2.52,6.79,36,noche,polvoriento,2,39.03,0
A,6350,67.96,4.56,7.37,177,tarde,seco,4,40.98,1
A,6679,75.14,3.89,5.45,281,manana,seco,4,45.38,0
A,4854,78.52,2.82,6.92,42,tarde,seco,3,36.78,0
A,5622,57.25,4.99,5.18,45,tarde,seco,3,46.88,0
A,5010,91.86,2.42,6.56,158,noche,polvoriento,3,55.71,0
A,2646,62.0,2.37,5.93,113,tarde,polvoriento,3,43.77,1
B,6899,65.85,,6.22,50,manana,humedo,4,47.01,0
B,5539,69.37,5.1,5.83,105,noche,humedo,3,45.47,0
A,6948,74.83,3.67,6.08,140,manana,humedo,1,39.58,0
B,2413,68.91,3.85,5.75,93,noche,polvoriento,0,40.53,0
C,3683,74.07,3.81,6.47,19,manana,polvoriento,3,52.15,0
B,5769,65.55,,4.68,166,tarde,seco,1,43.99,0
C,5734,78.67,,6.81,134,tarde,polvoriento,1,48.35,0
B,4745,69.59,2.88,6.17,56,tarde,polvoriento,1,41.28,0
B,6948,76.74,3.21,6.85,46,manana,seco,1,38.62,0
B,7371,81.18,3.07,6.62,79,manana,polvoriento,7,45.1,0
A,1243,61.4,2.36,5.34,227,tarde,seco,1,34.26,0
A,217,50.94,3.1,6.3,113,tarde,seco,1,39.16,0
B,3377,59.76,4.78,5.96,55,tarde,seco,4,45.96,0
B,7428,81.3,3.1,6.63,78,manana,polvoriento,7,44.99,0
B,4654,64.48,2.71,5.35,20,noche,polvoriento,7,39.68,0
A,1572,68.35,3.91,6.98,9,noche,humedo,2,37.03,0
B,5298,75.5,3.59,,51,tarde,polvoriento,3,45.32,0
B,1187,58.61,1.88,5.77,119,noche,polvoriento,3,58.17,0
C,7443,67.06,4.55,5.1,61,noche,seco,3,55.05,0
C,6179,65.9,5.4,6.8,109,noche,seco,2,59.8,0
A,5523,69.64,3.4,5.95,18,manana,seco,1,47.35,0
B,4650,72.03,1.88,6.45,118,noche,polvoriento,2,52.26,0
C,10265,64.05,4.5,6.45,53,tarde,polvoriento,2,43.72,0
A,2487,68.12,4.18,7.34,74,manana,polvoriento,0,52.33,0
A,2871,78.47,4.57,6.72,43,tarde,humedo,1,52.58,0
A,200,74.0,2.02,7.01,70,manana,humedo,2,44.06,0
A,9807,66.98,4.04,6.46,147,noche,humedo,2,62.09,0
B,11740,66.46,2.18,6.69,298,tarde,seco,7,41.17,0
B,6763,70.03,3.84,6.66,38,noche,seco,1,43.16,0
B,4761,69.43,2.89,6.17,57,tarde,polvoriento,1,41.51,0
A,5118,80.23,3.91,5.78,11,manana,seco,4,52.47,0
B,3764,56.08,3.36,6.02,69,noche,polvoriento,3,38.51,1
B,200,74.83,2.38,5.63,88,manana,seco,2,39.37,0
B,3782,65.41,3.2,5.89,156,manana,polvoriento,2,30.79,0
A,5898,64.96,3.6,6.42,64,tarde,humedo,3,34.07,0
B,4273,75.72,4.27,6.1,109,manana,polvoriento,2,47.47,1
C,3207,70.65,4.29,7.58,81,noche,humedo,2,48.1,0
A,3523,65.44,4.41,7.44,71,manana,seco,2,53.07,0
B,2951,67.32,3.55,5.89,49,manana,humedo,0,55.94,0
A,7311,72.22,4.04,7.27,84,manana,polvoriento,2,47.83,0
A,6579,78.99,,6.1,80,noche,polvoriento,0,41.17,0
C,6863,75.59,3.09,8.33,86,tarde,polvoriento,2,54.81,0
A,6966,80.54,3.25,6.59,32,tarde,seco,4,42.74,0
B,2649,66.83,4.51,6.07,22,tarde,seco,1,35.71,0
A,7359,69.59,2.89,5.37,101,tarde,polvoriento,5,33.32,0
A,8485,75.31,2.39,5.65,142,noche,humedo,1,32.22,0
B,3050,72.49,3.97,6.84,72,noche,seco,0,51.02,0
A,6919,56.77,3.92,5.36,19,noche,seco,4,44.54,0
A,7765,69.76,4.47,7.27,65,tarde,seco,0,53.71,0
A,7547,72.91,4.38,6.55,95,tarde,seco,4,50.04,0
A,200,74.89,4.94,6.23,142,manana,seco,1,47.59,0
C,6638,72.81,3.92,5.7,24,noche,polvoriento,1,60.52,0
B,9743,55.93,5.3,5.81,134,manana,seco,3,45.16,0
A,6690,68.51,3.56,6.59,58,noche,humedo,5,42.14,0
C,4221,77.71,4.35,5.77,59,manana,seco,1,44.54,0
C,3310,81.35,3.97,7.46,53,manana,humedo,1,30.46,0
C,6076,88.64,5.51,6.44,70,tarde,humedo,2,45.54,0
A,2455,73.87,1.9,5.94,133,tarde,seco,0,48.34,0
A,6047,62.16,4.44,7.74,67,tarde,humedo,3,54.47,0
C,5968,78.57,6.24,6.69,179,tarde,humedo,2,49.32,0
A,10054,59.76,4.76,5.6,47,tarde,seco,2,54.61,0
B,2775,70.24,4.82,6.1,166,manana,seco,1,51.32,0
B,4746,70.99,2.94,6.42,104,manana,seco,1,53.53,0
B,5394,84.7,4.27,5.94,70,tarde,seco,1,58.17,0
A,4795,60.2,2.65,6.63,95,noche,seco,3,47.24,1
A,4936,52.52,2.61,6.83,247,manana,polvoriento,1,53.4,0
A,6164,58.54,5.61,6.35,67,noche,humedo,2,52.8,0
A,200,55.19,2.74,6.22,234,tarde,seco,1,41.72,1
B,282,63.24,5.02,5.96,179,tarde,seco,1,54.84,0
C,4460,90.34,5.7,6.25,83,noche,seco,1,52.39,0
B,1335,79.8,4.46,6.26,120,noche,humedo,1,51.78,0
C,4901,68.02,4.26,6.14,84,manana,seco,4,48.48,0
A,3779,60.86,1.3,5.32,47,tarde,seco,2,36.14,0
C,1746,73.47,2.36,6.2,131,manana,seco,3,41.35,0
A,2707,57.75,3.63,5.65,34,manana,seco,5,38.64,0
A,4911,63.99,3.35,6.28,81,manana,humedo,1,42.27,0
B,4339,61.81,4.22,7.15,172,tarde,,1,54.54,0
B,7583,60.27,3.53,7.13,39,noche,seco,1,41.31,0
A,4076,72.18,4.06,6.33,94,manana,humedo,0,42.65,0
C,6294,73.41,4.05,6.22,51,noche,seco,0,42.82,0
A,3658,78.98,1.66,5.37,156,manana,humedo,2,43.36,0
A,5880,73.92,5.4,7.04,57,tarde,seco,5,42.24,1
C,6424,67.01,4.71,7.48,74,manana,polvoriento,2,66.28,0
B,4061,68.67,3.41,5.93,155,tarde,seco,4,37.66,0
A,5247,67.34,3.63,5.81,78,noche,humedo,1,44.87,0
A,1604,65.5,4.25,7.03,79,manana,seco,1,49.35,0
A,2438,68.13,4.18,7.38,71,manana,polvoriento,0,52.1,0
B,4818,70.14,3.86,,32,manana,polvoriento,5,43.75,0
B,7203,65.91,4.9,6.65,57,manana,seco,1,47.31,0
A,6055,73.96,4.56,5.55,99,tarde,seco,4,42.58,0
C,8459,75.3,4.53,7.42,78,manana,seco,3,53.23,0
B,1076,77.71,2.98,5.61,55,noche,seco,3,35.65,0
B,6788,71.87,5.01,4.84,38,manana,seco,2,50.22,0
B,6737,67.87,4.25,5.77,47,noche,seco,0,49.11,0
A,6389,67.82,2.74,,124,manana,seco,2,48.97,0
B,6007,64.0,5.26,6.5,164,manana,humedo,2,43.51,0
B,2079,74.74,,7.04,74,manana,seco,1,53.46,0
B,6790,77.24,4.55,6.3,36,noche,polvoriento,1,42.57,0
A,4585,57.16,3.77,5.18,151,noche,seco,4,48.07,0
C,3550,65.54,1.79,6.06,143,tarde,seco,2,48.73,0
B,3240,76.58,3.92,6.33,113,manana,humedo,1,56.64,0
A,5000,69.99,3.41,7.23,300,noche,seco,4,50.53,0
C,7901,68.71,3.55,5.59,46,manana,seco,0,59.84,0
B,9927,81.44,5.1,6.16,49,tarde,humedo,0,39.97,0
B,3205,68.52,3.24,6.59,130,manana,polvoriento,3,44.47,0
C,2002,62.26,,6.28,164,manana,humedo,1,41.01,0
B,4923,64.65,2.67,4.33,37,tarde,humedo,3,48.29,0
B,6115,66.45,4.44,6.22,139,noche,humedo,3,51.74,0
B,3269,77.34,3.95,6.34,112,manana,humedo,1,56.87,0
A,6215,60.31,5.19,6.4,222,tarde,humedo,3,45.7,0
C,1745,74.02,2.72,,88,manana,polvoriento,0,43.25,0
B,5921,63.98,5.26,6.5,163,manana,humedo,2,43.62,0
A,8500,75.25,2.39,5.64,140,noche,humedo,1,32.17,0
A,4499,75.57,5.91,6.77,78,manana,seco,2,45.47,1
B,5578,80.8,2.21,6.6,48,manana,humedo,2,41.24,0
B,6449,62.99,3.77,6.2,80,tarde,seco,4,43.17,0
A,4192,77.16,2.92,6.12,22,manana,humedo,0,35.7,0
A,3827,63.98,3.81,6.83,91,noche,humedo,5,41.59,0
A,6283,67.05,3.12,6.63,103,tarde,seco,4,45.75,0
A,843,60.56,2.9,5.39,128,tarde,humedo,1,47.37,0
C,4123,77.02,2.3,7.73,107,manana,seco,0,48.84,0
B,3406,62.86,5.72,6.2,94,noche,seco,1,36.5,0
B,3679,60.2,3.5,5.98,166,noche,seco,3,39.27,0
A,7702,78.31,2.48,6.36,78,tarde,seco,0,41.84,0
C,9045,75.24,4.02,7.36,70,noche,seco,0,61.06,0
A,6508,66.78,,6.83,45,tarde,humedo,1,45.29,0
C,7100,72.85,4.59,8.11,82,manana,seco,3,63.36,0
B,6641,75.78,4.66,6.93,68,tarde,seco,0,41.82,0
A,7529,71.2,4.15,5.74,59,manana,polvoriento,0,40.86,0
A,9910,73.1,3.13,6.66,135,manana,seco,3,40.12,0
A,8434,49.44,4.56,6.99,147,manana,seco,2,40.86,0
C,6352,74.32,4.09,6.33,12,noche,seco,0,50.32,0
B,4453,75.33,4.57,5.19,30,noche,polvoriento,0,55.53,0
B,6060,88.35,4.4,6.05,51,manana,humedo,1,41.58,0
A,3849,69.1,4.59,5.76,71,manana,polvoriento,0,46.82,1
A,8497,68.89,2.92,5.47,94,manana,seco,3,36.41,0
C,7905,78.84,6.78,6.55,94,noche,seco,3,46.87,0
C,4495,79.88,4.68,7.35,133,manana,seco,4,53.02,0
B,5578,61.93,,5.27,72,manana,seco,6,41.7,0
B,4528,68.74,4.04,6.38,50,noche,humedo,3,40.24,0
A,2669,74.36,4.77,6.57,205,noche,seco,3,39.72,1
A,3715,50.41,4.65,5.48,149,manana,seco,0,50.16,0
C,5444,84.3,6.07,5.63,73,noche,humedo,2,45.44,1
B,7788,80.48,4.33,6.07,84,tarde,seco,5,57.93,0
A,5401,67.29,5.68,6.7,150,tarde,seco,3,37.69,0
B,1548,55.59,4.19,7.08,35,noche,polvoriento,3,38.14,0
A,1410,71.01,3.79,6.57,101,manana,polvoriento,1,46.21,0
A,7729,78.04,2.51,6.37,79,tarde,seco,0,41.4,0
B,4331,56.8,3.26,6.9,92,tarde,seco,1,52.42,0
B,3025,62.91,1.26,6.62,61,manana,polvoriento,0,47.12,0
A,200,58.17,3.37,5.67,29,manana,seco,1,50.08,0
A,1259,66.78,1.52,5.89,208,noche,polvoriento,1,25.61,0
C,6190,86.34,4.56,6.72,67,manana,seco,3,43.03,1
A,2736,59.85,3.23,7.56,61,manana,humedo,1,47.2,0
B,5759,64.87,,4.72,168,tarde,seco,1,44.23,0
A,7651,70.11,4.83,5.57,52,tarde,seco,0,44.36,0
C,674,65.83,3.16,6.79,16,tarde,humedo,0,48.72,0
C,6436,59.36,4.63,6.61,71,tarde,polvoriento,3,52.35,0
A,1001,62.17,4.81,6.97,129,tarde,polvoriento,2,37.14,1
C,4590,84.8,4.76,5.41,89,manana,seco,2,55.62,0
C,5047,73.83,4.35,6.59,91,noche,polvoriento,2,41.27,0
A,6749,56.87,6.52,5.49,85,manana,seco,4,51.38,1
B,6425,52.02,4.7,7.13,158,manana,seco,3,45.02,0
A,4869,62.22,2.51,6.81,36,noche,polvoriento,2,38.94,0
A,2696,78.91,2.41,5.53,69,manana,humedo,3,43.16,0
A,3408,60.89,2.32,7.01,52,tarde,polvoriento,2,38.92,0
B,7348,80.64,2.86,6.72,110,tarde,humedo,4,56.79,0
B,4522,84.11,4.18,6.39,51,tarde,seco,3,44.24,0
A,5666,62.26,3.44,5.93,79,tarde,seco,4,39.17,0
A,4982,63.57,3.33,6.29,83,manana,humedo,1,42.11,0
B,9562,49.11,3.66,6.41,113,manana,seco,1,35.89,0
A,1419,67.52,,5.39,36,tarde,seco,2,42.28,0
A,6613,63.78,3.55,6.79,19,tarde,seco,2,52.78,1
A,8481,79.98,,6.91,80,tarde,polvoriento,4,40.37,0
B,7043,63.32,5.26,5.63,252,tarde,,2,40.25,0
B,9192,74.65,,5.77,135,tarde,seco,2,37.08,0
B,8165,66.87,4.21,6.81,179,noche,seco,4,44.74,0
A,4326,67.4,2.66,6.43,39,noche,seco,1,54.3,0
B,6979,74.63,2.37,6.45,107,noche,seco,3,47.59,0
A,1634,75.98,4.82,6.95,161,manana,humedo,4,51.83,0
C,1606,70.34,2.8,6.07,130,manana,humedo,1,42.49,0
C,4574,62.45,3.89,5.96,136,tarde,seco,4,68.4,0
A,2822,82.83,2.38,6.54,150,tarde,polvoriento,1,51.58,0
A,3675,76.41,6.02,6.35,98,manana,seco,1,45.88,0
A,3784,61.21,1.32,5.3,51,tarde,seco,2,35.89,0
C,2425,81.48,2.33,6.92,168,manana,seco,3,47.48,0
A,5053,67.82,3.74,6.75,112,manana,seco,3,30.13,0
A,4600,72.17,4.15,7.66,154,tarde,seco,2,44.25,1
A,7841,75.04,2.78,6.33,136,manana,humedo,3,32.92,0
B,5093,63.77,2.88,5.59,78,noche,seco,0,32.46,0
B,5724,60.24,3.85,5.41,36,tarde,seco,0,35.31,0
A,5522,73.3,,7.47,149,manana,seco,1,43.9,1
B,8974,57.21,3.66,4.96,49,noche,humedo,2,57.13,0
B,6346,69.62,5.71,6.53,136,manana,seco,1,43.52,0
A,3024,52.93,2.59,6.67,100,manana,polvoriento,3,40.04,0
B,7242,72.21,5.4,7.4,140,tarde,seco,3,42.59,0
C,200,75.17,2.85,6.89,53,manana,seco,2,47.01,0
A,3492,61.85,4.2,6.34,75,tarde,seco,3,37.44,0
C,8220,83.14,4.24,5.97,141,tarde,seco,3,47.13,0
B,4090,55.06,3.3,7.3,120,tarde,seco,2,45.2,0
A,7039,66.51,4.25,5.64,237,manana,polvoriento,4,46.83,0
B,2897,75.11,3.16,5.97,54,tarde,seco,2,46.19,0
A,6655,76.66,4.82,7.1,57,manana,seco,4,44.15,1
A,3334,68.76,3.34,6.19,22,noche,seco,0,51.13,0
B,8274,68.93,6.26,5.71,89,tarde,humedo,1,55.84,0
C,2486,62.38,4.16,6.59,109,tarde,seco,1,44.33,0
B,5568,69.67,3.95,5.48,56,noche,seco,2,41.89,0
C,6300,64.62,4.54,7.02,57,manana,seco,1,60.86,0
A,4889,67.8,3.64,5.93,92,noche,seco,3,51.99,0
A,3490,63.21,2.93,5.75,151,noche,polvoriento,8,44.63,0
B,3988,47.12,3.69,5.36,77,noche,polvoriento,0,39.03,0
A,8138,67.5,3.52,7.27,210,tarde,humedo,1,54.01,0
B,5879,62.33,2.73,5.45,61,tarde,humedo,2,43.11,0
C,4392,68.69,5.68,5.88,78,noche,seco,1,50.06,0
A,3650,86.72,2.89,7.68,185,manana,seco,2,43.24,0
A,4489,67.15,2.66,6.41,38,noche,seco,1,54.42,0
C,3489,84.53,4.48,7.59,203,tarde,seco,1,49.76,1
B,6165,69.82,3.28,5.84,93,noche,polvoriento,3,41.18,0
C,4866,73.12,4.68,6.22,66,manana,humedo,3,51.47,0
A,7480,62.33,5.27,6.99,60,noche,seco,1,59.85,0
B,212,70.13,2.42,5.49,28,noche,seco,0,47.71,0
B,3572,60.52,4.18,5.73,37,tarde,seco,1,57.12,0
C,4492,62.86,3.93,5.96,136,tarde,seco,4,68.45,0
A,4019,69.29,4.61,6.33,140,noche,seco,3,46.98,0
A,7063,66.03,4.3,5.66,238,manana,polvoriento,4,46.79,0
B,5716,60.48,3.79,5.37,36,tarde,seco,0,35.31,0
B,5009,79.29,2.22,6.58,106,manana,seco,1,50.98,0
A,3903,72.75,2.09,5.49,94,manana,seco,3,47.77,0
B,6931,60.82,4.23,5.73,26,tarde,seco,4,47.95,0
B,4047,55.37,3.29,7.28,117,tarde,seco,2,45.17,0
B,5503,66.7,4.61,6.47,125,noche,humedo,1,42.0,0
B,6640,70.65,3.24,5.45,28,manana,humedo,3,50.96,0
A,1885,68.97,2.25,8.07,70,tarde,seco,2,42.81,0
C,541,70.26,3.98,6.21,64,noche,polvoriento,1,48.85,0
B,7182,73.32,3.53,6.86,99,manana,seco,0,40.93,0
A,6380,76.9,3.71,6.21,45,tarde,seco,4,34.71,0
A,3375,63.93,4.12,6.75,126,tarde,humedo,0,33.54,0
C,3630,72.13,5.39,6.86,172,tarde,seco,2,47.93,0
C,1597,67.46,4.16,6.17,58,manana,polvoriento,1,62.3,0
B,7085,63.41,5.22,5.64,253,tarde,,2,39.94,0
C,9549,80.6,4.52,5.47,145,manana,humedo,0,49.44,0
A,5975,82.37,4.05,7.34,87,tarde,humedo,1,51.06,0
C,1915,85.89,5.79,6.2,149,tarde,seco,4,51.05,0
C,6926,75.18,3.12,8.28,85,tarde,polvoriento,2,55.32,0
C,6716,68.55,5.55,6.07,19,manana,seco,3,45.42,0
C,9253,75.43,5.32,5.45,113,tarde,humedo,3,53.47,0
C,2362,74.15,1.52,5.12,76,manana,seco,2,58.06,0
A,4799,61.33,3.34,6.51,82,noche,polvoriento,2,41.91,0
A,5863,66.91,4.1,8.28,46,manana,seco,1,38.81,0
A,3520,62.26,4.09,6.26,86,noche,humedo,4,54.6,0
C,8002,76.12,5.85,7.98,87,noche,seco,1,51.7,1
B,3982,61.55,3.77,5.31,45,noche,seco,1,47.04,0
C,6469,73.94,4.14,6.38,17,noche,seco,0,50.35,0
A,6070,59.91,4.31,6.42,30,tarde,seco,1,46.16,0
C,1693,79.76,3.52,6.48,42,manana,seco,0,50.79,0
A,7053,68.92,4.71,7.07,87,noche,seco,3,48.07,0
B,8074,61.93,4.17,6.38,32,manana,humedo,4,45.64,0
A,7840,68.49,4.4,6.21,61,manana,seco,2,47.51,0
C,8822,61.79,5.79,5.84,52,noche,polvoriento,3,46.86,1
A,3232,69.65,1.23,6.56,64,manana,humedo,2,39.47,0
B,5350,81.45,5.05,6.29,67,manana,humedo,2,48.97,0
B,4295,71.64,5.17,6.61,130,tarde,humedo,0,46.47,0
A,4859,72.82,3.54,7.48,34,noche,polvoriento,2,45.88,0
C,1172,74.57,4.83,6.83,195,noche,seco,1,48.67,1
B,6428,78.93,4.17,5.85,203,tarde,humedo,1,36.76,0
A,7443,71.3,4.47,6.49,98,noche,,3,52.39,0
A,4618,79.45,3.47,5.48,25,manana,seco,0,54.75,0
A,4483,61.49,2.7,6.02,28,tarde,seco,2,36.98,0
A,2345,67.96,4.45,5.74,101,manana,seco,2,48.79,0
C,7476,74.71,3.52,6.72,117,manana,seco,6,55.57,0
C,3482,65.01,3.89,8.03,109,tarde,seco,1,50.19,0
B,5988,63.37,4.79,5.93,142,manana,seco,2,33.38,1
B,3221,68.55,3.27,6.6,130,manana,polvoriento,3,44.52,0
A,3939,78.17,4.07,6.36,93,manana,seco,5,39.29,0
B,4962,80.23,3.73,5.16,30,noche,seco,3,50.71,0
B,6358,81.93,3.93,6.55,66,manana,humedo,4,36.61,0
C,3568,77.41,5.66,5.17,41,tarde,seco,2,45.69,0
B,5184,68.85,6.04,6.28,125,tarde,seco,3,50.38,0
B,6106,73.95,3.68,6.93,167,manana,seco,2,38.86,0
C,5639,46.18,2.8,6.48,92,manana,seco,2,46.58,0
B,5119,71.4,2.05,6.62,86,manana,seco,2,55.85,0
A,9499,62.34,2.63,,52,manana,humedo,3,41.09,0
A,3505,68.91,2.97,6.31,82,tarde,seco,1,38.76,0
B,6075,71.13,3.08,6.63,212,tarde,humedo,0,45.06,1
A,3342,48.66,3.84,5.13,64,manana,polvoriento,3,45.58,0
A,7844,75.7,2.82,6.33,138,manana,humedo,3,32.9,0
B,1479,66.77,5.03,6.85,89,tarde,seco,0,51.33,0
C,6514,74.29,4.12,6.34,15,noche,seco,0,50.22,0
A,6114,58.17,3.66,6.37,107,noche,seco,3,39.12,0
A,4177,65.81,5.54,6.69,160,manana,polvoriento,2,56.55,0
B,7241,62.43,2.73,6.81,36,tarde,humedo,2,30.45,0
C,2990,78.69,3.3,6.97,51,noche,seco,1,52.5,0
B,5661,60.34,3.8,5.36,34,tarde,seco,0,35.37,0
B,4129,66.83,2.29,6.71,76,noche,humedo,3,45.8,0
C,1281,86.94,5.33,6.88,20,noche,seco,2,55.68,0
B,6078,56.47,4.23,5.81,86,manana,seco,1,51.7,0
A,4447,76.88,4.24,6.13,109,manana,seco,2,49.98,0
A,5215,61.28,3.16,6.45,100,tarde,polvoriento,4,34.91,1
A,4652,48.46,3.03,6.31,38,manana,seco,3,47.55,0
A,8037,59.38,5.02,6.83,45,manana,,0,44.04,1
C,3489,79.31,6.33,5.52,34,noche,seco,2,40.88,0
A,8463,59.96,4.43,7.02,102,manana,seco,2,46.32,0
A,1890,76.73,3.54,6.97,82,noche,seco,4,47.72,0
A,2964,78.73,4.58,6.72,44,tarde,humedo,1,52.32,0
A,6046,58.53,3.68,6.4,108,noche,seco,3,39.08,0
C,1817,73.47,2.37,6.23,131,manana,seco,3,41.3,0
A,2245,67.0,3.54,,95,manana,seco,1,42.87,0
A,2892,64.25,4.11,5.89,46,noche,seco,3,36.42,0
A,8150,62.37,,6.16,110,noche,seco,3,48.4,0
B,8974,71.18,4.48,7.13,115,tarde,seco,2,48.31,0
A,3513,63.23,0.4,6.02,77,noche,polvoriento,6,49.69,0
A,5010,81.75,6.01,6.65,66,tarde,humedo,1,34.63,0
C,8510,77.93,4.82,6.06,239,tarde,seco,3,44.85,1
B,2920,63.37,1.3,6.59,60,manana,polvoriento,0,46.87,0
B,7063,67.0,5.83,6.13,52,tarde,seco,1,53.99,0
A,6393,73.52,4.13,6.86,58,manana,humedo,3,47.41,0
A,3840,68.89,3.97,5.59,84,manana,seco,2,42.08,0
A,5728,58.69,5.24,7.08,60,manana,polvoriento,1,49.76,0
B,4938,65.85,3.32,5.48,121,manana,seco,3,42.91,0
B,4238,75.21,4.92,,31,tarde,polvoriento,0,45.73,0
B,6453,59.79,4.64,7.08,53,manana,seco,2,36.89,0
A,8201,65.1,4.81,6.3,42,noche,humedo,0,43.27,0
A,8763,63.94,5.78,6.22,84,manana,,3,43.07,0
C,4321,62.23,3.81,5.43,155,tarde,seco,2,50.89,1
B,3684,76.78,4.01,6.03,124,manana,humedo,0,38.13,0
B,6130,62.95,3.68,6.75,74,manana,seco,2,43.15,0
C,10325,63.9,4.45,6.48,52,tarde,polvoriento,2,43.7,0
B,5776,68.63,4.04,6.27,18,manana,seco,2,51.74,0
A,2038,80.98,,4.51,36,noche,seco,0,55.18,0
A,4347,50.86,4.84,6.67,32,tarde,seco,2,51.31,0
C,5613,86.17,6.16,7.26,38,tarde,humedo,0,40.3,0
A,4619,72.34,3.19,5.22,117,manana,seco,1,41.51,0
C,8729,67.1,4.05,6.49,20,manana,seco,2,49.35,0
C,4379,62.05,3.86,5.41,155,tarde,seco,2,51.0,1
A,6681,94.44,4.84,6.57,238,manana,seco,2,43.61,0
B,2780,73.51,3.77,6.79,137,tarde,humedo,0,45.16,0
A,3478,47.24,3.3,4.95,91,tarde,seco,0,43.46,0
A,1386,65.23,4.98,7.12,67,manana,seco,0,54.76,0
A,6238,66.65,2.65,6.27,184,noche,seco,6,41.78,0
A,9220,62.68,2.27,5.65,127,tarde,seco,3,42.27,1
C,7356,77.12,4.41,6.03,150,tarde,polvoriento,3,65.6,0
A,2735,70.19,3.82,6.54,60,manana,seco,1,34.56,0
C,6266,79.76,3.81,6.14,113,noche,humedo,6,55.16,0
A,5224,67.05,3.66,5.82,78,noche,humedo,1,44.8,0
B,4768,86.03,4.12,6.57,81,noche,polvoriento,0,41.96,0
B,5727,69.7,3.15,7.72,97,tarde,seco,1,37.31,0
B,7000,66.23,,6.21,53,manana,humedo,4,46.78,0
B,5480,69.43,5.11,5.77,104,noche,humedo,3,45.86,0
B,7449,69.2,3.64,5.14,165,manana,polvoriento,2,44.07,0
B,3788,55.98,3.32,6.04,68,noche,polvoriento,3,38.64,1
B,2767,67.67,3.38,5.45,82,tarde,seco,0,52.16,0
A,8949,64.7,2.99,7.07,49,manana,seco,2,40.17,0
B,1778,68.52,1.39,5.82,54,noche,seco,3,47.74,0
C,1735,73.93,2.77,,87,manana,polvoriento,0,43.38,0
A,2143,61.31,3.14,6.03,80,tarde,humedo,3,41.17,0
A,1083,65.38,3.71,6.3,69,tarde,seco,3,46.51,0
B,3429,58.66,3.36,6.37,75,manana,humedo,3,43.33,0
A,2953,61.69,3.89,6.9,48,manana,seco,2,40.07,0
B,3924,79.51,1.56,6.62,158,manana,humedo,1,41.9,0
B,7823,59.97,4.3,,187,tarde,seco,1,64.22,0
C,4764,56.88,3.71,6.94,23,tarde,seco,1,60.5,0
B,7832,65.85,4.21,5.58,134,tarde,seco,1,51.44,0
A,5817,63.35,4.47,5.61,99,noche,seco,3,53.59,0
C,5095,73.46,4.27,7.37,109,manana,seco,1,46.35,0
C,4709,88.06,3.26,6.4,67,manana,seco,3,50.23,0
B,6373,76.41,2.75,6.46,155,manana,humedo,1,55.26,0
A,3998,71.95,4.09,6.32,95,manana,humedo,0,43.19,0
A,3531,71.18,2.86,6.47,71,manana,seco,4,44.73,0
A,5861,74.11,4.52,5.51,102,tarde,seco,4,41.93,0
B,2968,45.93,1.56,5.73,66,noche,seco,2,40.67,0
A,4853,65.4,4.1,5.87,120,manana,seco,1,52.28,0
B,3433,70.49,4.38,6.61,19,manana,seco,2,41.06,0
C,1051,71.34,3.39,6.03,74,tarde,seco,3,49.8,0
B,6085,69.78,4.94,5.02,119,manana,humedo,2,40.11,0
B,6913,73.62,3.97,6.04,123,manana,humedo,1,39.68,1
B,5043,47.64,1.35,5.77,115,tarde,polvoriento,1,31.54,0
A,4465,58.13,3.31,5.08,69,manana,polvoriento,2,32.94,0
A,5453,74.83,4.76,6.42,33,manana,seco,3,50.93,0
A,4110,66.82,3.65,7.88,122,manana,humedo,4,47.43,0
A,3794,64.0,3.83,6.83,93,noche,humedo,5,41.26,0
C,7634,62.55,4.95,6.07,91,manana,seco,3,61.82,0
B,5636,60.03,3.65,6.52,162,manana,seco,1,42.3,0
B,9820,54.95,3.67,5.73,95,tarde,seco,3,43.4,0
A,1426,69.84,3.51,6.18,14,noche,seco,2,34.46,0
A,2502,71.2,3.63,6.15,60,tarde,seco,3,31.46,0
A,6893,56.23,2.61,7.3,60,noche,polvoriento,2,37.88,0
A,5208,65.85,4.44,6.37,112,manana,polvoriento,2,47.89,0
A,6670,85.74,4.91,6.13,24,tarde,seco,1,41.13,0
C,7948,68.58,3.63,5.56,48,manana,seco,0,59.89,0
B,8135,75.3,3.74,6.21,124,manana,humedo,6,37.11,0
A,4198,64.0,3.54,6.42,135,tarde,seco,4,51.54,0
C,6921,71.5,4.53,5.61,247,tarde,seco,0,52.31,0
A,3086,67.8,4.66,5.93,181,noche,seco,1,47.55,0
A,4367,73.05,3.73,6.85,112,tarde,seco,0,49.29,0
C,6998,68.24,5.41,5.31,121,manana,seco,3,66.39,0
C,6244,67.75,6.12,4.97,45,noche,seco,3,66.74,0
B,4352,77.7,4.6,6.21,59,noche,seco,0,37.79,0
B,6111,73.53,3.38,5.69,159,tarde,humedo,2,30.93,0
A,5661,64.76,2.51,5.82,217,noche,seco,3,40.44,0
A,3887,69.12,3.98,5.53,81,manana,seco,2,42.0,0
A,3855,69.08,4.01,5.51,82,manana,seco,2,41.81,0
C,5226,79.94,4.84,6.06,73,noche,seco,4,50.15,0
A,4733,73.31,3.63,,120,tarde,,1,36.37,0
C,7640,62.26,4.95,6.07,90,manana,seco,3,62.21,0
C,1242,74.27,4.85,6.82,194,noche,seco,1,48.84,1
C,5734,86.01,6.14,7.31,40,tarde,humedo,0,40.31,0
A,5212,62.21,3.71,6.23,120,noche,humedo,1,55.02,0
C,6292,68.05,3.82,6.73,190,manana,seco,5,49.04,0
B,8566,74.24,5.26,6.97,152,tarde,humedo,1,58.18,0
B,8984,68.16,3.32,5.79,58,tarde,seco,4,35.04,0
B,6631,66.02,4.47,6.85,103,tarde,humedo,3,39.2,0
B,4796,63.37,2.93,,119,manana,humedo,1,42.63,0
A,4195,58.56,3.17,6.85,40,tarde,seco,1,49.4,0
B,5244,64.59,3.82,,87,noche,humedo,1,41.27,0
C,1588,76.55,4.6,7.08,46,manana,seco,0,48.47,0
C,2873,64.07,5.73,6.99,250,manana,seco,0,69.32,1
A,3965,69.16,4.63,6.32,141,noche,seco,3,46.85,0
A,1091,79.66,3.47,7.11,89,manana,seco,3,46.52,0
B,8197,74.24,4.24,6.58,87,tarde,humedo,0,53.28,0
B,4841,67.11,4.5,4.68,32,noche,seco,3,43.59,0
A,5784,84.13,4.66,7.08,110,noche,seco,1,38.16,0
B,1358,61.51,2.65,7.41,52,noche,seco,4,30.81,0
A,3256,65.28,2.57,6.9,106,manana,seco,4,41.05,0
C,6259,70.37,4.75,5.52,54,manana,humedo,2,58.93,0
B,5273,75.84,3.54,,52,tarde,polvoriento,3,45.19,0
B,5486,70.09,2.66,5.17,69,noche,seco,0,48.84,0
A,7176,67.82,3.1,8.11,59,tarde,humedo,2,41.01,0
C,3603,71.84,5.37,6.83,172,tarde,seco,2,47.72,0
C,730,81.46,4.47,5.45,62,manana,seco,2,48.44,0
A,5474,69.71,4.97,4.8,40,manana,seco,2,47.63,0
B,5922,61.97,5.03,7.08,163,manana,seco,0,46.32,0
A,5148,61.74,3.08,6.37,90,manana,humedo,2,42.64,0
B,1743,55.16,4.18,7.07,34,noche,polvoriento,3,37.72,0
A,927,66.36,,,127,noche,seco,0,33.19,0
A,5192,61.37,4.06,6.57,176,tarde,seco,3,39.42,0
C,6857,89.7,4.89,6.15,160,tarde,humedo,6,52.39,0
B,6016,71.57,4.53,5.3,46,tarde,humedo,1,53.78,0
A,3614,61.7,4.33,6.85,72,tarde,polvoriento,2,49.33,0
B,4613,56.27,4.68,5.05,237,noche,seco,2,41.43,1
C,4937,61.46,3.12,6.23,181,manana,polvoriento,1,47.43,0
B,5211,66.91,3.68,7.15,74,tarde,humedo,1,44.09,0
A,5596,57.87,5.03,5.18,45,tarde,seco,3,47.18,0
B,1435,68.13,2.06,5.69,100,tarde,,2,42.38,0
A,6519,62.97,4.38,5.82,73,manana,seco,0,44.77,0
C,6641,82.29,5.09,7.52,108,manana,humedo,2,47.3,0
B,9153,71.75,5.3,5.79,59,tarde,seco,3,34.65,0
A,6595,86.18,4.89,6.22,22,tarde,seco,1,40.43,0
A,7165,68.84,4.51,5.54,158,tarde,humedo,2,44.37,1
B,7278,69.34,3.69,5.12,168,manana,polvoriento,2,44.34,0
B,6570,63.15,4.5,6.12,77,manana,humedo,3,50.35,0
A,5088,59.61,5.19,6.38,47,noche,polvoriento,0,43.75,0
C,5760,78.86,,6.79,133,tarde,polvoriento,1,48.5,0
B,6568,62.96,4.53,6.09,79,manana,humedo,3,50.24,0
B,3984,70.11,3.16,6.4,168,noche,humedo,2,41.96,0
B,4263,64.48,1.93,6.15,31,tarde,seco,1,42.56,0
B,4257,76.01,2.41,6.06,95,manana,seco,3,55.0,0
C,4521,83.13,3.38,7.67,45,noche,seco,1,49.76,0
C,6613,76.91,2.62,6.18,40,tarde,seco,1,46.08,0
A,205,64.33,3.71,5.85,91,tarde,seco,1,36.39,0
B,10382,65.16,4.55,5.16,51,manana,polvoriento,4,41.02,0
A,7969,90.77,4.04,6.14,64,manana,humedo,2,56.54,1
A,3483,63.48,0.42,6.02,79,noche,polvoriento,6,50.1,0
B,6430,70.48,2.82,6.75,93,tarde,seco,6,49.23,0
C,8667,64.33,5.18,6.28,71,noche,seco,5,53.03,0
A,4177,76.06,3.56,5.74,109,manana,humedo,0,45.36,0
B,7159,69.54,4.52,6.83,141,tarde,humedo,5,45.72,1
C,4332,78.44,3.81,7.52,117,manana,seco,2,41.55,0
A,3573,62.3,4.42,5.64,46,noche,seco,2,41.69,0
A,5043,76.92,4.31,5.93,40,noche,seco,1,47.97,0
B,2422,71.85,1.06,6.47,51,noche,humedo,2,42.0,0
A,5885,73.73,0.86,6.79,66,tarde,seco,1,46.99,0
A,3255,68.72,3.28,6.18,23,noche,seco,0,50.98,0
C,200,63.85,4.23,5.7,112,manana,humedo,4,45.82,0
C,6178,65.8,5.41,6.79,112,noche,seco,2,60.07,0
A,6725,68.69,3.53,6.62,57,noche,humedo,5,42.22,0
A,4042,65.98,4.31,7.29,50,noche,seco,4,42.33,1
B,4147,64.97,3.02,6.09,133,manana,seco,1,39.19,0
A,4969,80.96,3.42,6.17,62,tarde,humedo,0,38.65,0
C,8312,82.94,3.96,6.27,75,manana,humedo,3,47.42,0
A,4034,64.95,4.24,6.25,118,tarde,seco,3,57.31,0
B,594,75.79,3.52,6.55,90,tarde,humedo,0,50.11,0
A,6753,66.97,4.27,6.51,63,noche,humedo,3,42.98,0
B,8554,76.07,3.81,6.26,98,tarde,polvoriento,0,37.09,0
B,4403,70.56,4.57,5.93,113,tarde,seco,3,49.94,0
A,4843,79.67,3.93,,104,manana,seco,1,48.33,0
C,5795,58.66,3.45,5.47,179,manana,seco,0,48.59,0
A,6317,55.21,4.33,5.92,21,noche,seco,4,35.19,0
A,4567,60.17,2.72,6.01,28,tarde,seco,2,36.85,0
A,3877,85.35,2.97,6.55,126,noche,seco,1,51.49,0
A,4212,65.36,5.53,6.69,160,manana,polvoriento,2,56.46,0
B,7524,66.43,3.85,5.56,115,manana,polvoriento,4,47.39,0
A,4794,61.5,4.67,6.58,75,tarde,humedo,2,45.76,0
C,4958,68.86,4.69,,108,noche,seco,1,49.14,0
B,3161,57.32,4.16,5.48,39,tarde,humedo,2,50.57,0
A,6415,69.44,4.23,5.48,82,tarde,seco,3,48.0,0
C,3773,58.9,5.0,6.64,44,tarde,humedo,0,45.31,0
A,3968,67.05,4.72,7.45,127,manana,seco,3,55.98,0
B,6367,67.94,3.61,6.71,43,tarde,seco,5,44.88,0
B,3307,60.66,2.3,5.95,96,tarde,seco,4,41.39,0
B,5118,71.61,2.08,6.63,84,manana,seco,2,55.94,0
A,5980,82.59,4.09,7.32,87,tarde,humedo,1,51.29,0
B,5248,63.36,4.62,5.43,82,manana,humedo,1,32.64,0
A,4919,71.05,4.68,,42,noche,humedo,1,39.61,0
A,4068,63.41,3.5,6.4,139,tarde,seco,4,51.73,0
A,1873,69.81,3.35,5.72,46,manana,seco,2,38.38,0
A,8086,70.87,3.66,7.42,61,noche,polvoriento,2,41.95,0
A,6074,74.42,3.68,5.32,65,manana,seco,1,57.52,0
B,7222,70.73,4.93,6.53,33,tarde,seco,1,50.52,0
C,7498,59.49,4.83,6.23,102,noche,seco,0,59.05,0
C,3488,69.65,4.0,5.79,139,tarde,seco,1,46.32,0
B,4126,69.27,1.66,5.69,59,tarde,humedo,0,41.17,0
B,8288,64.67,2.98,7.19,16,tarde,humedo,6,44.9,0
A,4291,80.81,3.79,7.27,61,tarde,humedo,2,32.39,0
A,3852,76.01,1.28,6.73,95,tarde,seco,1,50.74,0
C,7924,68.67,3.59,5.57,47,manana,seco,0,60.04,0
A,3100,70.28,2.8,7.37,29,tarde,humedo,3,38.97,0
A,1575,66.79,3.26,6.62,13,noche,seco,6,46.31,0
C,2756,64.11,5.75,6.99,251,manana,seco,0,69.27,1
B,4609,52.82,4.77,6.01,108,noche,seco,5,48.52,0
B,6024,63.4,4.75,5.93,142,manana,seco,2,33.55,1
C,6068,79.79,2.65,6.53,60,manana,seco,1,49.01,0
C,8383,64.68,5.64,5.22,179,tarde,seco,0,56.11,0
B,8124,54.04,3.29,5.83,126,noche,seco,2,54.83,0
B,5497,93.27,4.7,5.89,196,manana,seco,1,39.92,1
A,2736,62.48,4.63,6.24,63,manana,seco,3,51.82,0
B,7078,73.48,3.52,6.87,98,manana,seco,0,40.78,0
C,7428,71.25,3.49,6.8,26,tarde,humedo,0,65.59,0
A,3997,72.72,2.04,5.47,90,manana,seco,3,47.68,0
A,884,45.46,2.36,6.48,82,tarde,seco,1,40.43,0
B,3611,68.05,2.89,6.77,105,manana,seco,4,56.21,0
A,3427,74.66,4.21,6.13,45,manana,seco,0,55.48,0
A,4931,64.36,3.38,6.28,171,noche,,0,46.09,0
A,6235,79.5,3.77,8.68,47,noche,seco,1,43.28,0
A,5775,81.19,1.74,6.94,57,manana,polvoriento,6,34.9,0
B,2670,67.71,3.42,5.48,82,tarde,seco,0,52.49,0
B,1348,79.85,4.5,6.27,122,noche,humedo,1,51.36,0
B,5141,53.86,3.05,5.84,135,manana,humedo,2,41.6,0
A,5013,56.3,2.72,6.69,60,tarde,polvoriento,1,47.59,0
C,1740,59.62,6.01,6.54,84,tarde,humedo,1,45.55,0
A,5088,68.59,3.63,5.9,94,tarde,seco,0,46.83,1
B,2781,72.31,3.85,5.68,126,tarde,seco,0,41.23,0
C,7055,89.93,5.78,7.49,87,manana,seco,2,62.03,0
A,5611,72.54,4.92,7.18,17,tarde,seco,1,35.51,0
B,3274,68.15,3.54,6.15,179,manana,seco,1,38.99,0
A,9305,77.95,4.51,5.72,124,tarde,seco,3,47.23,0
B,2731,74.08,2.94,5.74,101,tarde,seco,3,48.85,0
B,5577,68.57,3.23,5.9,109,manana,humedo,6,52.56,0
C,5273,80.9,5.19,7.15,77,tarde,polvoriento,1,58.03,0
A,3458,66.1,2.58,7.17,67,manana,seco,3,34.76,0
B,3361,58.91,3.39,6.36,76,manana,humedo,3,43.89,0
A,3990,71.89,4.09,6.31,95,manana,humedo,0,43.0,0
B,5963,63.83,4.83,5.94,142,manana,seco,2,33.4,1
A,2142,66.11,4.06,6.81,88,tarde,seco,1,40.31,0
B,4577,53.76,5.01,6.41,110,tarde,seco,1,46.48,0
C,8008,73.72,4.3,7.1,56,noche,seco,2,45.22,0
C,3976,81.41,3.79,6.78,23,noche,seco,3,67.58,0
A,880,45.45,2.34,6.48,83,tarde,seco,1,40.38,0
C,9265,70.9,3.38,,43,noche,seco,3,57.99,0
B,5204,75.09,2.46,7.52,109,noche,seco,0,45.97,0
A,7109,68.9,4.55,5.52,157,tarde,humedo,2,44.53,1
A,4383,62.88,1.34,7.41,58,tarde,seco,0,31.72,0
C,7454,74.33,3.64,6.99,181,manana,seco,1,56.87,1
B,6513,68.58,3.29,5.98,68,tarde,polvoriento,3,45.39,0
A,6211,58.5,5.65,6.32,68,noche,humedo,2,52.79,0
C,5408,67.52,4.5,6.14,107,manana,humedo,0,42.79,0
A,3909,81.91,2.42,6.52,79,manana,seco,1,48.35,0
B,4034,62.54,3.79,5.3,42,noche,seco,1,47.37,0
A,5122,76.72,,7.03,58,tarde,polvoriento,4,46.54,0
A,4492,64.25,3.2,7.97,28,tarde,humedo,2,56.43,0
B,4185,47.18,3.7,5.36,73,noche,polvoriento,0,39.25,0
B,3523,60.3,4.22,5.72,36,tarde,seco,1,56.99,0
B,9057,66.61,2.52,6.93,28,noche,polvoriento,2,42.02,0
B,5415,68.61,4.07,6.72,124,manana,humedo,4,41.92,0
A,3257,68.32,3.36,6.22,23,noche,seco,0,51.37,0
A,2453,72.93,2.72,,106,noche,humedo,2,50.08,0
A,2102,61.61,3.01,5.96,85,tarde,humedo,3,41.39,0
B,4684,56.45,4.65,5.05,239,noche,seco,2,41.1,1
C,589,69.34,3.86,6.57,118,noche,,1,47.35,0
A,3625,67.19,2.56,6.24,256,noche,seco,0,39.05,0
A,2660,79.17,4.87,6.25,78,tarde,seco,1,44.86,0
B,3387,69.79,1.46,7.16,71,manana,seco,1,39.2,0
A,4287,67.29,2.63,6.45,39,noche,seco,1,54.33,0
A,200,64.55,3.74,5.85,94,tarde,seco,1,36.37,0
C,6038,73.54,5.18,6.52,47,tarde,seco,1,53.07,0
A,1788,64.47,2.17,4.32,193,noche,seco,2,23.65,0
B,1348,64.63,2.61,5.94,87,manana,seco,1,48.73,0
B,3013,67.17,3.56,6.35,143,manana,seco,3,50.57,0
A,5011,61.33,3.03,6.34,92,manana,humedo,2,42.3,0
C,4378,78.25,3.75,6.57,144,manana,polvoriento,5,66.04,0
A,3589,62.14,4.39,5.62,46,noche,seco,2,41.43,0
A,3652,54.74,3.03,5.79,115,manana,polvoriento,2,50.02,0
C,7515,71.84,5.29,6.21,99,manana,seco,0,47.46,0
A,3764,61.05,1.29,5.32,50,tarde,seco,2,35.7,0
A,4089,65.07,2.74,6.87,67,manana,polvoriento,1,54.27,0
B,2739,70.33,4.89,6.13,166,manana,seco,1,51.48,0
B,6377,67.97,3.6,6.7,41,tarde,seco,5,44.93,0
A,4277,69.61,2.62,5.54,239,manana,humedo,1,35.69,0
C,7082,72.93,4.63,8.14,80,manana,seco,3,63.44,0
B,3022,70.2,2.41,6.32,81,manana,polvoriento,1,38.84,0
A,6716,74.8,4.11,5.15,150,manana,humedo,2,44.53,0
B,2643,61.15,3.0,6.29,46,manana,humedo,2,43.19,0
A,8360,64.95,4.82,6.33,42,noche,humedo,0,43.5,0
B,2906,65.7,3.56,6.08,40,manana,seco,4,48.9,0
A,6063,65.55,3.88,6.36,86,noche,polvoriento,4,47.85,0
B,3933,60.97,1.55,7.03,129,noche,humedo,1,39.72,0
A,4291,65.93,2.93,6.67,61,tarde,seco,1,49.32,0
C,5958,60.01,5.15,6.41,128,manana,polvoriento,5,43.96,0
C,7542,59.74,4.8,6.22,102,noche,seco,0,59.12,0
B,3908,53.71,3.48,7.69,61,noche,seco,3,34.89,0
B,4985,64.07,3.9,5.81,89,noche,seco,0,36.86,0
B,7037,63.02,5.27,5.61,253,tarde,,2,39.85,0
A,2996,68.74,4.61,6.16,27,tarde,,4,41.19,0
A,5017,77.63,4.26,6.36,100,noche,seco,3,46.13,0
C,4571,74.77,2.65,6.43,224,manana,humedo,8,52.99,0
A,3428,66.41,2.54,7.17,69,manana,seco,3,34.74,0
C,6291,64.99,,7.08,166,manana,humedo,4,46.41,0
A,5222,76.33,4.75,5.89,37,tarde,humedo,0,39.97,0
C,2334,59.76,3.95,7.34,25,tarde,humedo,1,50.28,0
A,5338,66.65,4.23,6.3,83,tarde,polvoriento,3,36.48,0
B,6406,76.44,2.79,6.43,159,manana,humedo,1,55.76,0
A,9269,76.78,4.54,6.54,69,manana,seco,3,44.14,0
B,7720,69.65,4.2,7.23,36,manana,,4,43.24,0
A,7049,67.64,3.12,8.1,58,tarde,humedo,2,40.81,0
A,4762,61.59,3.72,6.58,83,tarde,seco,1,42.54,0
B,5516,76.45,2.43,6.23,42,tarde,humedo,3,45.52,0
B,1293,80.18,4.46,6.26,117,noche,humedo,1,51.29,0
A,2725,75.67,5.83,6.44,164,tarde,humedo,2,42.34,0
B,356,73.38,2.12,7.14,200,manana,humedo,1,41.04,0
A,3601,76.82,5.94,6.34,95,manana,seco,1,45.79,0
A,8674,61.48,3.15,5.94,20,manana,polvoriento,2,62.53,0
C,1672,80.23,3.52,6.46,41,manana,seco,0,50.55,0
A,3808,70.2,3.52,6.76,62,manana,humedo,1,34.88,0
B,4319,74.43,3.49,5.33,92,manana,seco,0,37.5,0
C,2948,79.41,3.27,6.93,51,noche,seco,1,53.12,0
C,537,65.61,3.18,6.79,15,tarde,humedo,0,49.05,0
A,6310,66.72,3.13,6.63,104,tarde,seco,4,46.15,0
A,5107,78.65,5.12,6.76,70,noche,seco,3,49.82,1
B,5254,90.3,4.07,5.83,81,manana,seco,3,43.76,0
A,4293,72.61,2.66,7.43,147,tarde,polvoriento,5,64.27,0
C,5467,78.39,4.51,6.79,73,noche,seco,1,61.27,0
A,5288,69.28,5.32,5.6,37,tarde,humedo,2,43.93,0
A,6838,58.89,4.26,6.5,97,noche,seco,5,47.12,1
B,2945,72.44,3.93,6.83,70,noche,seco,0,51.0,0
A,4720,70.15,4.45,5.84,99,noche,seco,1,32.21,0
A,6659,75.21,3.88,5.44,282,manana,seco,4,45.32,0
A,11555,69.71,4.66,5.22,110,manana,seco,6,43.15,0
A,7065,86.56,5.21,5.95,61,noche,humedo,2,41.96,0
A,8473,58.37,2.28,6.17,69,manana,seco,0,42.68,0
B,3731,76.89,4.01,6.01,123,manana,humedo,0,38.33,0
A,3740,75.04,3.12,6.18,72,manana,seco,2,50.33,0
A,8116,57.22,4.46,6.03,70,manana,humedo,5,51.65,0
B,4732,69.65,2.87,6.17,56,tarde,polvoriento,1,41.0,0
A,3737,79.29,1.66,5.34,157,manana,humedo,2,43.22,0
B,7993,64.56,6.78,6.69,146,tarde,seco,1,39.64,0
C,4243,67.26,4.29,6.5,41,tarde,seco,2,55.18,1
A,1931,69.71,3.36,5.74,45,manana,seco,2,38.35,0
B,1455,73.66,2.78,5.99,116,tarde,polvoriento,2,38.98,0
A,5706,61.04,4.09,7.23,102,tarde,seco,1,28.7,1
A,4961,74.0,4.5,4.97,76,tarde,humedo,1,51.02,0
B,3966,80.06,,5.75,107,manana,,1,48.12,0
B,3959,70.33,3.16,6.39,168,noche,humedo,2,42.36,0
A,4752,56.31,4.21,5.94,192,manana,humedo,3,49.0,0
B,3717,68.31,4.15,6.78,101,tarde,polvoriento,1,49.57,0
B,200,60.77,4.67,5.33,41,tarde,seco,3,42.8,0
A,2873,68.42,4.56,6.14,27,tarde,,4,41.56,0
B,6350,57.27,4.32,5.44,55,manana,humedo,0,39.87,0
A,1373,61.64,2.37,5.32,227,tarde,seco,1,33.97,0
A,2961,78.92,2.39,6.31,78,manana,seco,1,48.69,0
A,5654,66.95,2.94,6.74,33,manana,seco,1,49.2,0
B,5544,61.42,4.44,5.75,107,noche,polvoriento,6,45.99,0
B,9915,81.39,5.1,6.19,52,tarde,humedo,0,39.94,0
C,4640,77.34,4.02,6.91,17,manana,seco,1,60.8,0
B,5255,62.98,3.14,6.0,84,tarde,seco,1,46.03,0
B,7316,58.57,2.18,5.57,127,tarde,humedo,0,37.39,0
B,5954,61.56,5.04,7.08,167,manana,seco,0,46.23,0
B,6103,75.45,3.4,5.5,48,manana,humedo,1,46.88,0
C,3852,54.82,2.91,5.82,127,tarde,seco,5,55.66,0
B,3035,70.09,2.4,6.33,80,manana,polvoriento,1,39.13,0
B,8096,62.07,4.19,6.37,33,manana,humedo,4,45.7,0
B,5250,71.66,6.25,5.81,155,tarde,seco,0,46.24,0
A,3201,70.04,1.25,6.53,61,manana,humedo,2,39.49,0
B,7748,78.48,4.94,6.75,106,tarde,humedo,1,41.8,0
B,4070,68.42,3.46,5.95,157,tarde,seco,4,37.3,0
B,7830,65.63,4.24,5.59,132,tarde,seco,1,51.0,0
A,8527,64.43,4.36,5.99,52,tarde,seco,1,48.61,0
A,4974,75.7,3.71,6.18,30,tarde,seco,1,43.11,1
A,7749,71.68,4.77,6.22,152,tarde,polvoriento,0,55.9,1
C,4100,63.38,3.61,7.73,16,manana,humedo,3,51.0,0
A,4112,73.06,3.04,7.21,163,manana,humedo,2,45.25,0
C,6591,67.0,2.71,6.47,172,tarde,seco,2,49.99,0
C,6604,70.77,5.28,6.17,84,tarde,seco,1,51.02,1
B,4387,71.57,5.2,6.63,130,tarde,humedo,0,46.5,0
A,4281,72.63,4.72,6.76,71,manana,humedo,0,39.51,0
C,2920,72.51,4.19,6.46,183,noche,seco,4,51.56,0
A,3369,48.08,3.86,5.15,63,manana,polvoriento,3,45.81,0
B,8080,60.75,,6.45,121,tarde,seco,3,44.85,1
C,7383,89.61,5.72,7.27,78,manana,seco,2,52.58,0
A,7657,70.38,4.85,5.59,51,tarde,seco,0,44.26,0
B,5206,67.24,3.67,7.15,74,tarde,humedo,1,44.19,0
B,7400,76.03,3.32,5.1,111,manana,polvoriento,5,42.27,0
A,4747,61.78,3.74,6.62,86,tarde,seco,1,42.34,0
A,5923,70.82,3.25,6.05,95,manana,seco,3,42.61,1
A,2836,70.35,3.7,6.51,66,manana,seco,1,34.71,0
B,8322,76.45,3.8,5.49,61,tarde,seco,5,34.41,0
A,201,83.3,3.9,6.9,65,manana,humedo,0,40.67,0
B,7865,74.2,3.3,6.3,109,manana,humedo,3,52.66,0
B,3280,60.6,2.28,5.95,94,tarde,seco,4,41.29,0
B,7312,76.06,3.96,6.0,88,manana,seco,3,35.81,1
C,6362,84.34,4.84,6.63,42,manana,seco,1,42.25,0
C,2875,72.2,4.19,6.43,186,noche,seco,4,51.21,0
B,2182,69.31,4.03,6.11,53,manana,seco,0,49.6,0
B,3585,68.95,4.62,5.46,81,tarde,humedo,0,42.51,0
A,4358,73.53,3.01,6.93,138,tarde,seco,0,51.8,0
A,6599,69.51,5.71,5.62,135,noche,humedo,2,44.53,1
C,4771,71.34,6.01,6.03,195,noche,polvoriento,5,56.2,0
C,5051,70.81,,6.13,77,tarde,seco,2,53.17,0
A,7443,60.59,4.19,5.97,44,manana,humedo,3,42.49,0
A,6958,65.35,6.27,7.72,39,tarde,,3,42.46,0
C,4548,87.58,3.22,6.41,66,manana,seco,3,50.06,0
A,5815,58.02,3.62,7.54,46,tarde,seco,3,44.53,0
B,8347,77.47,3.62,7.31,25,tarde,polvoriento,5,38.87,0
B,6502,55.47,3.17,5.13,50,manana,humedo,3,44.74,0
A,1745,75.87,4.79,6.94,161,manana,humedo,4,52.17,0
A,6184,59.53,5.21,6.37,224,tarde,humedo,3,45.3,0
C,6610,70.37,4.03,6.75,3,manana,seco,2,46.72,0
B,1850,74.91,4.22,6.85,96,noche,seco,4,49.01,0
B,5216,64.9,4.25,6.24,58,manana,seco,0,60.09,0
C,8110,69.71,3.7,5.19,67,noche,seco,3,56.71,0
C,8380,82.72,3.97,6.28,76,manana,humedo,3,47.18,0
A,3426,47.13,3.23,4.94,89,tarde,seco,0,43.65,0
A,4699,54.96,3.18,7.3,52,noche,polvoriento,2,43.2,0
A,5638,58.48,4.4,5.96,96,tarde,seco,2,51.39,0
A,6238,58.66,4.84,6.75,25,manana,seco,0,52.71,0
A,5585,64.4,,6.21,89,tarde,,4,37.27,0
A,4583,77.55,4.18,6.08,107,manana,seco,2,50.36,0
A,8478,64.25,4.33,6.02,52,tarde,seco,1,48.74,0
A,2196,66.38,3.91,5.93,18,manana,seco,1,46.54,0
B,7762,61.18,4.05,,24,tarde,polvoriento,3,49.74,0
B,7071,72.65,3.53,6.86,99,manana,seco,0,40.87,0
B,6697,52.7,4.78,5.8,135,tarde,humedo,1,41.73,0
C,8752,62.18,5.85,5.87,47,noche,polvoriento,3,46.87,1
A,5998,61.8,4.45,7.72,65,tarde,humedo,3,54.3,0
B,3767,55.8,2.44,4.72,61,tarde,,1,52.89,0
B,7995,69.53,3.31,5.72,109,tarde,seco,3,49.13,0
A,5750,70.13,2.31,6.4,122,tarde,seco,2,47.34,0
B,3874,74.64,3.5,6.84,55,noche,humedo,3,34.78,0
B,11902,65.89,2.16,6.69,296,tarde,seco,7,41.34,0
C,3372,70.16,3.41,7.19,52,manana,polvoriento,0,55.11,0
B,5419,66.55,2.44,5.82,56,manana,humedo,1,52.48,0
A,3253,77.64,3.69,7.66,52,tarde,seco,0,43.07,0
A,3067,70.29,2.92,5.54,37,tarde,polvoriento,2,47.64,0
B,5574,52.39,2.96,5.68,117,manana,seco,1,47.36,0
C,3290,81.0,3.99,7.4,54,manana,humedo,1,30.73,0
A,2778,69.62,3.47,4.93,45,noche,humedo,2,38.68,0
C,8668,64.49,5.21,6.29,71,noche,seco,5,53.19,0
B,7444,67.54,4.34,4.86,97,noche,seco,1,46.88,0
A,6446,61.87,3.96,6.6,45,tarde,seco,0,54.67,0
B,7766,70.94,4.19,6.53,27,noche,polvoriento,1,37.75,0
A,2437,73.74,1.9,5.94,134,tarde,seco,0,48.34,0
A,4238,64.62,3.53,6.3,84,tarde,seco,0,49.74,0
A,4192,59.91,2.14,5.52,109,noche,seco,0,51.04,0
A,4032,61.99,2.45,6.28,87,tarde,polvoriento,2,34.27,0
A,4847,72.84,3.0,5.72,38,manana,seco,2,52.13,0
A,5882,75.85,3.39,6.98,56,tarde,humedo,3,48.45,0
A,4764,74.76,3.57,6.45,51,noche,polvoriento,2,39.98,0
A,2801,61.9,3.92,6.91,49,manana,seco,2,39.98,0
C,4649,65.78,4.15,5.48,78,manana,,0,55.26,0
A,8101,72.46,3.91,6.84,74,noche,polvoriento,2,44.06,0
B,5325,72.03,6.26,5.83,156,tarde,seco,0,45.97,0
B,4527,77.64,3.92,7.24,43,manana,polvoriento,7,37.42,0
B,2939,76.64,3.45,7.0,62,tarde,humedo,3,59.44,0
B,2477,63.72,4.26,5.84,236,noche,polvoriento,0,52.61,0
B,1347,54.83,2.5,5.32,98,manana,seco,3,48.44,0
A,6757,86.05,4.83,6.18,23,tarde,seco,1,40.82,0
B,5335,49.44,3.53,5.79,139,manana,polvoriento,2,40.58,0
B,6478,74.45,6.1,4.4,113,tarde,seco,0,36.78,1
A,6884,55.89,2.63,7.29,61,noche,polvoriento,2,38.18,0
C,6127,86.57,4.58,6.72,69,manana,seco,3,42.69,1
C,8239,66.56,4.9,4.48,93,tarde,seco,2,58.16,0
A,8380,75.77,5.23,6.77,102,tarde,humedo,2,36.57,0
A,4116,64.63,2.7,6.85,66,manana,polvoriento,1,54.09,0
A,4139,75.2,4.11,6.93,183,manana,seco,0,56.19,0
B,6728,67.51,5.07,6.59,165,noche,polvoriento,3,50.97,0
C,5786,69.09,2.51,6.64,33,tarde,humedo,4,55.48,0
A,1538,57.39,2.51,6.18,82,noche,seco,3,37.81,0
A,8414,58.04,2.26,6.11,65,manana,seco,0,42.74,0
B,6339,69.43,4.99,5.87,177,tarde,seco,2,40.8,1
A,5425,67.96,4.29,6.89,172,tarde,seco,2,58.95,0
C,6411,84.5,4.75,6.64,40,manana,seco,1,41.7,0
C,6146,66.36,5.42,6.82,111,noche,seco,2,59.65,0
B,6761,67.9,4.3,5.75,45,noche,seco,0,49.4,0
B,8757,79.43,4.82,6.74,82,noche,seco,1,55.96,0
A,8308,64.89,4.81,6.3,41,noche,humedo,0,43.64,0
B,2679,68.21,1.87,6.27,70,tarde,seco,3,47.37,0
B,6584,74.95,3.16,6.8,107,manana,seco,7,47.02,1
A,2250,67.67,4.48,5.75,102,manana,seco,2,48.75,0
B,8019,66.98,4.18,6.85,177,noche,seco,4,44.31,0
C,6536,59.01,4.62,6.65,73,tarde,polvoriento,3,52.47,0
C,5342,70.68,5.45,5.72,186,noche,,0,53.36,0
B,6411,57.84,3.95,6.46,76,manana,humedo,1,43.06,0
A,4702,61.7,3.73,6.61,84,tarde,seco,1,42.42,0
A,6274,62.44,3.42,5.72,93,manana,humedo,0,35.47,0
A,6688,75.2,4.75,6.36,96,tarde,seco,0,41.6,0
A,2064,63.05,3.34,6.65,152,manana,polvoriento,0,53.53,0
C,7149,64.7,5.18,6.45,59,manana,seco,4,67.97,0
B,5741,59.73,3.72,5.43,42,tarde,seco,1,45.79,0
A,4724,61.5,3.36,6.51,81,noche,polvoriento,2,41.98,0
C,4842,71.53,6.07,6.01,195,noche,polvoriento,5,56.37,0
C,4206,77.44,4.32,5.76,60,manana,seco,1,44.42,0
B,5163,73.82,4.4,,121,tarde,seco,2,49.0,0
C,6537,58.37,5.65,6.42,47,manana,humedo,1,64.67,0
A,3094,70.58,2.8,7.39,28,tarde,humedo,3,39.1,0
A,7465,62.35,5.25,7.0,59,noche,seco,1,60.39,0
B,6690,67.13,4.56,5.56,76,noche,polvoriento,0,42.33,1
A,3949,81.21,3.74,7.01,128,noche,seco,1,54.58,0
A,6222,66.51,2.66,6.27,186,noche,seco,6,41.8,0
B,11428,75.85,5.1,5.47,126,noche,humedo,5,35.5,1
A,3635,75.71,5.26,4.87,107,tarde,humedo,4,49.57,0
C,4938,65.53,4.93,6.78,45,tarde,seco,1,54.95,0
C,5929,58.5,3.4,5.48,180,manana,seco,0,48.9,0
A,12316,70.61,4.66,6.87,105,tarde,polvoriento,5,48.82,0
B,5045,78.91,3.41,6.64,54,noche,humedo,1,48.11,0
B,7924,61.69,4.7,,68,noche,seco,2,43.91,0
C,7491,70.83,3.43,6.84,22,tarde,humedo,0,66.23,0
B,2925,67.98,1.51,5.44,37,tarde,humedo,3,43.52,0
B,4872,66.51,6.51,5.65,130,manana,seco,1,36.32,0
A,6963,80.45,3.18,6.6,31,tarde,seco,4,42.77,0
B,6163,62.9,3.65,6.69,76,manana,seco,2,42.75,0
C,6321,78.83,3.19,6.43,115,noche,seco,3,64.26,0
B,4762,60.09,4.24,6.28,194,noche,polvoriento,2,38.22,0
A,6553,88.51,2.17,5.72,69,tarde,humedo,6,42.15,0
A,8410,70.48,4.55,,45,tarde,seco,0,29.6,0
A,6585,88.43,2.22,5.8,67,tarde,humedo,6,40.99,0
C,5687,76.54,4.57,5.58,34,manana,polvoriento,2,36.27,0
A,9018,65.0,2.98,7.08,53,manana,seco,2,40.15,0
C,6822,65.74,3.58,5.95,107,noche,humedo,2,55.51,0
A,3846,63.43,2.54,,12,noche,seco,4,49.53,0
B,5280,59.94,5.19,6.13,41,manana,polvoriento,2,51.28,1
C,7979,76.65,5.84,7.96,89,noche,seco,1,51.62,1
B,3980,71.36,3.5,5.12,32,tarde,polvoriento,0,44.91,0
A,5839,68.84,5.04,6.36,110,noche,polvoriento,3,35.52,1
B,1409,68.36,2.06,5.72,99,tarde,,2,42.63,0
C,6240,79.46,3.78,6.13,113,noche,humedo,6,55.28,0
B,9458,69.33,3.01,6.0,92,manana,humedo,1,34.91,0
B,1890,68.53,1.42,5.81,54,noche,seco,3,47.55,0
B,6544,63.18,4.55,6.12,79,manana,humedo,3,50.02,0
B,7324,59.04,4.08,6.05,83,manana,seco,2,33.43,0
C,9719,65.88,3.65,5.87,38,tarde,seco,1,57.28,0
A,7766,70.86,4.05,6.6,92,noche,humedo,4,47.89,0
B,4848,67.3,6.49,5.66,131,manana,seco,1,36.22,0
B,6852,66.83,1.91,6.55,33,noche,seco,3,29.74,0
A,6964,69.96,5.03,5.27,16,tarde,humedo,0,56.38,0
A,7964,68.19,4.44,5.46,86,manana,humedo,1,42.87,0
B,4370,71.61,3.3,6.52,46,manana,humedo,1,33.55,0
B,2017,68.11,3.11,6.62,17,manana,polvoriento,1,44.9,0
A,5767,69.0,5.05,6.38,107,noche,polvoriento,3,35.52,1
A,7693,74.62,4.47,6.41,42,manana,seco,1,47.91,0
B,2630,66.2,3.82,5.34,108,tarde,polvoriento,3,51.71,0
C,5276,59.88,2.97,6.07,66,tarde,humedo,1,45.29,0
A,8511,75.71,3.11,5.65,25,tarde,seco,4,49.23,0
B,7321,72.68,5.14,5.42,182,manana,seco,2,45.92,0
A,2882,68.6,3.07,6.11,60,noche,humedo,4,42.75,0
C,9689,62.47,3.59,7.2,52,tarde,humedo,5,57.32,0
A,6963,63.93,2.72,5.8,87,noche,humedo,1,53.77,0
A,2089,69.12,3.27,7.23,117,tarde,seco,3,43.31,0
A,2911,73.74,2.8,5.07,143,tarde,seco,3,40.67,0
C,4125,76.31,3.21,6.36,84,noche,seco,3,39.58,0
B,4804,81.45,5.14,6.36,73,manana,seco,1,35.19,0
A,3096,67.01,,6.46,27,manana,seco,3,46.99,0
B,7677,51.29,2.09,6.39,72,manana,seco,4,36.26,0
A,3428,74.66,4.24,6.16,44,manana,seco,0,55.4,0
A,1225,66.18,2.75,6.18,107,tarde,seco,0,54.01,0
C,6693,58.32,5.01,5.28,53,noche,seco,2,57.8,0
A,2759,62.11,3.91,7.29,51,tarde,seco,0,47.42,0
B,6244,68.05,3.56,6.72,44,tarde,seco,5,44.13,0
B,2083,69.91,2.84,5.82,48,manana,humedo,1,48.03,0
B,5228,62.3,5.88,5.69,92,manana,seco,2,46.3,0
C,5385,80.68,4.21,6.93,142,manana,humedo,1,60.68,1
B,9105,74.1,2.95,6.49,72,tarde,seco,3,41.33,0
C,1591,82.64,2.39,4.98,15,tarde,seco,1,45.5,0
B,2253,76.47,1.68,6.5,86,tarde,seco,3,39.49,0
C,1735,73.95,2.38,6.27,131,manana,seco,3,41.02,0
B,4161,75.32,4.88,,30,tarde,polvoriento,0,45.78,0
C,4602,75.35,2.68,6.41,223,manana,humedo,8,52.57,0
A,10596,64.53,3.98,7.13,155,tarde,humedo,7,45.62,0
C,5188,61.31,5.37,5.75,87,manana,seco,1,48.69,0
B,5096,63.19,3.11,6.01,83,tarde,seco,1,46.01,0
B,308,73.91,3.28,6.71,90,noche,seco,3,42.82,1
A,5910,89.55,2.91,7.86,101,tarde,seco,1,41.29,0
B,4087,70.47,1.82,4.87,139,manana,humedo,1,43.37,0
B,6128,73.73,4.34,5.96,171,tarde,seco,0,52.56,0
B,9340,76.55,4.84,5.67,40,manana,seco,2,51.4,1
B,2742,45.8,4.52,5.65,108,manana,humedo,0,50.92,0
B,2475,65.99,2.87,6.53,67,tarde,seco,0,49.87,0
C,6576,73.75,3.76,6.07,97,noche,humedo,3,52.78,1
A,6661,79.08,,6.11,78,noche,polvoriento,0,41.3,0
A,5451,74.56,4.63,5.65,139,manana,humedo,4,47.06,0
B,7002,68.43,4.66,5.75,108,manana,polvoriento,1,36.43,0
B,4112,66.44,2.33,6.73,78,noche,humedo,3,45.8,0
C,4787,63.63,4.5,7.01,90,noche,seco,1,69.39,0
B,7547,57.98,3.3,5.67,110,noche,seco,1,57.31,0
A,5188,80.5,3.88,5.77,10,manana,seco,4,52.63,0
C,7222,74.69,4.45,6.26,162,manana,polvoriento,0,59.01,0
A,1904,75.91,4.75,6.94,162,manana,humedo,4,51.66,0
B,5529,74.98,4.03,5.76,56,noche,seco,4,45.21,0
A,4043,66.02,4.33,7.29,47,noche,seco,4,42.41,1
A,5861,71.81,2.8,6.11,198,noche,seco,1,40.46,1
B,2124,75.05,,7.08,77,manana,seco,1,53.29,0
A,8987,74.15,4.72,8.03,63,tarde,seco,5,51.36,0
A,5676,70.84,4.5,6.65,144,manana,seco,1,47.08,0
A,6444,78.0,5.36,6.31,178,manana,humedo,2,44.18,0
A,3780,70.84,4.41,6.74,144,manana,polvoriento,2,53.49,0
B,1440,74.0,3.1,5.98,98,tarde,polvoriento,1,42.36,0
B,6728,67.14,4.56,5.53,74,noche,polvoriento,0,42.63,1
A,9024,67.36,5.2,5.9,83,tarde,seco,1,43.58,0
C,4052,58.51,3.6,6.66,104,manana,seco,2,53.7,0
B,4612,60.2,6.01,5.44,37,noche,seco,3,47.02,0
A,2780,70.34,3.68,6.49,63,manana,seco,1,34.79,0
A,5295,87.42,3.05,,51,noche,seco,0,34.21,0
B,5288,49.42,3.52,5.8,137,manana,polvoriento,2,40.42,0
A,2109,84.06,3.85,5.97,80,manana,seco,1,40.83,0
A,8364,58.5,3.94,,46,tarde,seco,3,45.01,0
C,6726,63.0,5.11,6.34,45,manana,seco,1,53.81,0
B,4051,73.95,5.61,5.45,104,tarde,seco,2,56.88,0
B,4585,78.0,3.93,7.24,43,manana,polvoriento,7,37.32,0
C,4965,65.74,4.91,6.78,48,tarde,seco,1,55.16,0
C,5744,65.79,2.49,5.25,63,noche,humedo,1,48.8,0
C,3428,77.22,5.67,5.16,41,tarde,seco,2,45.66,0
B,7094,69.48,2.19,6.35,69,tarde,seco,2,40.31,0
C,5852,79.01,,6.78,136,tarde,polvoriento,1,48.62,0
C,4764,71.22,6.0,6.05,195,noche,polvoriento,5,55.73,0
B,6735,70.34,3.12,5.89,175,manana,humedo,3,41.67,0
A,8013,55.92,4.64,5.64,40,manana,seco,3,44.2,1
B,2461,63.83,4.26,5.87,235,noche,polvoriento,0,52.22,0
B,4096,65.09,2.97,6.11,134,manana,seco,1,39.2,0
B,5753,65.55,,4.71,167,tarde,seco,1,44.17,0
B,6153,73.66,4.34,5.95,170,tarde,seco,0,52.57,0
C,4860,66.14,4.95,6.76,48,tarde,seco,1,55.68,0
C,1098,72.84,5.8,6.68,130,manana,humedo,1,51.19,0
A,5904,68.37,3.94,4.93,34,tarde,seco,1,40.75,0
A,8947,65.05,3.0,7.07,52,manana,seco,2,39.98,0
B,200,61.92,4.33,5.58,30,manana,polvoriento,2,42.1,0
B,3938,79.1,1.61,6.62,156,manana,humedo,1,41.61,0
B,2941,58.2,4.61,7.12,117,manana,humedo,1,41.35,0
A,5837,62.93,4.95,6.42,154,manana,polvoriento,3,44.13,0
C,3886,77.34,4.12,6.21,70,tarde,seco,2,57.75,1
C,3544,64.9,3.87,7.99,109,tarde,seco,1,50.07,0
A,3879,79.05,3.96,6.36,57,manana,seco,2,54.06,0
A,5143,65.88,4.44,6.37,110,manana,polvoriento,2,47.7,0
A,9200,62.16,2.3,5.66,124,tarde,seco,3,42.21,1
B,634,64.38,2.41,6.6,123,noche,humedo,1,46.9,0
B,5230,75.3,3.08,6.69,31,manana,,2,35.08,0
A,5968,66.94,4.06,8.28,46,manana,seco,1,38.67,0
B,5953,69.91,3.29,6.64,53,tarde,seco,0,53.82,0
A,3783,70.74,3.54,6.76,61,manana,humedo,1,35.09,0
C,7877,74.13,3.95,5.11,104,noche,seco,4,63.99,1
B,4377,78.78,2.66,5.34,94,manana,polvoriento,1,43.87,0
A,6239,67.19,1.92,5.94,100,tarde,seco,2,26.85,0
B,4578,60.26,6.02,5.41,38,noche,seco,3,47.13,0
C,7475,74.54,3.46,6.69,118,manana,seco,6,55.62,0
B,223,71.99,2.69,5.75,94,manana,seco,0,40.12,0
A,7140,79.19,4.73,6.27,161,manana,humedo,0,54.07,0
A,4685,48.34,3.0,6.31,41,manana,seco,3,47.52,0
B,7240,64.77,3.7,5.09,92,tarde,,3,45.56,0
C,4965,59.56,5.05,6.21,30,tarde,polvoriento,1,65.98,0
A,5207,64.71,3.39,6.72,96,tarde,seco,4,44.25,0
B,6439,73.99,2.87,7.82,86,noche,seco,5,41.21,0
A,5215,63.05,3.86,6.8,77,noche,seco,2,42.89,0
A,4166,69.34,2.79,5.14,70,manana,polvoriento,1,41.8,0
B,8915,66.74,2.54,6.95,26,noche,polvoriento,2,41.75,0
A,3499,71.89,4.89,6.73,15,tarde,seco,0,41.99,1
A,6833,60.49,5.33,5.84,63,tarde,seco,4,55.14,0
B,5747,65.59,4.12,7.15,115,tarde,seco,2,47.99,0
A,6196,56.18,2.62,5.93,79,noche,seco,4,32.78,0
B,2364,53.78,3.94,6.56,63,manana,humedo,3,41.47,0
B,7547,48.26,5.13,5.92,157,manana,polvoriento,1,53.87,0
A,5595,80.12,3.91,6.19,48,manana,seco,1,45.51,0
A,2206,71.96,4.32,8.01,97,manana,humedo,1,31.17,0
C,2222,90.48,5.5,6.08,88,noche,seco,1,47.1,0
C,1245,87.18,5.33,6.87,23,noche,seco,2,56.14,0
B,7463,77.62,4.0,6.29,52,tarde,humedo,0,45.04,0
A,8516,75.87,3.04,5.64,24,tarde,seco,4,49.65,0
B,7661,60.89,4.06,,24,tarde,polvoriento,3,49.58,0
A,3717,64.55,3.24,7.45,60,tarde,seco,0,43.05,0
B,5560,52.24,2.97,5.69,118,manana,seco,1,47.16,0
B,2354,76.11,1.71,6.5,85,tarde,seco,3,39.4,0
A,4889,56.36,5.03,4.62,103,manana,polvoriento,6,49.62,0
C,643,77.1,3.13,6.19,86,noche,humedo,1,41.84,0
A,3568,50.49,4.66,5.5,149,manana,seco,0,50.29,0
C,3890,58.61,2.45,6.18,123,tarde,seco,2,40.24,0
A,4745,61.93,3.81,6.59,85,tarde,seco,1,42.6,0
B,7434,76.84,3.85,5.62,192,tarde,humedo,7,51.05,0
A,4983,73.18,2.89,6.2,58,tarde,polvoriento,2,54.56,0
A,5687,57.56,4.0,6.8,97,tarde,seco,3,52.69,0
C,6415,84.49,4.82,6.66,42,manana,seco,1,42.08,0
C,7148,89.87,5.78,7.45,85,manana,seco,2,62.25,0
C,6767,57.93,4.39,5.37,136,tarde,seco,5,45.91,0
A,4983,63.36,3.75,7.4,14,manana,polvoriento,4,41.89,0
B,2308,76.18,1.68,6.53,86,tarde,seco,3,39.2,0
A,5382,73.24,3.02,7.26,40,tarde,seco,3,33.13,0
B,5001,47.65,1.38,5.75,113,tarde,polvoriento,1,31.97,0
B,5288,73.59,4.13,5.17,127,manana,seco,3,38.84,0
C,2274,90.49,5.5,6.07,89,noche,seco,1,47.4,0
A,4050,64.83,4.22,6.24,114,tarde,seco,3,58.05,0
B,4361,61.43,2.38,6.05,26,noche,humedo,2,44.34,0
C,3603,67.51,4.77,6.79,28,manana,polvoriento,3,60.38,0
C,3414,65.43,1.82,6.03,142,tarde,seco,2,48.54,0
B,4081,68.15,3.57,6.51,61,manana,seco,2,41.39,0
A,3840,72.34,4.08,6.01,152,manana,seco,2,51.54,0
B,5959,85.08,4.57,,85,manana,seco,4,46.64,0
A,1981,69.69,3.35,5.73,43,manana,seco,2,38.57,0
B,4243,68.41,4.6,6.51,172,manana,humedo,4,53.9,0
A,4113,75.37,4.09,6.92,183,manana,seco,0,56.26,0
A,7488,62.41,5.2,6.99,55,noche,seco,1,60.83,0
A,3533,71.93,4.24,6.4,73,manana,polvoriento,1,55.9,0
B,3450,58.65,4.24,5.94,77,tarde,polvoriento,4,51.35,0
A,5087,55.51,3.4,6.26,90,noche,seco,0,43.85,0
C,2395,67.85,2.51,6.82,8,tarde,seco,4,51.96,0
A,5283,49.77,4.83,,156,noche,seco,2,51.31,0
C,3765,74.75,4.53,5.85,134,noche,humedo,4,49.75,0
A,3825,85.67,2.99,6.55,126,noche,seco,1,51.71,0
C,5057,61.51,1.97,7.52,86,manana,seco,1,54.46,0
A,1636,79.26,1.76,6.73,113,tarde,seco,2,37.02,0
A,4288,56.46,3.98,5.77,44,tarde,polvoriento,1,32.97,0
A,10253,61.98,3.95,5.55,68,manana,seco,1,44.07,0
A,4913,61.93,2.47,6.8,36,noche,polvoriento,2,39.3,0
B,4302,71.15,3.25,6.53,45,manana,humedo,1,33.77,0
B,2403,70.94,3.99,5.1,103,tarde,humedo,0,55.71,0
B,7602,61.1,3.55,7.15,40,noche,seco,1,40.92,0
A,5637,57.6,4.04,6.78,97,tarde,seco,3,52.74,0
A,7352,64.84,6.0,5.91,142,tarde,humedo,0,46.99,0
A,7255,77.97,4.99,,135,manana,humedo,4,48.26,1
A,7600,67.74,5.36,7.68,58,tarde,polvoriento,2,39.91,0
A,5755,64.98,2.57,5.81,218,noche,seco,3,40.65,0
A,6058,66.06,3.84,7.04,121,manana,seco,1,42.54,0
B,4167,76.51,4.4,5.05,84,noche,humedo,2,39.69,0
A,3830,61.89,2.46,6.29,117,noche,seco,2,50.91,0
A,6681,79.2,3.08,6.73,77,manana,seco,4,44.81,0
A,4689,65.98,2.43,5.78,37,manana,,2,44.47,0
B,1342,79.77,4.44,6.22,118,noche,humedo,1,51.54,0
B,5798,54.44,3.28,7.29,21,tarde,polvoriento,1,56.66,0
B,2465,66.06,2.92,6.53,66,tarde,seco,0,49.76,0
A,3516,71.9,4.22,6.38,73,manana,polvoriento,1,55.62,0
A,6126,70.53,3.86,7.17,210,tarde,humedo,1,48.56,0
A,7989,70.89,3.69,7.4,60,noche,polvoriento,2,42.01,0
A,2665,72.58,2.29,6.1,54,tarde,humedo,3,46.89,0
B,3924,61.94,2.85,6.47,56,noche,seco,2,41.32,0
C,3682,72.18,5.39,6.86,172,tarde,seco,2,48.27,0
A,6197,82.21,,7.06,8,manana,humedo,3,43.06,1
A,8154,61.98,,6.14,112,noche,seco,3,48.24,0
B,4965,70.88,3.97,5.56,97,noche,seco,3,46.98,0
C,9608,79.54,3.91,6.14,23,tarde,polvoriento,3,57.67,0
A,4114,66.99,3.7,7.86,123,manana,humedo,4,47.09,0
C,3381,70.7,3.4,7.2,52,manana,polvoriento,0,55.42,0
B,4871,66.83,4.51,4.69,31,noche,seco,3,43.88,0
B,3759,82.47,4.58,6.07,112,tarde,seco,1,50.66,0
A,3133,65.16,4.03,6.41,142,tarde,seco,3,57.04,0
B,8707,81.19,3.54,5.92,81,noche,humedo,1,58.55,0
B,6246,68.46,4.43,6.48,21,tarde,seco,2,55.85,0
A,3729,73.49,6.19,4.63,32,noche,seco,1,59.29,0
B,2231,53.76,3.96,6.53,60,manana,humedo,3,41.77,0
B,4950,73.62,5.22,6.67,63,tarde,polvoriento,2,50.7,0
A,3803,67.87,3.27,6.71,115,noche,polvoriento,0,30.69,0
C,3497,67.48,4.8,6.82,32,manana,polvoriento,3,59.95,0
B,7845,61.22,3.49,7.18,39,noche,seco,1,40.82,0
A,2466,62.45,4.04,6.26,41,tarde,seco,3,53.72,0
B,4083,72.79,4.19,4.98,187,tarde,humedo,2,38.4,0
A,1418,67.24,,5.4,37,tarde,seco,2,42.18,0
A,270,83.11,3.01,5.25,113,manana,seco,1,41.45,0
A,6898,74.62,4.06,6.92,130,manana,humedo,1,43.43,0
C,6497,58.2,5.57,6.41,47,manana,humedo,1,64.3,0
B,4778,69.55,2.88,6.19,57,tarde,polvoriento,1,41.44,0
A,3402,72.31,3.99,5.57,164,tarde,polvoriento,1,50.98,0
B,6994,68.19,4.72,5.73,108,manana,polvoriento,1,36.46,0
A,5664,51.54,3.39,7.07,129,manana,seco,3,51.97,0
A,606,65.58,3.49,6.66,114,manana,humedo,0,48.6,0
B,4911,78.75,5.79,6.54,46,tarde,seco,1,52.12,0
C,4356,78.33,3.77,6.54,142,manana,polvoriento,5,66.15,0
A,5488,69.96,4.95,4.83,40,manana,seco,2,47.1,0
B,8308,85.61,3.76,6.72,77,tarde,humedo,4,46.99,0
B,5280,92.43,3.02,5.29,51,tarde,,1,47.2,0
B,3944,71.5,3.56,5.11,34,tarde,polvoriento,0,45.09,0
A,5960,73.54,0.87,6.78,66,tarde,seco,1,47.48,0
A,6755,57.01,6.5,5.54,86,manana,seco,4,51.5,1
B,3538,65.84,3.71,6.83,73,tarde,seco,2,41.87,0
B,7872,64.83,3.89,6.39,54,tarde,seco,3,42.24,0
A,7392,75.88,3.41,5.46,56,tarde,polvoriento,1,55.62,0
A,2748,58.94,5.84,5.47,35,noche,polvoriento,3,47.2,0
C,5188,68.1,3.06,5.8,53,noche,humedo,2,62.17,0
A,6425,60.59,,5.96,107,noche,polvoriento,0,45.78,0
B,7099,67.31,5.89,6.14,53,tarde,seco,1,54.0,0
A,7685,73.42,3.64,5.49,129,tarde,humedo,3,49.85,0
A,4438,60.15,4.68,6.74,96,tarde,seco,2,53.79,0
A,6638,66.02,3.64,5.48,41,tarde,seco,3,37.89,0
A,4420,65.45,3.04,6.18,77,tarde,seco,3,43.64,1
A,5913,71.21,3.25,6.01,97,manana,seco,3,42.8,1
B,6925,69.08,3.55,7.42,52,noche,seco,13,45.74,0
A,5677,76.61,3.99,6.29,108,manana,polvoriento,4,54.62,0
C,10380,63.97,4.41,6.46,53,tarde,polvoriento,2,43.35,0
A,11033,70.04,3.62,5.69,102,tarde,polvoriento,3,41.2,0
A,4216,72.69,4.78,6.78,71,manana,humedo,0,39.71,0
B,5476,66.46,2.41,5.84,56,manana,humedo,1,52.57,0
C,6461,59.14,4.65,6.64,72,tarde,polvoriento,3,52.53,0
B,6358,71.36,5.02,5.43,99,manana,polvoriento,2,53.37,0
B,6785,80.56,2.81,6.3,265,manana,seco,1,45.38,0
B,5490,59.16,3.61,6.48,108,manana,seco,1,47.64,0
B,6096,72.13,2.97,6.04,51,noche,polvoriento,7,29.26,1
A,3236,63.1,4.08,5.81,52,manana,seco,1,51.7,0
B,5481,92.84,4.65,5.89,197,manana,seco,1,39.63,1
A,3039,66.63,4.56,5.81,55,manana,seco,2,48.08,0
A,5609,64.31,,6.22,88,tarde,,4,37.61,0
B,5136,76.06,1.44,5.99,50,manana,polvoriento,2,29.0,0
A,2148,71.4,3.55,7.09,136,tarde,humedo,5,38.1,0
A,4980,71.02,1.53,7.35,68,tarde,humedo,1,44.46,0
C,6693,76.91,2.61,6.18,38,tarde,seco,1,46.17,0
B,3126,58.02,4.63,4.33,20,noche,seco,2,51.17,0
B,246,74.34,3.62,5.27,79,tarde,seco,0,38.44,0
C,5972,82.64,4.77,,91,tarde,humedo,4,50.51,1
B,4181,72.98,4.15,4.99,189,tarde,humedo,2,38.28,0
C,7443,59.66,4.82,6.21,102,noche,seco,0,59.12,0
B,5659,65.5,4.08,7.14,114,tarde,seco,2,48.11,0
A,4214,62.26,3.37,7.71,84,noche,seco,2,49.26,0
C,6306,66.16,4.65,7.47,74,manana,polvoriento,2,65.99,0
A,3587,75.53,5.27,4.82,107,tarde,humedo,4,49.59,0
A,3188,70.01,2.93,5.54,38,tarde,polvoriento,2,47.5,0
B,5624,72.82,4.28,6.36,118,tarde,polvoriento,2,31.71,0
C,3585,69.19,2.12,6.31,42,manana,polvoriento,1,43.12,0
A,2708,64.47,4.13,5.89,45,noche,seco,3,36.52,0
B,2721,67.62,3.42,5.48,82,tarde,seco,0,52.18,0
B,7005,79.29,6.2,6.41,15,tarde,seco,4,53.63,1
B,2630,77.56,1.88,6.52,81,tarde,seco,1,41.61,0
A,6088,60.11,4.24,6.42,29,tarde,seco,1,46.37,0
C,6450,73.72,3.82,6.04,93,noche,humedo,3,53.23,1
B,5352,83.91,4.59,6.55,183,tarde,seco,2,43.72,0
B,1456,73.8,2.77,5.98,117,tarde,polvoriento,2,39.04,0
B,6763,78.4,2.48,5.76,49,manana,humedo,3,46.71,1
A,200,67.38,3.04,7.25,70,noche,humedo,2,41.39,0
A,4268,63.78,3.44,6.4,140,tarde,seco,4,51.19,0
B,8959,71.73,3.14,6.07,37,tarde,humedo,2,40.49,0
A,11157,70.27,3.64,5.71,102,tarde,polvoriento,3,41.49,0
A,7202,53.25,5.21,5.37,95,noche,seco,1,50.41,1
B,6954,79.78,6.22,6.4,18,tarde,seco,4,53.3,1
A,8286,72.0,3.79,6.07,41,noche,humedo,3,50.2,0
B,293,63.23,5.04,5.96,177,tarde,seco,1,55.22,0
B,7777,70.91,4.16,6.54,27,noche,polvoriento,1,37.84,0
A,668,71.59,3.41,4.75,159,tarde,humedo,1,44.02,0
C,5699,64.01,4.02,5.12,65,tarde,humedo,2,52.74,0
C,2926,79.07,3.27,6.95,51,noche,seco,1,52.71,0
A,8836,73.12,3.97,6.48,101,noche,humedo,2,41.73,0
A,4213,75.93,4.36,5.54,80,noche,seco,1,48.12,0
B,8130,60.98,4.23,,125,manana,humedo,1,50.7,0
A,4813,57.39,3.05,5.87,73,tarde,seco,1,41.8,0
A,3677,77.1,3.2,4.6,93,tarde,seco,0,43.59,0
B,6484,52.99,5.61,6.36,84,manana,seco,0,49.62,0
C,3638,77.6,5.64,5.17,40,tarde,seco,2,45.66,0
A,2423,71.36,3.58,6.14,57,tarde,seco,3,31.79,0
C,6440,68.03,4.68,6.59,29,noche,polvoriento,2,62.36,0
A,5345,57.0,2.65,6.0,147,manana,seco,6,37.93,0
A,7896,72.78,3.57,5.68,54,noche,seco,0,39.29,0
C,5317,71.0,5.42,5.71,187,noche,,0,52.99,0
B,4766,71.31,2.97,6.42,104,manana,seco,1,53.36,0
A,546,65.65,3.45,6.67,114,manana,humedo,0,48.68,0
A,2103,71.88,3.73,5.95,51,noche,humedo,0,54.77,0
C,1676,67.42,4.13,6.19,57,manana,polvoriento,1,62.3,0
A,2760,83.51,2.05,6.32,94,tarde,seco,0,45.45,0
A,6124,58.36,3.67,6.4,110,noche,seco,3,39.09,0
A,3836,83.89,4.13,6.17,177,tarde,seco,2,38.46,1
C,4456,73.73,,5.51,80,tarde,seco,2,56.15,0
B,6433,65.43,3.76,6.01,71,tarde,seco,3,54.31,0
A,6842,56.01,2.6,7.29,59,noche,polvoriento,2,38.17,0
C,5219,60.08,3.01,6.09,67,tarde,humedo,1,45.03,0
A,4235,72.21,4.1,6.28,94,manana,humedo,0,43.09,0
C,3206,75.22,5.2,5.0,89,tarde,seco,0,62.31,1
A,4154,65.75,4.03,5.88,84,tarde,polvoriento,3,43.94,0
B,6165,73.37,4.38,5.96,171,tarde,seco,0,52.22,0
A,200,73.65,2.05,7.04,69,manana,humedo,2,44.2,0
C,6180,71.59,6.17,6.77,69,manana,seco,1,60.44,1
A,5517,53.09,4.86,6.64,120,tarde,seco,3,49.71,0
A,3381,61.66,4.12,6.33,77,tarde,seco,3,37.02,0
A,8067,57.0,4.47,6.05,70,manana,humedo,5,51.35,0
A,5498,73.59,4.59,7.02,68,tarde,seco,1,45.56,0
A,6000,75.12,3.65,6.45,109,manana,seco,0,46.98,0
A,5465,68.88,4.43,6.76,53,tarde,humedo,3,37.79,0
A,6022,62.01,4.44,7.74,64,tarde,humedo,3,54.36,0
B,3862,71.43,1.61,6.49,24,tarde,humedo,1,36.26,0
B,4459,74.99,4.54,5.2,29,noche,polvoriento,0,55.66,0
B,11547,70.89,5.13,5.92,93,tarde,humedo,4,42.68,0
A,6765,56.58,6.49,5.52,85,manana,seco,4,51.34,1
B,7433,77.57,3.99,6.29,50,tarde,humedo,0,44.86,0
B,1347,70.67,1.19,6.45,59,tarde,seco,0,40.59,0
C,8345,75.16,5.64,5.63,140,tarde,humedo,3,33.69,0
B,6624,75.82,4.63,6.91,67,tarde,seco,0,41.97,0
A,6043,64.71,3.25,5.43,40,manana,seco,1,46.97,0
C,6359,73.97,4.11,6.33,14,noche,seco,0,50.28,0
B,6094,66.12,4.0,7.63,101,manana,seco,2,46.11,0
A,1970,68.48,5.19,5.77,56,manana,humedo,0,40.39,0
A,2620,71.49,2.31,5.23,29,tarde,polvoriento,1,38.17,0
B,4965,64.54,2.67,4.35,38,tarde,humedo,3,48.12,0
B,9079,73.98,2.86,6.51,73,tarde,seco,3,41.71,0
B,6290,70.56,2.81,6.74,91,tarde,seco,6,49.43,0
C,6925,69.24,5.54,6.1,20,manana,seco,3,45.17,0
A,5331,69.34,5.31,5.61,38,tarde,humedo,2,43.92,0
B,4271,75.62,4.28,6.12,111,manana,polvoriento,2,47.57,1
A,11281,59.46,3.97,7.08,127,noche,seco,5,45.3,1
A,5243,61.34,5.07,6.45,57,manana,seco,3,47.88,0
A,5739,64.01,4.24,5.72,64,tarde,seco,1,47.31,0
B,6855,73.41,2.62,6.07,124,tarde,seco,5,47.0,0
A,2959,73.79,2.86,5.1,144,tarde,seco,3,40.78,0
B,6078,73.81,4.37,5.98,170,tarde,seco,0,52.87,0
B,5892,78.3,3.0,5.12,91,noche,humedo,3,45.66,0
B,4160,72.98,7.08,6.04,100,manana,polvoriento,2,43.58,0
C,8828,61.83,5.79,5.88,48,noche,polvoriento,3,46.92,1
A,3893,76.25,1.26,6.73,98,tarde,seco,1,50.86,0
B,7236,70.85,3.02,6.67,46,tarde,humedo,0,45.76,0
A,9526,79.62,5.51,5.29,110,noche,humedo,2,55.33,1
A,6155,49.3,6.07,5.23,153,manana,seco,2,50.46,0
B,5246,90.69,3.97,5.82,81,manana,seco,3,43.86,0
A,4052,61.07,2.81,6.44,91,tarde,polvoriento,1,58.72,0
A,3742,71.82,,7.54,128,tarde,humedo,3,52.38,0
C,947,62.78,5.19,7.46,64,manana,seco,3,51.9,0
B,4093,47.23,3.72,5.35,74,noche,polvoriento,0,39.2,0
B,7626,65.16,,6.2,24,noche,seco,7,39.09,0
A,2006,81.08,,4.52,35,noche,seco,0,54.75,0
B,4156,75.01,5.02,6.78,156,tarde,polvoriento,0,41.22,1
C,4692,66.09,2.69,6.43,77,tarde,polvoriento,1,33.2,0
C,7056,70.58,3.92,6.34,67,tarde,humedo,2,47.82,0
C,6225,61.42,3.37,5.66,188,noche,polvoriento,2,47.26,1
A,5988,68.64,3.05,6.46,90,manana,seco,1,60.65,0
B,6633,75.78,4.69,6.91,68,tarde,seco,0,41.72,0
B,6060,88.1,4.4,6.07,52,manana,humedo,1,41.25,0
B,8339,85.67,3.72,6.77,78,tarde,humedo,4,47.27,0
B,6548,75.23,4.12,5.63,103,noche,seco,2,38.37,0
B,1763,54.94,4.19,7.09,36,noche,polvoriento,3,37.89,0
B,5000,68.94,4.28,6.88,142,manana,seco,2,47.62,0
A,6200,66.99,3.06,6.65,104,tarde,seco,4,45.81,0
A,5979,60.77,4.42,6.01,97,manana,seco,3,43.61,0
B,3062,65.1,3.46,5.58,90,tarde,polvoriento,4,32.02,0
A,2327,80.8,3.74,5.47,80,manana,seco,0,51.65,0
A,3752,69.03,4.58,5.79,71,manana,polvoriento,0,46.6,1
C,6037,59.66,5.12,6.41,127,manana,polvoriento,5,44.03,0
A,3251,68.1,3.82,6.92,87,manana,seco,1,45.5,0
C,5707,74.83,3.79,6.66,96,tarde,humedo,0,37.2,0
A,9634,59.07,3.78,5.61,51,manana,,4,36.34,0
B,5306,85.48,4.27,5.98,68,tarde,seco,1,57.81,0
B,9260,74.68,,5.78,135,tarde,seco,2,37.11,0
A,5423,69.89,4.98,4.79,38,manana,seco,2,47.78,0
A,6232,55.85,4.34,5.94,22,noche,seco,4,35.1,0
A,7933,60.34,3.55,6.38,101,manana,polvoriento,0,47.5,0
B,4177,68.28,4.59,6.54,174,manana,humedo,4,53.78,0
B,2809,74.17,2.98,5.74,106,tarde,seco,3,48.78,0
B,4476,85.13,2.28,7.67,33,tarde,seco,1,45.95,0
B,9482,68.46,3.0,5.94,90,manana,humedo,1,35.26,0
A,6628,54.49,5.78,6.73,102,manana,seco,0,44.89,0
B,4048,72.42,4.23,4.98,186,tarde,humedo,2,38.63,0
A,5019,63.34,3.8,7.4,12,manana,polvoriento,4,42.02,0
A,6539,62.25,4.0,6.61,45,tarde,seco,0,54.84,0
C,6337,73.15,4.54,6.0,33,manana,seco,3,57.26,0
B,4061,72.02,2.37,7.89,67,manana,seco,3,46.43,0
C,7872,91.49,5.54,6.06,34,manana,humedo,1,44.36,0
C,5126,59.98,2.94,6.09,69,tarde,humedo,1,44.92,0
B,3612,65.77,3.75,6.83,72,tarde,seco,2,42.0,0
B,9316,74.53,,5.76,134,tarde,seco,2,37.63,0
A,7604,87.17,4.2,5.08,54,noche,seco,3,41.85,0
B,8915,71.17,3.14,6.04,41,tarde,humedo,2,40.01,0
A,4993,53.85,3.87,7.27,162,tarde,humedo,0,46.08,0
A,5725,79.31,4.74,6.13,125,manana,seco,2,47.77,0
B,6982,74.51,2.37,6.43,107,noche,seco,3,47.63,0
B,5353,84.39,6.15,5.03,50,manana,seco,2,39.43,1
A,2260,73.67,3.76,6.08,85,manana,seco,3,39.76,0
A,3017,74.59,2.9,7.3,157,noche,humedo,3,45.68,0
B,2751,65.38,2.35,5.77,77,noche,seco,2,40.54,0
B,6329,57.16,4.29,5.46,55,manana,humedo,0,40.41,0
A,4063,69.19,2.8,5.11,70,manana,polvoriento,1,41.39,0
A,8793,58.82,5.59,5.88,156,noche,seco,4,45.09,0
C,5669,85.92,6.14,7.28,37,tarde,humedo,0,40.36,0
A,5508,71.61,4.53,6.7,143,manana,seco,1,47.82,0
A,4118,65.42,5.38,6.46,90,tarde,humedo,4,46.98,0
C,4095,72.08,2.73,6.5,86,noche,humedo,3,44.7,0
A,5409,71.38,4.26,7.33,81,noche,humedo,1,46.3,0
B,7388,68.85,2.11,5.67,83,noche,polvoriento,4,47.71,0
A,2068,60.58,1.19,6.61,140,tarde,seco,0,49.29,0
A,1602,62.16,3.07,6.91,61,manana,seco,1,48.48,0
A,3789,72.39,4.09,6.0,156,manana,seco,2,51.72,0
A,200,83.89,3.02,5.24,111,manana,seco,1,41.32,0
B,2492,79.61,3.61,,61,manana,humedo,3,40.9,1
C,8713,74.16,3.4,7.53,63,tarde,seco,1,45.1,0
A,7445,59.7,4.35,6.07,36,tarde,humedo,5,39.78,1
A,6216,69.63,2.56,5.24,25,manana,,4,59.26,0
B,4758,69.98,4.09,5.58,119,noche,humedo,1,49.76,0
B,5938,62.95,4.78,5.93,144,manana,seco,2,33.66,1
A,1500,67.84,3.92,6.99,12,noche,humedo,2,36.66,0
A,3292,77.4,3.73,7.65,52,tarde,seco,0,42.96,0
B,3856,57.89,5.14,6.61,80,tarde,seco,3,46.36,0
A,5390,82.79,2.77,7.26,123,noche,seco,4,47.23,0
A,7220,77.75,5.01,,134,manana,humedo,4,48.25,1
A,5610,63.68,5.47,5.74,22,manana,seco,1,50.04,0
B,11465,70.61,5.12,5.92,93,tarde,humedo,4,42.54,0
A,5682,67.33,,6.16,171,noche,humedo,2,44.19,0
A,8397,77.95,,5.39,193,tarde,humedo,2,51.98,0
C,7037,75.83,5.23,6.32,241,tarde,humedo,2,59.45,0
A,6029,81.74,4.15,6.13,76,manana,seco,1,41.77,0
B,4656,70.25,4.43,6.27,80,tarde,polvoriento,1,58.37,0
B,6010,73.36,4.38,5.95,172,tarde,seco,0,52.21,0
C,5760,56.24,3.72,6.21,56,noche,polvoriento,3,42.67,0
A,4314,75.93,2.52,6.3,146,tarde,seco,1,38.68,0
C,6322,79.03,3.2,6.46,118,noche,seco,3,63.88,0
C,2499,72.7,4.23,6.6,143,manana,humedo,0,54.28,0
A,2640,64.65,3.45,,107,noche,seco,1,39.96,0
B,7040,68.8,4.64,5.77,107,manana,polvoriento,1,36.25,0
A,4869,66.8,2.52,6.54,100,manana,polvoriento,1,55.23,0
B,3803,55.57,2.45,4.72,62,tarde,,1,53.24,0
C,2788,54.43,5.32,5.83,64,tarde,seco,1,50.04,0
B,5839,61.82,,5.21,76,manana,seco,6,41.66,0
B,6128,73.66,3.71,6.93,165,manana,seco,2,38.3,0
A,4855,74.69,4.53,5.03,77,tarde,humedo,1,51.28,0
B,3218,70.0,4.29,6.62,20,manana,seco,2,40.74,0
A,5502,74.27,3.71,6.67,141,tarde,humedo,1,40.93,0
C,6484,70.1,4.02,6.78,3,manana,seco,2,46.79,0
A,8082,59.54,4.96,6.84,44,manana,,0,44.19,1
C,3806,73.71,3.76,6.47,17,manana,polvoriento,3,52.43,0
B,2985,76.69,3.5,7.01,61,tarde,humedo,3,59.03,0
B,3538,74.14,2.23,6.09,89,tarde,polvoriento,2,57.81,0
A,3335,58.5,3.86,6.21,15,tarde,seco,3,37.94,0
C,3047,72.49,2.62,6.01,92,noche,seco,1,40.65,0
C,4729,84.64,4.99,6.26,35,noche,humedo,8,58.93,0
A,5728,61.86,5.23,5.54,37,tarde,polvoriento,2,47.9,1
B,1344,54.68,2.53,5.31,97,manana,seco,3,48.18,0
A,3935,57.55,4.72,7.48,262,tarde,polvoriento,1,43.9,0
B,7545,68.84,5.02,6.05,45,tarde,seco,1,49.81,0
B,4204,76.0,4.31,6.1,108,manana,polvoriento,2,47.28,1
B,2001,81.96,3.01,6.67,75,noche,seco,1,40.67,0
C,5589,64.78,4.15,5.7,56,manana,seco,1,47.16,0
A,4986,72.56,3.03,8.14,40,noche,seco,3,35.04,0
A,4597,84.28,3.66,6.83,98,manana,seco,3,33.75,0
B,3269,57.05,4.18,5.49,38,tarde,humedo,2,50.62,0
B,5310,84.93,4.32,5.94,69,tarde,seco,1,58.14,0
B,3067,79.69,3.49,,69,tarde,seco,4,33.93,0
B,2254,64.96,2.48,4.88,59,tarde,humedo,1,36.26,0
C,6318,64.84,4.5,7.02,60,manana,seco,1,60.89,0
A,5601,67.53,2.29,6.7,71,noche,seco,3,39.97,0
A,4149,81.43,3.71,7.03,129,noche,seco,1,54.43,0
C,6380,84.59,4.87,6.66,43,manana,seco,1,42.13,0
B,3437,86.92,2.48,5.53,76,tarde,humedo,2,50.18,0
B,5550,71.75,5.56,6.4,51,manana,humedo,4,31.02,0
C,6151,61.83,3.4,5.65,189,noche,polvoriento,2,47.42,1
A,5829,63.52,4.18,5.73,64,tarde,seco,1,47.37,0
A,8507,79.89,,6.95,78,tarde,polvoriento,4,40.14,0
C,200,83.68,5.08,6.59,89,manana,seco,1,51.66,0
C,9743,64.99,3.62,5.83,38,tarde,seco,1,57.65,0
A,4875,61.34,4.67,6.57,75,tarde,humedo,2,45.86,0
A,2646,78.51,2.46,5.56,69,manana,humedo,3,43.57,0
C,4333,78.46,3.82,7.5,116,manana,seco,2,41.5,0
C,5773,69.19,2.53,6.62,33,tarde,humedo,4,55.27,0
B,7137,67.05,4.62,6.05,27,tarde,seco,2,38.84,0
C,10171,61.92,5.51,5.61,92,manana,seco,1,64.04,0
B,5928,67.22,3.72,6.27,29,noche,humedo,1,38.85,0
A,8519,59.14,3.84,6.69,62,noche,seco,1,52.97,0
B,3920,79.1,1.67,6.63,157,manana,humedo,1,41.51,0
A,6957,56.72,3.89,5.39,16,noche,seco,4,44.52,0
B,7199,65.38,4.87,6.69,56,manana,seco,1,47.77,0
A,5060,68.46,4.1,7.52,46,manana,,2,45.67,0
C,6278,72.45,4.06,5.71,17,noche,seco,1,54.88,0
A,3698,54.94,3.01,5.8,116,manana,polvoriento,2,49.86,0
A,3394,64.22,4.11,6.76,126,tarde,humedo,0,33.23,0
C,5364,80.78,4.18,6.94,141,manana,humedo,1,60.97,1
A,9549,61.97,2.67,,53,manana,humedo,3,40.95,0
B,4227,70.52,1.77,4.87,140,manana,humedo,1,43.42,0
A,5172,60.97,3.15,6.44,100,tarde,polvoriento,4,34.66,1
B,5476,63.24,4.71,5.63,90,manana,seco,1,52.84,0
B,4912,67.13,6.57,5.62,130,manana,seco,1,35.75,0
B,4409,77.69,4.54,6.21,57,noche,seco,0,37.58,0
A,3627,76.75,5.96,6.31,93,manana,seco,1,45.84,0
B,7276,67.15,5.31,7.3,133,tarde,seco,3,45.72,0
A,4992,73.28,4.99,6.22,130,manana,seco,1,46.14,0
C,3209,70.93,4.33,7.58,81,noche,humedo,2,47.81,0
C,2498,79.44,4.67,6.01,48,manana,humedo,1,43.84,0
C,960,76.99,4.47,7.32,126,tarde,seco,0,44.14,0
A,7391,82.94,5.56,7.44,62,manana,seco,2,37.14,0
A,2501,64.98,4.6,7.37,31,manana,seco,3,53.04,0
A,4027,72.94,2.85,4.89,93,manana,seco,4,52.32,0
A,5079,76.58,4.29,5.96,37,noche,seco,1,47.87,0
A,4841,79.98,3.92,,104,manana,seco,1,48.37,0
A,8414,58.69,3.88,,49,tarde,seco,3,45.12,0
C,4868,61.8,3.15,6.22,182,manana,polvoriento,1,47.64,0
A,5183,57.5,6.01,6.48,31,tarde,polvoriento,1,51.45,1
A,7669,71.3,4.07,6.61,94,noche,humedo,4,48.46,0
A,7124,67.38,4.61,6.04,112,manana,humedo,1,51.23,0
A,4189,63.96,3.46,6.42,138,tarde,seco,4,51.58,0
A,9090,67.27,2.39,5.91,152,noche,seco,5,48.09,0
C,7132,75.02,4.43,6.26,160,manana,polvoriento,0,58.71,0
A,6015,82.47,4.06,7.34,87,tarde,humedo,1,51.14,0
C,5081,73.65,4.38,6.55,90,noche,polvoriento,2,41.17,0
A,4599,64.33,3.1,5.92,98,noche,seco,2,51.46,0
B,6364,74.24,2.85,7.82,87,noche,seco,5,41.06,0
A,6242,58.56,4.88,6.75,24,manana,seco,0,52.53,0
A,4992,62.83,3.35,6.28,83,manana,humedo,1,42.04,0
A,6540,67.41,5.04,7.06,69,tarde,seco,2,43.69,1
C,10255,73.89,6.02,6.53,47,noche,seco,0,49.75,0
B,2495,63.11,2.98,4.78,130,manana,,1,45.45,0
A,8069,56.79,4.46,6.03,72,manana,humedo,5,51.02,0
A,9728,53.2,5.73,5.73,26,noche,seco,3,47.76,0
A,7448,62.4,5.27,7.01,61,noche,seco,1,60.4,0
B,2613,72.48,1.92,5.09,87,tarde,humedo,2,42.34,0
A,5719,61.96,3.46,5.93,77,tarde,seco,4,39.16,0
A,5043,58.75,5.45,6.57,151,noche,seco,1,48.12,0
C,200,77.0,2.5,6.01,28,tarde,humedo,2,53.81,0
A,6139,71.04,3.92,7.15,207,tarde,humedo,1,48.63,0
B,7223,59.57,3.93,5.52,122,tarde,polvoriento,3,64.52,0
A,3125,67.86,4.71,5.96,181,noche,seco,1,47.05,0
B,2782,59.98,3.82,7.12,35,tarde,polvoriento,2,56.8,0
B,6547,58.22,2.32,6.7,123,manana,humedo,0,35.51,0
C,5894,58.15,4.19,6.43,76,noche,,2,47.87,0
B,7321,72.12,5.41,7.43,140,tarde,seco,3,42.95,0
A,5159,63.64,3.79,6.78,77,noche,seco,2,42.92,0
B,4053,53.84,3.45,7.62,60,noche,seco,3,35.14,0
A,9370,76.58,4.57,6.58,71,manana,seco,3,44.25,0
A,6682,75.12,4.75,6.35,96,tarde,seco,0,41.69,0
A,8198,64.73,4.84,6.31,42,noche,humedo,0,43.37,0
A,2130,72.12,3.32,6.69,42,manana,humedo,2,37.84,0
A,3371,68.56,4.05,5.41,72,noche,polvoriento,3,51.64,0
A,7520,68.97,3.51,6.78,159,tarde,humedo,3,37.55,0
A,4246,75.58,2.57,6.32,146,tarde,seco,1,39.31,0
A,5876,71.15,2.82,6.08,197,noche,seco,1,40.67,1
A,200,58.53,1.92,7.69,53,tarde,seco,1,38.99,0
A,4162,72.81,3.06,7.18,164,manana,humedo,2,45.17,0
A,4560,62.29,3.08,6.0,61,tarde,humedo,3,53.26,0
C,5445,91.24,2.66,7.52,41,manana,seco,2,41.16,0
B,1229,61.19,2.65,7.39,49,noche,seco,4,31.24,0
A,9463,65.65,4.29,6.3,132,manana,seco,0,46.79,0
C,6372,64.21,4.99,5.35,25,tarde,humedo,3,52.37,0
A,6896,74.82,4.26,5.99,48,tarde,,2,54.67,0
A,2193,61.09,3.12,5.99,80,tarde,humedo,3,41.47,0
C,8722,98.69,5.33,5.48,145,manana,humedo,1,49.88,0
B,5880,69.04,2.09,6.41,60,manana,polvoriento,3,46.43,0
B,6403,81.91,3.93,6.57,68,manana,humedo,4,36.41,0
A,5413,51.61,3.84,5.83,128,tarde,seco,5,48.61,0
A,2975,73.18,5.14,5.9,119,manana,humedo,2,46.63,0
A,4299,74.88,4.3,7.17,75,noche,humedo,5,39.41,0
A,6744,65.44,3.6,5.51,41,tarde,seco,3,37.93,0
B,1980,62.7,3.39,5.94,110,tarde,polvoriento,3,40.72,0
A,5036,68.28,3.63,5.93,87,noche,seco,3,51.93,0
B,2083,78.31,2.63,5.59,44,tarde,seco,3,35.52,0
B,4831,67.14,4.52,4.64,32,noche,seco,3,44.03,0
C,10360,63.7,4.43,6.49,48,tarde,polvoriento,2,43.93,0
C,3636,73.36,3.21,5.89,106,tarde,seco,0,55.12,0
C,4886,72.14,3.41,7.03,104,noche,polvoriento,1,53.0,0
B,7174,69.69,2.2,6.35,66,tarde,seco,2,40.31,0
A,2463,81.66,3.05,6.59,61,manana,seco,2,44.59,0
C,2600,60.36,3.93,7.33,22,tarde,humedo,1,50.66,0
A,5513,63.38,3.05,5.74,176,tarde,seco,1,38.52,0
B,9062,73.88,2.9,6.49,73,tarde,seco,3,41.43,0
B,3763,82.42,4.6,6.07,114,tarde,seco,1,50.8,0
A,8031,72.37,3.87,6.81,75,noche,polvoriento,2,43.98,0
A,3948,69.8,4.62,6.35,144,noche,seco,3,46.94,0
C,625,81.5,4.45,5.42,62,manana,seco,2,48.55,0
B,4960,68.78,4.82,,85,manana,seco,3,53.69,0
A,4638,61.36,3.92,6.26,88,tarde,seco,1,45.06,0
A,5470,64.04,3.54,7.92,192,noche,seco,4,43.88,0
C,4895,72.83,4.65,6.21,69,manana,humedo,3,51.57,0
A,11185,59.34,3.99,7.08,128,noche,seco,5,44.73,1
B,1126,64.82,3.65,7.5,81,tarde,seco,3,41.24,0
C,4487,82.59,3.54,6.44,52,tarde,polvoriento,4,67.66,0
A,4634,61.73,3.55,6.2,46,manana,seco,2,48.89,0
A,2578,68.07,4.19,7.57,14,manana,seco,0,40.39,0
A,6915,74.64,2.62,6.31,55,noche,humedo,1,57.6,1
B,237,63.11,5.0,5.95,179,tarde,seco,1,54.93,0
C,1445,70.58,2.94,6.99,98,noche,seco,0,59.11,0
A,6653,61.37,4.04,6.59,47,tarde,seco,0,54.79,0
B,4721,63.16,2.02,5.22,16,manana,seco,4,52.89,0
A,4126,78.94,2.86,6.93,137,manana,seco,1,38.4,0
A,2506,68.19,4.18,7.58,15,manana,seco,0,40.46,0
A,5719,57.97,3.62,7.53,48,tarde,seco,3,44.44,0
A,7079,66.51,4.31,5.67,238,manana,polvoriento,4,47.11,0
B,5247,92.02,2.82,7.0,56,noche,humedo,6,38.62,0
B,9479,56.12,,6.83,53,noche,seco,4,51.3,0
C,2453,67.9,2.54,6.82,8,tarde,seco,4,52.04,0
B,6532,66.35,3.24,4.91,29,manana,polvoriento,1,44.42,1
B,6769,75.77,6.95,5.94,23,tarde,humedo,3,41.52,0
C,6934,75.68,1.71,4.82,90,tarde,humedo,2,55.92,0
B,1523,69.58,1.81,6.27,38,manana,humedo,0,42.33,0
B,6889,69.11,3.61,7.4,53,noche,seco,13,46.06,0
A,8343,71.82,3.69,7.08,85,tarde,humedo,7,44.79,0
B,4574,84.31,4.24,6.38,52,tarde,seco,3,44.02,0
A,7936,63.57,5.62,6.87,71,manana,seco,0,40.28,0
A,4756,66.67,4.35,7.21,86,manana,seco,1,48.56,0
B,5007,69.34,5.34,5.44,91,tarde,humedo,2,44.5,0
A,5681,70.2,2.31,6.39,121,tarde,seco,2,47.22,0
C,8011,74.05,4.27,7.13,53,noche,seco,2,45.49,0
C,6646,73.53,3.76,6.08,98,noche,humedo,3,52.7,1
B,5143,75.95,1.45,6.03,51,manana,polvoriento,2,28.51,0
B,5078,70.9,3.74,5.34,46,tarde,seco,2,42.37,0
C,5000,68.63,4.68,,108,noche,seco,1,49.2,0
C,6674,69.27,3.83,6.34,144,tarde,humedo,3,48.94,1
B,5306,73.65,2.88,6.07,35,tarde,polvoriento,1,30.18,0
A,4785,62.8,2.31,5.99,100,manana,seco,1,44.37,0
A,4700,73.73,4.4,,52,manana,humedo,1,49.71,0
C,8043,74.26,4.26,7.11,54,noche,seco,2,45.45,0
B,4455,50.62,4.78,6.55,100,noche,polvoriento,3,32.55,1
A,3614,76.84,5.97,6.37,96,manana,seco,1,45.79,0
C,9461,79.22,3.89,6.1,23,tarde,polvoriento,3,57.72,0
B,9013,66.72,2.49,6.95,29,noche,polvoriento,2,42.03,0
C,5647,63.17,5.99,5.09,70,manana,seco,3,55.11,0
B,3576,70.73,3.42,6.48,91,tarde,seco,3,48.43,0
A,2484,70.83,3.59,6.15,60,tarde,seco,3,31.96,0
A,10199,70.32,2.92,6.29,103,tarde,seco,2,33.59,0
B,7429,68.43,2.07,5.68,82,noche,polvoriento,4,47.8,0
A,4420,53.34,4.52,5.92,34,tarde,humedo,2,31.75,0
C,3299,69.89,5.41,7.28,36,noche,humedo,3,45.32,1
A,7172,71.89,5.29,7.15,93,tarde,seco,2,49.82,0
C,5130,87.04,5.23,6.43,49,tarde,seco,5,51.34,0
B,5300,85.08,4.33,5.94,68,tarde,seco,1,58.23,0
B,7655,78.58,4.94,6.75,106,tarde,humedo,1,41.84,0
C,5884,59.98,5.15,6.41,129,manana,polvoriento,5,44.21,0
A,2899,67.31,3.45,7.09,93,tarde,polvoriento,2,45.38,0
A,4795,72.49,3.6,7.49,31,noche,polvoriento,2,45.96,0
C,3080,72.51,2.61,6.03,92,noche,seco,1,40.59,0
C,2859,71.68,3.13,6.12,97,noche,seco,2,50.51,0
B,6760,52.94,4.83,5.79,133,tarde,humedo,1,41.59,0
B,3764,71.1,1.72,6.36,60,manana,polvoriento,6,32.45,0
A,9452,61.06,4.04,6.66,62,manana,seco,2,51.59,0
B,5016,69.47,5.37,5.41,92,tarde,humedo,2,44.2,0
A,9615,65.25,4.31,6.3,132,manana,seco,0,47.02,0
A,5820,74.24,5.46,7.05,55,tarde,seco,5,42.0,1
B,7397,80.8,2.88,6.71,111,tarde,humedo,4,57.04,0
B,4161,77.65,2.07,5.89,86,tarde,humedo,3,47.93,0
A,3177,66.87,,6.49,28,manana,seco,3,46.8,0
B,5929,69.62,3.33,6.62,56,tarde,seco,0,53.45,0
B,1984,62.78,3.34,5.96,111,tarde,polvoriento,3,40.91,0
A,6812,79.54,3.16,6.73,73,manana,seco,4,44.61,0
B,6374,67.78,3.6,6.72,44,tarde,seco,5,44.66,0
C,4845,73.39,4.65,6.26,65,manana,humedo,3,51.62,0
B,4107,77.26,5.33,6.49,62,manana,seco,0,49.2,0
C,5312,71.92,4.52,6.57,82,manana,seco,2,50.79,0
B,3827,76.2,4.8,6.74,45,manana,humedo,2,46.41,0
C,1651,79.84,3.49,6.5,43,manana,seco,0,50.95,0
A,3734,73.32,6.25,4.65,32,noche,seco,1,59.07,0
A,2915,63.98,4.12,5.89,45,noche,seco,3,36.48,0
C,9068,72.84,5.91,6.47,59,tarde,seco,1,51.62,0
A,3452,68.82,2.98,6.29,81,tarde,seco,1,38.85,0
B,2748,59.79,4.55,6.47,157,noche,seco,1,36.36,0
A,3916,66.25,2.9,,96,tarde,humedo,3,57.65,0
A,7057,73.54,2.56,7.21,69,manana,polvoriento,2,54.26,0
B,5629,60.39,3.63,6.51,159,manana,seco,1,42.87,0
A,2642,62.02,2.36,5.96,111,tarde,polvoriento,3,43.78,1
A,8989,67.62,2.4,5.91,150,noche,seco,5,48.26,0
B,2687,60.11,3.56,5.69,152,manana,seco,1,38.56,0
C,5954,82.53,4.77,,91,tarde,humedo,4,51.0,1
C,2382,59.54,3.95,7.32,24,tarde,humedo,1,50.82,0
C,3238,76.44,2.96,6.75,95,tarde,humedo,2,52.31,0
A,2767,70.07,3.67,6.52,62,manana,seco,1,34.78,0
A,3453,61.03,2.35,7.01,52,tarde,polvoriento,2,38.86,0
A,4417,53.17,4.57,5.92,33,tarde,humedo,2,32.19,0
B,6344,86.28,2.09,7.08,65,noche,polvoriento,3,45.51,0
B,6236,74.26,,6.45,167,manana,seco,4,64.32,0
C,990,76.97,4.49,7.33,126,tarde,seco,0,44.53,0
A,7921,74.66,2.17,6.63,66,tarde,seco,2,41.73,0
A,8841,65.12,2.96,7.08,50,manana,seco,2,39.91,0
A,7666,65.05,3.1,5.93,22,tarde,seco,2,36.39,0
C,6756,60.94,5.14,7.58,114,tarde,humedo,4,54.78,0
A,6291,78.16,5.3,6.29,176,manana,humedo,2,43.72,0
B,6940,62.72,1.23,7.09,132,manana,seco,3,30.95,0
A,3697,75.34,3.11,6.23,72,manana,seco,2,49.83,0
B,9371,64.07,4.27,5.82,100,tarde,seco,2,48.25,0
A,5735,68.48,2.96,7.43,83,manana,humedo,3,46.0,0
A,3895,81.8,2.35,6.53,81,manana,seco,1,48.42,0
A,706,76.79,3.22,5.79,114,manana,seco,4,35.1,0
B,8439,77.66,3.65,7.32,23,tarde,polvoriento,5,38.91,0
A,5397,74.73,4.63,5.63,139,manana,humedo,4,46.93,0
A,5262,52.67,4.82,6.65,117,tarde,seco,3,49.35,0
C,6994,65.82,3.54,5.91,105,noche,humedo,2,55.98,0
A,3825,68.17,4.89,6.07,35,manana,humedo,2,55.02,0
A,5016,61.7,3.04,6.35,90,manana,humedo,2,42.38,0
C,3315,69.83,5.44,7.26,35,noche,humedo,3,45.31,1
A,9266,76.61,4.57,6.57,74,manana,seco,3,43.63,0
B,7610,56.45,2.16,7.15,8,tarde,seco,3,37.67,0
C,5809,59.95,5.18,6.44,128,manana,polvoriento,5,43.85,0
B,3606,74.51,4.59,5.67,123,manana,seco,0,51.84,0
B,5973,59.94,4.63,5.83,162,noche,polvoriento,1,51.7,0
B,3005,67.16,3.52,6.33,143,manana,seco,3,50.61,0
B,6584,58.25,2.31,6.69,124,manana,humedo,0,35.87,0
A,8924,72.89,4.7,6.66,81,manana,seco,5,44.05,0
B,6226,69.38,5.04,5.89,177,tarde,seco,2,40.33,1
B,5088,73.01,5.26,6.65,64,tarde,polvoriento,2,50.77,0
C,3452,83.74,4.92,,95,noche,polvoriento,2,62.12,0
A,1013,77.26,2.83,7.23,186,manana,seco,3,32.8,0
B,5714,59.31,3.73,5.41,47,tarde,seco,1,45.37,0
C,9087,75.28,4.04,7.37,69,noche,seco,0,60.94,0
B,5322,75.31,3.56,,51,tarde,polvoriento,3,45.5,0
B,7359,71.07,4.86,5.84,123,tarde,polvoriento,3,50.24,0
C,6418,74.04,4.14,6.37,14,noche,seco,0,50.35,0
A,5813,84.32,4.66,7.1,112,noche,seco,1,38.08,0
A,8131,62.23,,6.16,109,noche,seco,3,48.35,0
B,5430,66.1,4.52,6.44,124,noche,humedo,1,42.35,0
A,5436,68.71,4.47,6.77,52,tarde,humedo,3,38.06,0
A,2603,64.89,3.44,,107,noche,seco,1,39.94,0
C,7091,90.12,5.75,7.51,90,manana,seco,2,62.09,0
B,7296,65.85,4.97,6.67,57,manana,seco,1,47.54,0
B,3536,74.32,4.59,5.66,126,manana,seco,0,51.55,0
A,4014,66.31,4.34,7.29,48,noche,seco,4,42.32,1
C,2112,74.43,2.14,6.13,70,noche,seco,3,51.96,0
B,6740,68.14,4.29,5.73,49,noche,seco,0,49.37,0
A,5359,71.5,4.2,6.63,69,manana,humedo,1,48.07,1
B,4754,81.88,5.15,6.37,75,manana,seco,1,35.14,0
B,7115,62.99,1.7,6.5,43,tarde,seco,2,49.52,0
B,4779,86.49,4.13,6.59,80,noche,polvoriento,0,41.89,0
B,7102,71.04,3.06,6.68,46,tarde,humedo,0,45.74,0
B,3331,68.71,3.27,6.6,129,manana,polvoriento,3,45.02,0
B,5518,60.5,4.33,5.98,90,noche,seco,3,53.5,0
A,3611,69.39,2.5,5.33,97,tarde,seco,3,46.71,0
A,3720,64.53,3.26,7.45,63,tarde,seco,0,42.95,0
A,9140,75.79,5.13,6.16,80,manana,,5,37.86,0
A,8052,59.86,4.97,6.86,42,manana,,0,44.71,1
B,4829,67.46,4.47,4.71,32,noche,seco,3,43.58,0
A,6893,63.37,3.08,5.49,60,noche,seco,1,50.11,0
A,6747,79.4,3.1,6.74,75,manana,seco,4,44.81,0
C,6187,86.3,4.57,6.74,69,manana,seco,3,42.67,1
B,7285,69.37,4.72,6.21,62,noche,humedo,2,46.27,0
C,4392,62.01,3.84,5.41,159,tarde,seco,2,50.93,1
B,2392,62.17,2.96,4.78,129,manana,,1,46.02,0
A,4204,64.05,3.54,6.38,138,tarde,seco,4,51.54,0
A,2631,72.9,4.67,6.7,79,manana,seco,5,40.91,0
B,6442,68.16,3.25,6.0,68,tarde,polvoriento,3,45.33,0
C,5133,68.01,3.04,5.8,54,noche,humedo,2,62.04,0
B,6800,77.14,3.56,6.55,121,manana,seco,1,50.95,0
A,4582,61.51,3.91,6.29,84,tarde,seco,1,45.17,0
A,8505,52.89,4.68,6.46,150,tarde,seco,1,40.6,0
A,4144,79.47,4.2,6.1,157,manana,polvoriento,2,40.87,0
A,5112,57.8,5.23,6.36,154,tarde,humedo,0,46.76,0
C,737,77.2,3.12,6.17,88,noche,humedo,1,42.23,0
A,7259,78.63,4.89,7.05,87,noche,seco,2,52.4,0
B,9855,54.18,3.68,5.74,95,tarde,seco,3,43.41,0
B,4500,51.27,4.81,6.55,99,noche,polvoriento,3,32.4,1
A,4681,74.12,4.41,,51,manana,humedo,1,49.95,0
A,8480,55.69,2.41,6.01,46,noche,seco,6,39.26,0
A,3900,69.6,4.55,5.78,71,manana,polvoriento,0,47.05,1
A,5207,68.68,2.44,6.44,74,manana,polvoriento,1,45.83,0
A,277,50.94,3.09,6.29,113,tarde,seco,1,39.42,0
B,5326,91.89,2.95,5.29,53,tarde,,1,47.26,0
B,3732,67.86,2.85,6.74,102,manana,seco,4,56.13,0
B,7704,60.95,3.53,7.15,39,noche,seco,1,40.98,0
C,8710,67.58,4.05,6.49,20,manana,seco,2,49.39,0
B,4124,68.7,2.69,5.91,100,tarde,seco,2,41.2,0
B,4127,77.49,3.39,6.77,30,tarde,humedo,2,38.01,0
B,6060,63.59,4.78,5.96,141,manana,seco,2,33.3,1
A,9325,78.23,3.37,6.25,47,manana,humedo,1,49.15,0
B,8097,66.37,4.22,6.83,181,noche,seco,4,44.79,0
B,8614,68.53,4.43,5.92,75,tarde,humedo,4,32.23,0
A,4244,65.59,5.58,6.66,160,manana,polvoriento,2,56.2,0
A,6170,72.61,4.17,7.03,108,tarde,polvoriento,1,46.06,1
A,6226,58.88,4.86,6.82,23,manana,seco,0,52.83,0
A,6349,77.72,5.32,6.3,177,manana,humedo,2,43.94,0
B,9100,64.52,2.83,6.26,142,tarde,polvoriento,1,41.46,0
C,4209,69.22,4.04,6.32,108,tarde,seco,0,47.4,0
C,9474,80.54,4.97,6.87,77,noche,humedo,2,61.65,0
A,7781,62.07,2.97,6.75,64,noche,humedo,4,50.5,0
A,3644,64.4,3.81,6.83,92,noche,humedo,5,41.45,0
B,7320,69.22,4.41,6.81,139,tarde,humedo,5,45.5,1
B,7660,75.9,3.35,5.07,108,manana,polvoriento,5,42.55,0
B,3221,58.43,4.63,4.34,22,noche,seco,2,50.9,0
A,4876,62.68,2.44,6.78,33,noche,polvoriento,2,38.79,0
B,4271,75.46,4.25,6.09,108,manana,polvoriento,2,47.36,1
B,4145,63.61,2.65,7.16,131,tarde,seco,1,48.52,0
B,5161,66.99,3.65,7.16,73,tarde,humedo,1,44.05,0
A,6705,69.62,6.73,6.19,32,tarde,seco,0,45.12,0
A,4491,61.95,3.35,6.61,119,noche,polvoriento,4,54.45,0
C,200,78.45,2.15,6.53,118,noche,seco,1,51.19,0
A,5508,67.37,2.89,6.75,36,manana,seco,1,49.49,0
A,3307,76.43,2.71,6.72,9,tarde,seco,2,34.59,0
C,8008,71.35,3.88,7.1,82,noche,seco,3,58.0,0
B,5096,53.49,4.35,7.07,183,noche,seco,5,50.15,0
B,4665,71.27,1.86,6.42,120,noche,polvoriento,2,52.24,0
C,1365,73.92,3.87,6.31,94,manana,seco,2,51.41,0
A,6289,66.61,2.65,6.3,186,noche,seco,6,41.43,0
B,5335,73.5,2.54,6.09,142,noche,seco,3,48.19,0
A,5953,73.03,4.46,5.54,100,tarde,seco,4,42.14,0
C,5417,71.42,4.98,6.39,94,manana,humedo,0,41.63,0
B,7994,67.2,4.78,5.59,114,noche,seco,6,33.53,1
C,3568,64.59,5.42,6.8,45,manana,humedo,2,47.94,0
B,8022,69.16,3.36,5.72,108,tarde,seco,3,48.7,0
B,4596,70.44,4.46,6.27,78,tarde,polvoriento,1,58.32,0
A,5773,69.13,5.07,6.38,107,noche,polvoriento,3,35.8,1
A,7446,68.7,3.55,6.79,160,tarde,humedo,3,37.64,0
B,3687,65.08,3.14,5.83,156,manana,polvoriento,2,30.58,0
B,1065,77.7,3.04,5.61,52,noche,seco,3,35.58,0
B,5858,85.25,4.5,,86,manana,seco,4,46.95,0
C,4242,66.81,4.32,6.49,37,tarde,seco,2,55.43,1
A,6486,82.86,1.71,5.78,56,tarde,humedo,1,45.55,0
C,6828,78.2,3.97,6.53,99,tarde,humedo,4,56.9,0
A,6594,78.71,,6.13,81,noche,polvoriento,0,40.8,0
A,3559,70.92,2.82,6.44,69,manana,seco,4,45.01,0
B,8846,71.02,4.44,7.15,114,tarde,seco,2,48.38,0
B,8850,71.95,3.09,6.03,40,tarde,humedo,2,40.63,0
A,4144,64.85,4.24,6.24,115,tarde,seco,3,57.71,0
B,6212,70.39,4.43,6.67,135,manana,humedo,2,67.04,0
C,6141,65.17,,7.08,164,manana,humedo,4,46.16,0
B,200,62.84,4.63,6.38,58,tarde,seco,1,37.63,0
A,5194,56.1,2.8,6.69,62,tarde,polvoriento,1,47.59,0
C,6713,57.4,4.46,5.31,134,tarde,seco,5,46.0,0
B,7393,80.24,2.81,6.71,110,tarde,humedo,4,56.72,0
B,4205,66.54,2.3,6.72,75,noche,humedo,3,45.54,0
C,3847,76.9,4.08,6.18,69,tarde,seco,2,57.8,1
A,6886,59.32,4.27,6.51,96,noche,seco,5,47.33,1
B,5595,69.56,5.08,5.81,105,noche,humedo,3,45.29,0
C,5908,57.55,4.45,4.66,117,manana,seco,2,60.4,0
A,4379,58.45,2.81,6.08,30,noche,seco,4,49.63,0
B,4618,84.37,4.21,6.39,51,tarde,seco,3,43.91,0
A,8047,54.63,4.53,7.06,118,manana,humedo,4,44.49,0
C,6605,73.98,4.04,6.37,15,noche,seco,0,50.49,0
B,4213,75.66,4.25,6.1,107,manana,polvoriento,2,47.85,1
B,7547,68.58,3.27,5.89,144,tarde,polvoriento,3,35.61,1
C,3181,81.36,4.01,7.45,53,manana,humedo,1,30.25,0
C,6232,78.95,3.21,6.43,117,noche,seco,3,64.24,0
B,2123,76.27,4.56,6.29,121,tarde,seco,1,59.78,0
B,1586,74.08,2.75,5.95,118,tarde,polvoriento,2,39.16,0
B,689,75.73,3.34,6.57,44,manana,humedo,2,41.92,0
B,7626,77.71,4.97,6.73,110,tarde,humedo,1,41.6,0
B,9344,63.69,4.22,5.81,103,tarde,seco,2,48.08,0
B,5795,54.67,3.33,7.3,23,tarde,polvoriento,1,56.8,0
C,6335,68.18,3.82,6.75,188,manana,seco,5,49.05,0
A,200,67.15,3.03,7.24,70,noche,humedo,2,41.77,0
B,11368,75.61,5.16,5.48,126,noche,humedo,5,35.39,1
C,8876,62.67,5.71,6.1,100,noche,seco,3,64.36,0
B,2125,77.89,2.64,5.58,42,tarde,seco,3,35.23,0
B,5321,51.3,4.36,4.87,154,manana,seco,4,40.91,0
A,5018,81.43,6.06,6.65,65,tarde,humedo,1,34.66,0
A,4465,75.75,3.43,6.96,126,noche,humedo,1,48.91,0
C,5096,73.89,4.27,7.37,108,manana,seco,1,46.27,0
C,3425,65.56,1.9,6.04,142,tarde,seco,2,48.92,0
C,8998,72.84,5.92,6.48,60,tarde,seco,1,51.7,0
B,3760,64.79,3.12,6.71,121,tarde,,3,47.13,0
B,1868,82.25,2.97,6.69,73,noche,seco,1,40.63,0
A,7248,78.61,4.95,7.04,89,noche,seco,2,52.81,0
B,4059,69.19,2.58,5.09,152,tarde,humedo,1,42.83,0
A,7520,87.18,4.25,5.08,55,noche,seco,3,41.98,0
C,3852,77.04,4.11,6.19,69,tarde,seco,2,57.97,1
A,5877,59.73,4.78,6.61,113,manana,humedo,2,40.16,0
A,3384,72.36,3.99,5.61,164,tarde,polvoriento,1,50.85,0
A,4857,65.75,1.42,6.35,92,manana,seco,2,47.42,0
C,5709,79.62,5.06,6.29,135,tarde,seco,3,46.52,0
C,8037,71.24,3.89,7.08,82,noche,seco,3,58.16,0
B,6898,60.97,4.23,5.75,23,tarde,seco,4,48.27,0
A,6153,53.93,4.61,6.01,64,noche,seco,1,43.95,0
B,6852,67.22,1.87,6.54,34,noche,seco,3,30.04,0
A,7577,68.39,4.1,5.83,36,tarde,polvoriento,2,43.09,0
A,6442,60.6,3.79,6.41,100,tarde,seco,0,39.2,0
A,7922,67.36,3.35,6.43,45,tarde,polvoriento,3,39.07,0
A,4852,73.75,2.61,5.73,56,tarde,seco,2,38.2,0
C,4237,71.66,4.38,7.82,55,noche,seco,1,41.59,0
B,3829,56.06,3.8,5.06,82,manana,seco,2,43.44,0
A,5349,62.62,3.95,6.7,111,noche,seco,1,41.01,0
A,1144,65.65,3.7,6.32,69,tarde,seco,3,46.42,0
B,5959,69.69,3.34,6.63,55,tarde,seco,0,53.91,0
B,8122,64.33,6.81,6.72,148,tarde,seco,1,39.54,0
A,3001,73.82,2.91,5.07,144,tarde,seco,3,40.59,0
B,5031,57.37,5.2,7.83,23,noche,seco,3,49.09,0
C,4097,75.98,4.86,6.73,18,noche,humedo,3,53.79,0
B,4496,77.41,4.01,6.37,102,tarde,polvoriento,2,41.86,0
B,4522,77.34,3.91,7.24,43,manana,polvoriento,7,37.39,0
C,5553,71.4,5.07,6.43,93,manana,humedo,0,41.35,0
B,5900,74.98,1.65,6.7,39,manana,seco,2,45.97,0
B,6148,66.3,3.96,7.61,99,manana,seco,2,45.57,0
C,4245,67.03,4.34,6.51,39,tarde,seco,2,55.27,1
C,1716,76.9,3.25,6.47,28,noche,humedo,1,51.01,0
B,4277,69.08,5.43,5.49,77,tarde,humedo,2,53.16,0
A,7169,75.2,3.35,5.54,165,manana,seco,3,56.41,1
A,790,60.56,2.92,5.41,127,tarde,humedo,1,47.76,0
A,6624,68.95,6.75,6.2,34,tarde,seco,0,45.19,0
C,4381,62.2,3.83,5.41,156,tarde,seco,2,50.7,1
B,6076,56.12,3.25,6.35,51,tarde,seco,2,34.64,0
A,3890,78.15,4.17,6.35,89,manana,seco,5,39.23,0
B,6919,60.8,4.27,5.73,21,tarde,seco,4,48.61,0
B,4811,59.71,4.22,6.28,194,noche,polvoriento,2,38.17,0
A,4205,62.3,4.24,7.3,53,noche,seco,3,43.77,0
B,4445,46.34,2.99,6.18,41,manana,seco,2,50.14,0
B,4518,85.14,2.27,7.67,32,tarde,seco,1,45.73,0
C,5678,76.7,4.51,5.55,33,manana,polvoriento,2,35.86,0
A,5044,80.72,2.35,5.83,93,tarde,humedo,2,47.57,1
C,5730,79.93,5.08,6.25,134,tarde,seco,3,46.12,0
A,2365,80.65,3.79,5.47,82,manana,seco,0,51.43,0
B,7112,70.91,3.4,6.11,86,noche,seco,4,52.58,0
B,9957,69.18,5.97,5.58,92,tarde,humedo,3,31.41,0
B,5823,69.13,6.36,5.18,23,manana,humedo,3,43.76,0
A,2328,71.63,4.31,8.01,98,manana,humedo,1,31.47,0
B,5275,81.77,5.1,6.33,68,manana,humedo,2,49.07,0
A,4127,64.79,2.74,6.86,65,manana,polvoriento,1,54.36,0
B,1347,61.28,2.65,7.4,52,noche,seco,4,30.96,0
B,4701,63.98,6.04,6.87,58,manana,seco,0,42.47,0
C,8192,82.86,4.22,6.01,141,tarde,seco,3,46.84,0
C,7017,62.89,4.23,6.54,189,manana,seco,4,48.67,0
A,4026,66.22,2.95,,100,tarde,humedo,3,57.54,0
C,5576,78.03,2.39,5.76,65,manana,,2,46.72,0
A,6049,74.9,3.67,5.32,67,manana,seco,1,58.01,0
A,2780,65.68,1.94,5.86,35,noche,seco,2,55.27,0
A,6971,72.46,2.57,6.08,98,tarde,polvoriento,5,37.77,0
A,5950,81.13,4.96,6.81,84,manana,polvoriento,1,49.93,0
B,9470,68.72,3.01,5.94,89,manana,humedo,1,35.35,0
B,5653,67.97,4.66,5.21,200,tarde,humedo,2,43.0,0
A,4944,76.96,3.55,6.84,58,manana,humedo,3,34.76,0
B,5518,75.23,,,255,manana,seco,2,56.36,0
A,2563,68.42,4.23,7.59,16,manana,seco,0,40.58,0
B,6340,60.15,4.64,7.09,54,manana,seco,2,37.02,0
A,6204,53.91,4.64,5.99,64,noche,seco,1,43.76,0
B,6683,63.54,3.01,7.19,22,manana,seco,4,34.6,0
A,7605,79.01,1.85,7.56,89,manana,humedo,8,35.06,1
A,7867,74.48,2.17,6.63,64,tarde,seco,2,41.39,0
B,6495,52.09,4.68,7.2,159,manana,seco,3,45.28,0
B,2222,78.56,2.47,4.81,58,tarde,seco,0,44.15,0
B,4749,72.91,3.41,6.44,76,tarde,seco,2,48.62,0
A,5242,66.13,2.97,6.39,16,tarde,seco,1,48.09,0
A,6818,75.2,4.23,5.99,49,tarde,,2,54.71,0
B,5935,59.15,2.5,6.44,132,tarde,polvoriento,1,39.66,0
B,6602,75.41,4.13,5.65,103,noche,seco,2,38.03,0
B,5959,69.99,2.56,4.93,64,noche,seco,2,46.29,0
A,7921,56.38,4.64,5.64,38,manana,seco,3,44.55,1
B,5095,70.48,3.97,5.58,97,noche,seco,3,46.68,0
C,9183,74.76,4.5,6.09,99,manana,seco,1,43.48,0
A,5267,73.33,3.01,7.3,39,tarde,seco,3,33.92,0
C,5843,58.53,3.43,5.48,180,manana,seco,0,48.72,0
B,3731,86.15,2.36,4.82,10,tarde,humedo,3,45.53,0
A,6908,58.79,2.44,5.11,66,tarde,seco,2,33.55,0
A,8425,79.94,,6.91,79,tarde,polvoriento,4,40.38,0
B,5547,66.66,4.63,6.47,121,noche,humedo,1,42.1,0
A,6703,93.98,4.85,6.52,239,manana,seco,2,43.6,0
C,8843,72.77,3.87,5.61,116,tarde,humedo,2,46.17,0
B,4038,63.87,2.64,7.12,131,tarde,seco,1,48.75,0
A,6399,76.88,3.71,6.19,45,tarde,seco,4,34.66,0
B,5001,94.29,3.33,5.5,107,manana,seco,1,45.05,0
A,5431,63.52,3.04,5.72,178,tarde,seco,1,38.44,0
A,5742,68.27,3.02,7.43,81,manana,humedo,3,45.75,0
B,7273,76.21,3.88,6.0,88,manana,seco,3,36.33,1
B,7591,63.41,4.42,6.77,37,manana,polvoriento,1,42.06,0
B,9727,81.93,3.63,5.93,73,manana,polvoriento,1,44.14,0
A,3454,61.71,4.17,6.34,75,tarde,seco,3,37.21,0
C,6242,72.12,4.05,5.69,19,noche,seco,1,55.32,0
C,200,70.7,2.64,6.06,36,noche,polvoriento,0,39.96,0
B,6620,75.97,4.66,6.95,67,tarde,seco,0,41.88,0
A,7130,75.94,4.15,6.43,108,tarde,,1,52.86,0
A,7898,90.75,4.04,6.13,63,manana,humedo,2,56.82,1
B,4578,70.18,4.37,6.25,80,tarde,polvoriento,1,58.06,0
C,4050,80.52,5.42,6.08,39,manana,polvoriento,3,45.44,0
B,8850,73.34,4.84,5.85,73,tarde,seco,3,43.8,0
B,7280,69.1,4.48,6.81,139,tarde,humedo,5,45.65,1
B,4789,63.94,6.05,6.86,58,manana,seco,0,42.56,0
A,3763,68.12,3.33,6.7,114,noche,polvoriento,0,30.5,0
B,4356,65.63,4.63,5.34,84,noche,humedo,3,44.48,1
B,4371,74.67,3.49,5.34,90,manana,seco,0,37.8,0
B,5496,66.72,2.48,5.81,55,manana,humedo,1,52.39,0
B,6027,71.2,3.09,6.64,217,tarde,humedo,0,45.04,1
A,3759,49.39,2.78,5.9,29,manana,seco,3,32.1,0
B,7137,62.49,1.72,6.5,45,tarde,seco,2,50.06,0
B,4317,75.07,3.46,5.31,90,manana,seco,0,37.88,0
A,8371,58.53,2.22,6.12,66,manana,seco,0,42.69,0
C,2366,72.34,1.49,5.65,46,manana,polvoriento,0,53.44,0
C,7281,69.04,4.42,6.6,60,noche,,1,54.89,0
A,4353,70.51,2.74,6.83,129,manana,seco,3,38.04,0
A,7525,56.49,3.82,7.83,67,tarde,polvoriento,1,49.6,0
A,4929,56.15,3.38,6.37,138,manana,seco,2,39.79,0
B,7459,48.49,5.13,5.91,154,manana,polvoriento,1,53.65,0
C,5884,77.78,3.07,7.18,109,tarde,seco,0,42.0,0
A,6007,78.77,3.31,6.74,148,noche,seco,3,48.55,0
A,5553,72.87,4.94,7.17,15,tarde,seco,1,35.3,0
A,3821,60.91,1.3,5.29,50,tarde,seco,2,35.6,0
C,2481,62.75,4.12,6.57,109,tarde,seco,1,44.18,0
A,4946,68.04,3.63,5.95,89,noche,seco,3,52.16,0
A,4943,80.69,3.45,6.15,60,tarde,humedo,0,38.46,0
A,4894,61.54,3.32,6.5,83,noche,polvoriento,2,41.82,0
A,5783,70.23,2.32,6.39,122,tarde,seco,2,47.71,0
B,7612,51.3,2.07,6.37,75,manana,seco,4,36.09,0
B,6439,76.53,2.76,6.46,157,manana,humedo,1,55.44,0
B,6427,56.17,3.17,5.12,52,manana,humedo,3,45.05,0
A,3008,77.94,4.58,6.53,46,tarde,polvoriento,0,45.04,0
C,9382,65.31,4.24,6.09,106,tarde,seco,4,62.63,0
A,7497,71.18,4.46,6.46,99,noche,,3,52.44,0
B,4917,68.3,,6.32,167,tarde,seco,1,44.26,0
B,7853,65.85,4.18,5.58,137,tarde,seco,1,51.25,0
C,4321,68.86,5.71,5.83,79,noche,seco,1,50.12,0
A,1180,66.89,1.62,5.87,209,noche,polvoriento,1,25.67,0
B,4740,52.15,4.73,6.03,108,noche,seco,5,48.45,0
B,6703,71.87,4.97,4.81,41,manana,seco,2,49.89,0
B,8046,67.16,5.19,5.77,72,tarde,seco,2,32.05,0
B,5277,53.82,4.39,6.21,46,tarde,seco,2,53.67,0
A,6618,65.7,3.99,6.09,61,tarde,seco,4,45.41,0
B,3884,59.56,5.16,6.51,41,manana,seco,0,48.04,0
A,5587,64.48,2.52,6.45,40,tarde,humedo,4,50.67,0
C,4727,56.86,3.78,6.91,24,tarde,seco,1,60.77,0
B,4769,66.93,4.5,4.67,34,noche,seco,3,43.55,0
A,678,76.88,3.26,5.74,115,manana,seco,4,35.5,0
B,5783,58.94,2.6,6.07,82,tarde,seco,2,45.2,0
B,7761,77.15,3.61,6.1,134,tarde,humedo,2,38.73,0
A,4625,72.35,3.18,5.25,117,manana,seco,1,41.87,0
C,6095,61.58,3.42,5.68,187,noche,polvoriento,2,47.52,1
A,2977,78.09,4.52,6.52,46,tarde,polvoriento,0,45.05,0
B,3226,62.48,5.65,6.2,96,noche,seco,1,36.56,0
A,200,74.4,2.33,7.13,80,tarde,polvoriento,2,52.42,0
A,7646,74.87,4.47,6.47,41,manana,seco,1,47.67,0
A,4938,76.51,3.71,6.16,32,tarde,seco,1,43.43,1
C,6759,82.13,5.04,7.47,109,manana,humedo,2,46.87,0
B,7369,76.85,3.89,5.64,192,tarde,humedo,7,51.26,0
C,4745,63.05,3.32,6.43,161,noche,seco,2,41.5,0
B,4839,73.9,5.74,5.36,66,noche,polvoriento,2,46.76,0
C,6135,71.59,6.15,6.78,70,manana,seco,1,60.46,1
B,2739,67.65,3.41,5.51,84,tarde,seco,0,52.0,0
A,2580,77.37,2.4,6.07,44,manana,humedo,0,49.32,0
B,2893,72.29,3.91,6.85,68,noche,seco,0,51.33,0
A,7979,74.49,2.15,6.63,66,tarde,seco,2,42.19,0
C,5712,66.13,3.31,4.79,64,manana,,5,52.44,0
B,4606,64.26,2.67,5.35,17,noche,polvoriento,7,40.07,0
B,6738,62.46,1.28,7.1,131,manana,seco,3,30.75,0
B,8248,68.74,6.28,5.73,89,tarde,humedo,1,55.41,0
C,6300,64.53,4.48,7.0,59,manana,seco,1,60.45,0
B,5336,67.62,4.0,6.35,54,manana,polvoriento,0,53.51,0
C,7048,74.2,3.84,6.49,24,manana,humedo,4,54.09,0
C,8076,70.99,4.67,6.74,141,manana,polvoriento,0,63.28,0
A,5209,57.85,5.26,6.38,155,tarde,humedo,0,46.75,0
A,5045,77.1,4.29,5.96,37,noche,seco,1,47.73,0
A,3364,74.88,4.2,6.1,45,manana,seco,0,55.44,0
A,5659,66.98,,6.17,170,noche,humedo,2,43.89,0
A,3925,84.05,4.11,6.2,178,tarde,seco,2,38.68,1
C,6398,73.67,4.18,6.38,14,noche,seco,0,50.48,0
B,5166,69.16,4.33,6.84,143,manana,seco,2,48.02,0
A,7393,60.82,4.25,5.98,42,manana,humedo,3,42.39,0
B,2399,64.91,3.49,5.61,104,tarde,seco,3,56.42,0
B,3768,69.24,2.52,5.62,29,manana,humedo,2,54.5,0
A,956,69.2,3.46,6.35,25,manana,polvoriento,1,44.51,0
C,6001,87.89,5.5,6.43,72,tarde,humedo,2,45.47,0
A,8077,59.41,4.98,6.83,43,manana,,0,44.21,1
A,5234,64.73,3.69,5.76,103,tarde,seco,3,59.45,0
A,1565,58.23,2.72,7.23,50,tarde,seco,2,35.01,0
C,6389,64.32,4.97,5.36,23,tarde,humedo,3,52.45,0
C,6211,64.44,5.12,5.45,43,tarde,seco,4,43.18,1
A,6674,67.99,5.03,7.06,70,tarde,seco,2,43.96,1
C,8874,72.35,3.88,5.57,117,tarde,humedo,2,46.45,0
A,2811,61.85,3.9,6.93,46,manana,seco,2,39.8,0
C,6388,60.85,5.67,,30,manana,seco,3,55.75,0
C,3612,77.4,5.62,5.16,40,tarde,seco,2,45.74,0
C,6708,73.0,3.87,5.7,23,noche,polvoriento,1,60.93,0
A,8781,73.05,4.0,6.46,100,noche,humedo,2,41.8,0
B,5201,92.12,2.75,6.97,54,noche,humedo,6,38.22,0
A,2942,87.47,2.04,6.49,142,tarde,humedo,5,43.97,0
A,12316,70.57,4.7,6.81,106,tarde,polvoriento,5,49.15,0
C,3566,73.07,3.21,5.9,105,tarde,seco,0,55.15,0
B,4845,69.78,4.08,5.58,120,noche,humedo,1,49.96,0
A,4099,63.68,2.92,5.7,173,manana,seco,0,47.71,0
C,10308,77.42,3.92,6.8,25,tarde,seco,2,57.97,0
B,5696,59.76,3.71,5.42,44,tarde,seco,1,45.62,0
C,7511,89.76,5.72,7.27,79,manana,seco,2,52.75,0
B,6465,74.86,6.1,4.42,114,tarde,seco,0,36.38,1
B,4324,56.84,3.27,6.87,92,tarde,seco,1,52.22,0
A,3677,54.73,3.05,5.81,116,manana,polvoriento,2,49.75,0
C,5516,78.05,2.41,5.76,65,manana,,2,46.56,0
C,6477,67.66,4.87,,101,noche,humedo,1,53.88,0
B,6396,82.57,5.92,7.18,61,tarde,seco,1,48.02,0
A,4488,75.28,5.87,6.8,76,manana,seco,2,45.6,1
B,2375,64.11,3.49,5.62,103,tarde,seco,3,56.5,0
A,4368,73.75,2.98,6.92,139,tarde,seco,0,51.55,0
B,7399,76.81,3.97,6.29,51,tarde,humedo,0,44.66,0
C,5618,62.33,4.16,7.07,107,manana,humedo,1,51.71,0
A,4895,71.11,1.53,7.34,67,tarde,humedo,1,44.26,0
A,3818,49.45,2.76,5.91,30,manana,seco,3,31.9,0
B,6518,63.41,4.61,6.11,80,manana,humedo,3,50.21,0
C,5809,68.04,3.53,6.8,72,tarde,seco,1,52.25,0
C,4600,62.67,3.94,5.97,135,tarde,seco,4,68.18,0
B,1329,79.51,4.42,6.28,119,noche,humedo,1,51.11,0
C,3426,83.81,4.93,,95,noche,polvoriento,2,62.03,0
B,6098,64.31,5.22,6.48,165,manana,humedo,2,43.87,0
A,5227,61.31,5.06,6.46,56,manana,seco,3,47.47,0
C,3853,74.35,5.73,7.2,36,noche,humedo,1,49.62,0
A,5213,87.58,3.02,,48,noche,seco,0,34.46,0
B,4166,70.79,1.82,4.86,140,manana,humedo,1,43.43,0
A,3790,75.16,3.12,6.19,72,manana,seco,2,49.92,0
B,2066,77.97,2.63,5.58,41,tarde,seco,3,34.93,0
A,4517,60.9,3.12,7.02,122,noche,polvoriento,0,46.31,0
B,6208,74.26,2.52,5.69,89,tarde,seco,0,46.89,0
B,2168,76.6,1.63,6.52,87,tarde,seco,3,39.39,0
B,8653,75.81,3.79,6.27,97,tarde,polvoriento,0,37.4,0
A,4622,67.51,3.66,5.4,95,manana,seco,1,47.8,0
A,5830,67.27,3.65,6.0,186,manana,humedo,1,35.62,0
B,6057,71.17,2.99,6.66,212,tarde,humedo,0,44.81,1
A,7199,67.19,2.92,5.08,9,manana,polvoriento,3,44.36,0
A,8367,75.84,5.3,6.84,100,tarde,humedo,2,36.48,0
C,4489,65.17,5.26,7.18,107,noche,seco,1,50.56,0
B,5559,68.99,3.18,5.88,112,manana,humedo,6,52.33,0
A,5499,67.42,5.75,6.67,151,tarde,seco,3,37.38,0
C,3938,81.25,3.82,6.74,16,noche,seco,3,67.47,0
A,5598,70.3,3.45,6.79,64,tarde,seco,1,66.14,0
A,2898,68.78,4.53,6.15,26,tarde,,4,41.49,0
B,3474,70.0,1.51,7.17,70,manana,seco,1,39.06,0
B,5602,76.72,3.04,6.4,160,tarde,polvoriento,5,52.1,0
B,7192,59.69,3.94,5.54,120,tarde,polvoriento,3,64.68,0
B,200,70.0,2.4,5.49,27,noche,seco,0,47.41,0
A,4018,73.46,2.67,6.94,91,noche,seco,1,48.24,0
B,9321,76.49,4.88,5.71,39,manana,seco,2,51.51,1
A,2443,78.78,4.82,6.29,83,tarde,seco,1,45.33,0
A,7566,63.39,3.87,5.79,44,manana,polvoriento,0,49.14,0
A,3619,72.49,3.45,6.48,161,noche,humedo,2,41.99,0
A,3703,90.84,3.68,6.6,85,manana,polvoriento,2,64.67,0
B,2662,65.53,2.37,5.75,77,noche,seco,2,40.69,0
B,6567,57.06,3.98,6.92,34,manana,seco,2,49.15,0
B,3698,71.22,3.44,7.7,88,manana,polvoriento,3,56.75,0
A,7571,72.79,4.36,6.55,94,tarde,seco,4,50.24,0
A,6202,50.9,3.82,5.34,56,tarde,polvoriento,0,51.58,0
A,2182,84.01,3.83,6.03,82,manana,seco,1,41.13,0
B,8689,79.29,4.82,6.73,80,noche,seco,1,55.83,0
A,3257,83.72,5.1,7.07,154,tarde,humedo,2,51.81,0
B,5651,58.53,3.6,6.48,109,manana,seco,1,47.77,0
C,8163,70.97,4.74,6.74,141,manana,polvoriento,0,63.15,0
B,6161,69.59,5.03,5.89,178,tarde,seco,2,40.48,1
A,5074,76.01,3.75,6.91,78,manana,seco,2,54.19,0
A,3473,76.19,4.45,5.88,73,manana,humedo,2,35.75,0
A,2165,73.62,3.77,6.03,86,manana,seco,3,39.41,0
A,3428,63.47,0.4,6.03,77,noche,polvoriento,6,50.29,0
A,3943,84.9,3.04,6.54,126,noche,seco,1,51.2,0
B,7785,65.41,4.38,4.88,84,tarde,polvoriento,6,44.32,1
A,5344,71.68,4.21,6.65,72,manana,humedo,1,47.89,1
B,4687,63.08,3.0,,122,manana,humedo,1,42.22,0
B,4874,68.51,4.81,,84,manana,seco,3,53.53,0
B,2908,73.41,5.53,6.96,71,tarde,humedo,3,47.68,1
B,4902,93.02,3.55,5.04,121,tarde,,2,56.23,1
A,6535,69.82,3.4,5.88,22,manana,seco,2,44.3,0
B,9259,76.7,4.88,5.7,41,manana,seco,2,51.56,1
C,1894,73.97,2.09,6.13,68,noche,seco,3,52.49,0
B,3647,62.82,3.11,6.43,100,manana,polvoriento,1,34.5,0
C,4988,73.11,4.62,6.18,66,manana,humedo,3,51.69,0
B,2722,45.37,4.52,5.67,109,manana,humedo,0,50.6,0
A,200,51.02,3.11,6.28,113,tarde,seco,1,39.29,0
A,3559,71.03,2.88,6.48,70,manana,seco,4,44.88,0
C,3548,77.06,5.6,5.17,41,tarde,seco,2,45.83,0
A,11334,59.28,3.97,7.05,126,noche,seco,5,45.62,1
B,5155,75.91,4.48,6.21,129,manana,seco,2,55.02,0
A,8095,72.18,3.92,6.83,72,noche,polvoriento,2,43.84,0
C,3961,69.95,4.18,7.46,59,tarde,polvoriento,2,45.91,0
A,5631,76.43,3.96,6.3,110,manana,polvoriento,4,54.88,0
C,7685,81.35,4.06,6.18,93,manana,seco,7,46.4,0
C,741,77.25,3.14,6.15,88,noche,humedo,1,41.73,0
C,7418,74.82,3.46,6.7,118,manana,seco,6,55.41,0
A,9549,60.72,4.04,6.63,63,manana,seco,2,51.98,0
A,5420,64.47,3.66,6.72,99,noche,seco,0,43.8,0
C,8675,66.85,4.42,6.61,118,tarde,seco,4,65.26,1
B,3935,53.41,3.38,7.6,61,noche,seco,3,35.0,0
B,4658,74.37,2.06,6.61,68,tarde,humedo,3,44.61,0
A,5106,79.0,5.19,6.76,66,noche,seco,3,49.74,1
A,1931,67.69,5.27,6.5,103,tarde,humedo,0,48.77,0
A,9296,75.53,5.15,6.13,83,manana,,5,37.75,0
B,2242,54.07,3.96,6.59,66,manana,humedo,3,41.51,0
C,1157,61.54,5.63,6.71,143,tarde,humedo,1,48.85,0
C,5661,74.68,3.84,6.66,98,tarde,humedo,0,37.4,0
C,4257,82.69,3.58,5.99,48,noche,humedo,0,48.86,0
C,9709,62.98,3.58,7.19,53,tarde,humedo,5,57.76,0
B,6125,62.91,3.64,6.69,76,manana,seco,2,42.97,0
C,3983,70.56,3.01,,41,manana,humedo,2,57.56,0
A,5784,61.35,4.03,7.2,98,tarde,seco,1,28.62,1
B,7482,85.74,3.47,5.94,66,manana,humedo,3,59.12,0
A,7115,86.8,3.56,5.43,183,noche,seco,2,56.95,0
B,2268,77.92,3.7,6.31,92,manana,seco,2,37.6,0
A,4372,65.77,2.97,6.62,63,tarde,seco,1,49.46,0
A,5936,73.87,0.78,6.78,67,tarde,seco,1,47.28,0
B,4898,69.8,5.73,4.93,39,manana,humedo,3,36.88,0
B,6600,69.7,4.41,5.13,218,tarde,humedo,1,35.4,0
B,2075,55.42,3.01,6.22,29,tarde,polvoriento,0,52.77,0
A,3395,74.73,3.1,5.44,66,manana,humedo,3,54.51,0
C,5690,74.89,3.78,6.63,96,tarde,humedo,0,37.14,0
A,5896,74.55,4.49,5.52,98,tarde,seco,4,41.8,0
A,6958,56.52,2.66,5.99,58,manana,seco,2,38.88,0
C,8660,63.96,5.19,6.25,72,noche,seco,5,53.41,0
C,2191,90.49,5.56,6.07,88,noche,seco,1,46.77,0
A,5273,70.9,4.21,6.66,72,manana,humedo,1,47.06,1
B,6554,67.18,4.99,6.6,168,noche,polvoriento,3,50.92,0
B,4954,68.1,,6.37,167,tarde,seco,1,44.17,0
B,6889,73.8,3.97,6.26,24,manana,humedo,3,46.25,0
B,8173,74.63,4.2,6.63,88,tarde,humedo,0,52.98,0
B,6275,67.7,3.57,7.59,64,tarde,seco,3,44.94,0
C,6110,72.45,3.88,6.19,248,noche,humedo,4,45.58,0
A,6401,68.25,4.57,7.39,176,tarde,seco,4,41.0,1
B,8428,77.6,3.65,7.32,23,tarde,polvoriento,5,38.9,0
A,2856,65.91,1.93,5.86,33,noche,seco,2,55.52,0
A,2833,68.3,2.97,6.25,159,noche,humedo,4,49.11,0
C,7303,83.5,6.64,5.56,173,manana,seco,4,52.03,1
B,4011,67.12,4.59,5.95,80,tarde,humedo,1,43.37,0
A,3610,62.26,4.42,5.62,45,noche,seco,2,42.12,0
B,3127,57.96,4.59,4.32,22,noche,seco,2,51.02,0
C,8974,65.54,6.58,6.65,133,manana,seco,1,49.72,0
B,4780,72.94,3.4,6.46,73,tarde,seco,2,48.24,0
B,5483,92.92,4.69,5.91,198,manana,seco,1,39.64,1
C,3662,65.2,4.38,6.96,111,noche,humedo,5,51.52,0
A,2015,64.27,5.82,5.36,96,noche,seco,1,46.6,0
B,5538,61.23,4.52,5.75,105,noche,polvoriento,6,45.59,0
A,9334,68.36,3.2,6.6,86,manana,humedo,2,53.98,0
B,9060,66.73,2.57,6.95,28,noche,polvoriento,2,41.96,0
C,3513,77.45,5.67,5.14,40,tarde,seco,2,45.93,0
A,6029,64.92,3.21,5.42,39,manana,seco,1,46.88,0
A,3584,61.19,2.38,7.01,55,tarde,polvoriento,2,38.56,0
C,5853,77.62,3.06,7.2,110,tarde,seco,0,41.86,0
C,2668,72.97,4.12,6.57,142,manana,humedo,0,53.73,0
A,1956,75.5,3.1,6.0,77,noche,seco,2,49.18,0
B,4116,74.77,3.05,4.43,164,noche,seco,2,48.29,0
C,4088,76.57,2.3,7.78,107,manana,seco,0,48.71,0
C,6077,66.08,5.38,6.85,109,noche,seco,2,59.23,0
A,4836,55.66,4.28,5.94,193,manana,humedo,3,48.44,0
A,200,84.14,2.98,5.23,111,manana,seco,1,40.75,0
B,3597,70.88,3.38,6.31,104,manana,humedo,1,46.89,0
A,7084,64.26,4.8,6.0,67,manana,polvoriento,3,37.52,0
B,5296,71.81,2.11,6.66,85,manana,seco,2,55.97,0
C,3167,75.18,5.17,4.95,88,tarde,seco,0,62.81,1
B,5147,68.79,5.95,6.28,126,tarde,seco,3,50.67,0
B,7265,67.99,2.8,,99,manana,seco,1,29.81,0
B,11788,66.04,2.17,6.69,300,tarde,seco,7,41.24,0
B,1631,63.46,3.07,4.88,209,manana,seco,3,45.08,0
C,3114,76.97,4.85,6.28,73,noche,polvoriento,2,56.34,0
B,3572,69.65,4.08,7.1,136,tarde,humedo,1,40.61,0
A,4552,71.51,2.43,6.58,43,manana,seco,3,39.61,0
B,1239,65.52,,6.42,28,tarde,humedo,1,50.59,0
C,5123,67.84,4.71,7.45,66,manana,seco,1,54.38,0
A,8203,67.09,3.52,7.29,211,tarde,humedo,1,54.17,0
B,5344,58.33,2.58,5.7,87,manana,polvoriento,4,47.61,0
B,5562,75.24,,,253,manana,seco,2,55.72,0
C,6177,64.93,,7.1,166,manana,humedo,4,46.54,0
B,2574,67.72,3.44,5.46,81,tarde,seco,0,52.0,0
C,200,71.1,2.61,6.12,40,noche,polvoriento,0,39.81,0
A,7943,74.43,2.18,6.64,66,tarde,seco,2,41.74,0
A,2001,71.37,2.23,,84,tarde,seco,1,35.46,0
A,10217,68.75,4.34,5.94,56,tarde,seco,3,40.01,0
B,2409,71.54,1.08,6.5,52,noche,humedo,2,42.21,0
A,5013,76.4,3.57,6.77,57,manana,humedo,3,35.14,0
A,5123,68.12,4.15,7.51,46,manana,,2,45.94,0
B,3665,70.59,3.47,6.48,92,tarde,seco,3,48.8,0
A,6818,60.06,5.28,5.82,63,tarde,seco,4,54.93,0
A,200,64.81,3.68,7.57,131,tarde,humedo,2,35.29,0
B,4180,68.54,3.67,6.48,60,manana,seco,2,40.9,0
B,200,67.75,3.61,5.37,101,noche,seco,2,45.84,0
B,6151,56.41,3.25,6.34,51,tarde,seco,2,34.37,0
A,8244,71.88,3.79,6.07,41,noche,humedo,3,50.06,0
C,5725,69.27,4.01,6.15,59,manana,seco,1,58.99,0
A,4928,56.5,5.02,4.62,102,manana,polvoriento,6,49.66,0
A,6136,67.46,1.92,5.95,100,tarde,seco,2,27.08,0
B,4863,59.43,4.21,6.29,195,noche,polvoriento,2,38.32,0
A,6604,69.89,5.37,,51,noche,seco,2,35.25,1
A,5657,58.61,4.45,5.94,94,tarde,seco,2,51.41,0
A,4271,69.0,2.91,6.31,299,manana,humedo,3,42.92,1
A,5307,74.61,4.6,5.66,138,manana,humedo,4,46.93,0
A,3792,84.73,5.64,7.02,76,noche,seco,1,38.8,0
A,6900,69.91,5.01,5.29,16,tarde,humedo,0,56.56,0
C,5776,65.85,3.33,4.78,63,manana,,5,52.15,0
A,4244,74.05,4.6,7.2,63,noche,seco,1,46.22,0
A,8855,63.34,5.76,6.19,82,manana,,3,43.59,0
B,7270,62.58,2.59,5.47,35,tarde,humedo,1,46.12,0
B,8247,63.31,4.31,5.91,97,manana,humedo,3,42.26,0
C,4236,56.88,5.62,7.1,131,tarde,humedo,4,60.88,0
B,7403,67.71,4.36,4.86,97,noche,seco,1,46.92,0
A,5776,73.33,4.35,4.94,94,manana,seco,2,41.75,0
A,3927,85.61,3.0,6.54,126,noche,seco,1,51.07,0
B,3302,69.86,4.6,5.68,80,tarde,polvoriento,1,37.53,0
A,10165,59.93,4.69,5.61,48,tarde,seco,2,54.34,0
A,4787,78.36,4.29,7.37,231,tarde,seco,1,35.7,0
B,5260,75.49,4.47,6.19,128,manana,seco,2,54.81,0
A,11742,69.23,5.57,7.07,18,manana,seco,3,44.36,0
B,3687,85.93,2.38,4.82,10,tarde,humedo,3,45.78,0
B,2539,66.77,3.83,5.39,108,tarde,polvoriento,3,51.88,0
B,5055,68.51,5.95,6.28,124,tarde,seco,3,51.02,0
A,7936,63.09,3.02,6.9,65,manana,humedo,2,42.91,0
B,6738,63.19,3.84,5.23,78,noche,polvoriento,4,40.0,0
C,1178,62.83,2.0,6.31,93,tarde,polvoriento,1,46.63,0
C,3901,63.82,5.79,,61,tarde,seco,2,53.34,1
B,5761,60.07,4.13,5.6,91,tarde,humedo,1,40.66,0
C,8301,82.07,3.66,6.66,30,manana,polvoriento,2,46.87,0
A,5227,80.58,3.82,5.79,8,manana,seco,4,52.57,0
B,4154,64.83,4.87,5.87,58,manana,seco,1,47.46,0
A,7675,69.19,4.51,6.7,107,manana,seco,3,51.63,0
A,5601,58.6,4.46,5.94,93,tarde,seco,2,50.89,0
A,7593,75.55,3.44,5.46,57,tarde,polvoriento,1,55.3,0
A,6554,69.93,5.38,,51,noche,seco,2,35.28,1
C,7486,80.23,3.3,,110,noche,humedo,5,58.35,0
A,5529,71.78,3.62,6.63,4,tarde,polvoriento,3,42.65,0
B,9019,64.78,2.77,6.24,140,tarde,polvoriento,1,41.82,0
B,6892,65.93,,6.22,52,manana,humedo,4,47.13,0
A,7699,64.69,3.04,5.96,24,tarde,seco,2,36.42,0
A,983,61.85,4.81,6.93,129,tarde,polvoriento,2,37.37,1
B,8758,71.0,4.44,7.14,113,tarde,seco,2,48.19,0
B,7348,76.48,3.86,5.99,86,manana,seco,3,36.43,1
B,6032,74.39,,6.43,170,manana,seco,4,64.62,0
A,2186,71.03,3.56,7.1,137,tarde,humedo,5,38.38,0
B,2862,72.46,3.93,6.81,71,noche,seco,0,50.78,0
B,372,74.0,3.23,6.69,88,noche,seco,3,42.77,1
C,1082,79.11,2.75,7.71,78,tarde,seco,5,58.5,0
C,6021,79.91,2.64,6.52,59,manana,seco,1,48.85,0
B,8084,60.93,4.22,,125,manana,humedo,1,50.57,0
A,7352,59.22,3.83,6.13,117,noche,seco,2,43.75,0
A,8074,59.55,3.96,6.03,27,tarde,humedo,2,53.5,0
B,4532,77.12,4.01,6.41,102,tarde,polvoriento,2,41.55,0
B,5501,92.89,4.7,5.9,194,manana,seco,1,39.17,1
C,6396,73.62,4.54,6.0,33,manana,seco,3,57.55,0
C,3914,58.68,2.48,6.18,124,tarde,seco,2,40.41,0
C,5438,83.99,6.08,5.6,72,noche,humedo,2,45.03,1
C,9467,80.2,4.98,6.88,77,noche,humedo,2,61.83,0
B,4335,87.37,4.59,5.79,9,manana,seco,0,48.9,0
A,6142,53.82,4.68,5.98,62,noche,seco,1,44.21,0
A,5877,65.41,3.6,6.46,63,tarde,humedo,3,33.72,0
A,3960,73.18,2.27,6.21,118,manana,seco,2,47.95,0
A,4972,76.82,4.32,5.94,37,noche,seco,1,47.77,0
B,5475,72.79,3.19,7.14,81,noche,seco,2,59.16,0
A,5129,76.73,,7.01,58,tarde,polvoriento,4,46.32,0
B,8165,60.43,,6.46,124,tarde,seco,3,45.05,1
C,7617,60.12,4.85,6.2,100,noche,seco,0,58.75,0
C,3464,69.83,3.98,5.82,141,tarde,seco,1,46.54,0
A,5981,62.49,4.43,7.71,64,tarde,humedo,3,54.4,0
B,5469,73.15,3.16,7.2,79,noche,seco,2,59.04,0
B,3142,79.66,3.53,,70,tarde,seco,4,33.94,0
B,5006,78.21,2.19,5.45,63,tarde,seco,4,40.98,0
A,2779,82.82,2.4,6.54,150,tarde,polvoriento,1,51.33,0
B,4077,72.25,2.36,7.91,67,manana,seco,3,46.8,0
A,5308,87.84,2.99,,48,noche,seco,0,34.43,0
A,9623,61.82,2.66,,56,manana,humedo,3,40.99,0
C,2614,62.5,4.18,6.57,107,tarde,seco,1,44.43,0
B,3176,70.93,2.56,5.27,87,manana,seco,0,41.68,0
C,7958,76.76,5.91,7.96,90,noche,seco,1,51.54,1
A,5675,64.8,2.5,6.47,38,tarde,humedo,4,50.3,0
A,7506,82.98,5.59,7.48,61,manana,seco,2,37.05,0
C,6817,58.59,5.04,5.3,52,noche,seco,2,58.4,0
A,5599,61.61,3.45,5.92,89,tarde,seco,4,45.88,0
A,5107,71.93,3.81,6.04,98,noche,polvoriento,4,34.82,1
A,7110,79.25,4.64,5.8,105,manana,seco,2,33.01,1
C,4294,78.08,3.81,7.51,113,manana,seco,2,41.47,0
B,9809,55.69,5.33,5.78,134,manana,seco,3,45.12,0
A,3656,70.49,2.85,6.44,70,manana,seco,4,45.12,0
B,4066,55.41,3.36,7.29,118,tarde,seco,2,45.0,0
C,5421,71.18,5.03,6.43,94,manana,humedo,0,41.56,0
C,7440,71.26,3.49,6.82,25,tarde,humedo,0,65.7,0
B,6595,55.7,3.2,5.1,54,manana,humedo,3,45.14,0
A,8019,60.32,3.56,6.35,102,manana,polvoriento,0,47.59,0
B,6821,67.87,4.26,5.74,46,noche,seco,0,49.27,0
C,7535,72.02,5.25,6.14,98,manana,seco,0,47.37,0
A,5307,62.18,4.68,6.26,135,manana,seco,2,41.75,0
A,769,60.92,2.86,5.45,126,tarde,humedo,1,47.3,0
A,4120,73.61,2.75,6.94,96,noche,seco,1,48.2,0
C,5150,80.83,5.19,7.17,78,tarde,polvoriento,1,58.1,0
B,3844,55.48,3.88,6.06,127,manana,seco,3,42.58,0
C,4919,67.94,4.34,6.86,68,tarde,polvoriento,3,58.2,0
A,2662,61.81,2.35,5.91,108,tarde,polvoriento,3,44.12,1
A,5664,71.76,2.38,7.05,47,tarde,,2,48.61,0
B,200,70.24,2.35,5.51,26,noche,seco,0,47.02,0
B,2967,64.08,4.75,5.67,51,noche,seco,0,55.23,0
B,5619,75.2,,,255,manana,seco,2,55.48,0
A,9472,65.62,4.27,6.32,134,manana,seco,0,46.96,0
A,3990,66.89,4.4,7.29,48,noche,seco,4,42.47,1
A,1947,63.49,3.34,6.65,151,manana,polvoriento,0,53.76,0
A,4894,62.93,2.48,6.79,36,noche,polvoriento,2,38.52,0
A,3164,68.32,4.73,5.94,180,noche,seco,1,47.03,0
C,5484,64.98,4.13,5.72,57,manana,seco,1,46.79,0
C,4623,68.66,3.41,5.57,85,manana,seco,4,52.53,0
A,2968,73.37,2.8,5.08,144,tarde,seco,3,41.16,0
B,5325,62.66,4.64,5.39,84,manana,humedo,1,32.96,0
B,6388,69.47,3.56,7.36,199,tarde,polvoriento,4,39.44,0
A,1537,56.95,2.47,6.17,84,noche,seco,3,37.56,0
A,4731,78.35,2.77,6.9,40,tarde,seco,3,36.65,0
B,208,62.75,4.59,6.36,58,tarde,seco,1,37.74,0
A,4694,69.51,2.68,5.91,71,manana,seco,2,50.96,0
A,2801,71.34,3.98,5.73,41,tarde,seco,1,58.88,0
A,3585,86.58,2.92,7.7,186,manana,seco,2,43.41,0
A,4125,78.74,2.87,6.92,139,manana,seco,1,38.75,0
B,5245,68.44,3.25,,53,manana,seco,2,57.3,0
A,4042,66.83,2.95,,97,tarde,humedo,3,57.98,0
A,1755,64.6,2.22,4.34,193,noche,seco,2,23.46,0
A,5296,71.75,4.21,6.68,72,manana,humedo,1,47.95,1
A,4913,65.12,2.59,7.63,103,manana,seco,3,50.74,0
B,5391,73.49,4.12,5.13,124,manana,seco,3,39.05,0
A,4140,81.63,3.75,7.01,130,noche,seco,1,54.4,0
B,6567,58.48,2.32,6.69,124,manana,humedo,0,36.13,0
B,2173,78.58,2.47,4.79,58,tarde,seco,0,44.23,0
B,9048,64.79,2.81,6.29,144,tarde,polvoriento,1,41.7,0
B,6316,67.97,3.56,7.6,65,tarde,seco,3,44.64,0
A,6951,86.56,5.26,5.98,62,noche,humedo,2,42.34,0
A,8196,67.52,3.54,7.28,210,tarde,humedo,1,53.65,0
A,3967,65.71,4.24,6.06,44,tarde,seco,0,26.06,0
C,6721,62.87,5.09,6.34,48,manana,seco,1,53.81,0
A,3103,67.53,4.64,5.95,181,noche,seco,1,46.87,0
A,7979,54.59,4.53,7.03,118,manana,humedo,4,44.62,0
A,4630,70.51,4.41,5.85,101,noche,seco,1,31.67,0
A,5839,89.29,2.91,7.88,100,tarde,seco,1,41.4,0
A,8032,62.41,,6.17,111,noche,seco,3,48.11,0
C,7643,60.89,6.05,5.94,110,manana,humedo,3,48.26,0
A,3821,79.06,3.94,6.35,58,manana,seco,2,53.88,0
C,4997,73.86,4.31,6.64,89,noche,polvoriento,2,40.94,0
C,4662,66.04,4.16,5.47,76,manana,,0,55.27,0
A,12316,70.47,4.7,6.83,104,tarde,polvoriento,5,48.99,0
B,1533,71.04,1.16,6.47,60,tarde,seco,0,40.37,0
B,9017,66.48,2.51,6.92,25,noche,polvoriento,2,42.17,0
B,8059,79.59,3.89,5.85,39,manana,seco,1,51.95,0
C,6562,70.86,5.27,6.2,83,tarde,seco,1,50.76,1
A,5263,68.28,3.77,5.75,10,noche,humedo,2,48.21,0
A,6483,67.42,5.05,7.05,71,tarde,seco,2,43.96,1
B,2237,77.98,3.71,6.31,93,manana,seco,2,37.55,0
A,4279,80.67,3.71,7.3,59,tarde,humedo,2,32.43,0
C,3044,90.64,3.73,6.48,57,tarde,seco,1,53.14,0
A,3364,65.28,3.19,6.51,61,manana,humedo,3,22.75,0
A,4884,76.0,3.71,6.16,31,tarde,seco,1,43.05,1
A,1493,57.41,2.48,6.2,85,noche,seco,3,37.31,0
B,200,60.51,2.8,5.99,42,manana,seco,2,40.63,0
B,5369,73.81,2.78,6.06,36,tarde,polvoriento,1,30.58,0
B,200,70.21,2.42,5.47,30,noche,seco,0,47.2,0
C,5034,63.04,3.12,,83,manana,seco,4,50.22,0
A,5201,61.3,5.06,6.45,59,manana,seco,3,47.74,0
B,200,74.57,3.63,5.26,81,tarde,seco,0,38.26,0
A,4961,55.96,3.34,6.26,89,noche,seco,0,43.81,0
A,6510,68.31,2.7,,124,manana,seco,2,48.48,0
A,7108,73.4,2.38,7.87,74,manana,seco,1,55.23,0
B,6442,78.79,4.19,5.84,203,tarde,humedo,1,36.93,0
A,7517,73.92,3.62,5.52,127,tarde,humedo,3,49.79,0
A,4158,67.44,4.77,6.23,64,manana,seco,1,42.86,0
B,6737,70.09,3.82,6.65,37,noche,seco,1,42.96,0
A,7163,71.76,5.33,7.14,90,tarde,seco,2,49.96,0
B,1235,49.71,2.8,6.67,45,noche,polvoriento,1,44.6,0
B,1174,66.31,3.05,,170,manana,seco,1,47.15,0
A,4846,70.78,4.49,5.82,101,noche,seco,1,32.32,0
B,7584,66.79,3.85,5.53,117,manana,polvoriento,4,47.18,0
B,4389,45.97,2.99,6.21,41,manana,seco,2,50.01,0
A,5609,69.27,2.07,7.07,60,noche,polvoriento,0,49.44,0
B,6668,71.6,5.02,4.79,41,manana,seco,2,50.2,0
A,10079,59.92,4.75,5.62,48,tarde,seco,2,54.63,0
B,3723,60.6,3.49,6.02,168,noche,seco,3,38.96,0
B,7483,75.81,3.26,5.13,108,manana,polvoriento,5,42.72,0
A,3504,47.51,3.23,4.96,90,tarde,seco,0,43.55,0
B,3688,55.78,2.45,4.73,62,tarde,,1,53.08,0
B,3323,68.28,3.55,6.15,179,manana,seco,1,39.0,0
A,742,60.97,2.86,5.39,128,tarde,humedo,1,47.51,0
B,4538,85.02,2.26,7.66,30,tarde,seco,1,45.72,0
B,4111,68.64,2.52,5.05,154,tarde,humedo,1,42.51,0
A,5196,62.25,3.93,6.72,114,noche,seco,1,41.47,0
A,3644,73.91,4.38,7.13,65,noche,humedo,4,50.16,0
A,9106,62.34,2.31,5.68,129,tarde,seco,3,41.78,1
B,9446,67.73,2.03,6.85,45,tarde,seco,2,54.19,0
B,4786,67.0,4.49,4.66,33,noche,seco,3,43.58,0
A,204,83.04,3.93,6.89,65,manana,humedo,0,40.63,0
A,5268,62.63,3.95,6.69,111,noche,seco,1,41.85,0
C,6011,77.45,3.07,7.25,109,tarde,seco,0,41.95,0
A,6689,65.4,4.04,6.03,60,tarde,seco,4,45.34,0
B,4054,62.13,3.78,5.32,43,noche,seco,1,47.26,0
B,5361,50.93,4.37,4.9,155,manana,seco,4,40.96,0
A,7016,62.55,4.76,6.14,23,tarde,polvoriento,3,49.6,0
C,5904,59.75,5.21,6.44,130,manana,polvoriento,5,44.22,0
B,4946,69.89,5.75,4.95,41,manana,humedo,3,36.89,0
C,1073,79.2,2.74,7.7,78,tarde,seco,5,58.34,0
A,4973,57.38,3.94,5.21,154,manana,seco,2,45.17,0
A,7472,77.92,3.31,6.17,169,manana,humedo,2,37.2,0
B,6805,69.17,3.56,7.43,52,noche,seco,13,45.37,0
B,4985,77.27,4.03,6.07,129,manana,polvoriento,2,59.48,0
A,1575,58.11,2.68,7.22,50,tarde,seco,2,35.32,0
B,6364,86.27,2.1,7.1,65,noche,polvoriento,3,45.39,0
A,3803,70.73,2.87,6.2,206,manana,,1,34.7,0
B,9543,49.17,3.61,6.42,112,manana,seco,1,35.87,0
A,7280,85.48,3.64,5.6,27,noche,humedo,1,55.67,0
A,7093,73.48,2.59,7.19,71,manana,polvoriento,2,54.11,0
C,4783,56.75,3.78,6.96,24,tarde,seco,1,61.11,0
B,6076,71.06,3.07,6.65,213,tarde,humedo,0,45.23,1
C,4673,84.63,5.0,6.25,34,noche,humedo,8,59.2,0
B,4963,57.21,4.75,6.48,109,tarde,seco,1,29.05,0
C,4791,71.97,3.37,7.02,108,noche,polvoriento,1,52.88,0
A,5512,71.57,3.6,6.64,5,tarde,polvoriento,3,42.92,0
B,8855,71.5,3.14,6.02,39,tarde,humedo,2,40.52,0
A,5462,73.64,,7.48,146,manana,seco,1,43.62,1
A,4191,62.34,4.26,7.29,53,noche,seco,3,43.82,0
A,3506,61.7,4.17,6.35,75,tarde,seco,3,37.05,0
B,1574,69.8,1.8,6.26,35,manana,humedo,0,42.02,0
A,2528,73.16,4.72,6.74,78,manana,seco,5,40.81,0
C,6002,73.09,5.19,6.5,46,tarde,seco,1,52.93,0
B,8213,60.94,4.09,6.11,68,tarde,seco,2,47.14,0
B,6998,80.01,6.19,6.38,15,tarde,seco,4,53.18,1
A,4135,73.94,4.63,7.16,63,noche,seco,1,46.31,0
A,6034,82.13,4.08,7.34,89,tarde,humedo,1,51.07,0
B,7110,67.65,4.48,6.64,80,tarde,polvoriento,1,30.01,0
A,2550,62.99,3.23,6.64,24,tarde,seco,0,36.6,0
C,3535,72.07,5.32,6.85,175,tarde,seco,2,47.71,0
B,4798,60.3,2.24,6.78,134,manana,seco,4,39.1,1
B,4265,64.28,2.58,5.9,77,tarde,seco,0,29.38,0
A,5403,64.68,3.17,5.11,82,noche,humedo,0,38.61,0
B,5265,73.83,2.85,6.07,34,tarde,polvoriento,1,30.39,0
B,4881,93.26,3.55,5.04,123,tarde,,2,56.16,1
B,3962,70.25,3.14,6.41,167,noche,humedo,2,42.11,0
B,4012,47.66,3.71,5.34,76,noche,polvoriento,0,39.41,0
A,3453,74.31,3.12,5.44,67,manana,humedo,3,54.34,0
A,5156,61.24,4.1,6.56,176,tarde,seco,3,39.12,0
B,6146,71.09,3.09,6.65,213,tarde,humedo,0,44.7,1
A,6035,74.91,3.51,6.48,129,manana,seco,3,39.77,0
A,7903,63.08,5.64,6.87,72,manana,seco,0,40.43,0
B,6385,74.44,,6.46,168,manana,seco,4,64.13,0
C,3612,77.78,5.7,5.16,42,tarde,seco,2,45.83,0
C,5252,79.61,4.86,6.06,75,noche,seco,4,50.02,0
B,6746,67.01,4.48,5.51,73,noche,polvoriento,0,42.62,1
B,7982,62.34,4.2,6.37,34,manana,humedo,4,45.66,0
B,8246,76.34,3.87,5.49,61,tarde,seco,5,35.29,0
B,8798,51.73,4.68,5.37,18,noche,seco,1,43.39,0
C,944,62.8,5.18,7.48,63,manana,seco,3,52.08,0
A,6548,70.9,4.4,7.43,147,tarde,seco,4,58.65,0
A,6981,75.27,3.64,6.07,140,manana,humedo,1,38.87,0
A,4901,69.56,3.74,6.61,178,manana,polvoriento,2,44.28,0
B,7051,71.41,2.39,6.44,30,noche,seco,3,46.33,0
B,3398,58.87,3.35,6.4,74,manana,humedo,3,43.34,0
A,6709,74.75,4.15,5.14,151,manana,humedo,2,44.18,0
B,3571,76.66,2.77,6.49,83,tarde,humedo,3,54.63,0
B,6718,60.47,4.26,5.72,23,tarde,seco,4,48.29,0
A,897,61.76,4.83,6.95,131,tarde,polvoriento,2,37.64,1
A,4276,68.75,2.74,5.09,67,manana,polvoriento,1,41.78,0
C,574,65.59,3.2,6.8,13,tarde,humedo,0,49.19,0
A,8758,70.1,4.07,5.28,72,manana,seco,2,47.92,0
C,7726,82.16,4.98,6.39,113,tarde,humedo,9,50.0,0
A,5842,71.35,2.68,6.12,188,tarde,seco,2,48.3,0
A,4353,69.79,2.59,5.55,238,manana,humedo,1,35.75,0
B,5715,63.81,4.38,8.18,44,tarde,seco,1,48.77,0
A,5737,73.93,0.88,6.79,65,tarde,seco,1,46.74,0
A,4045,73.96,4.6,7.15,65,noche,seco,1,46.49,0
A,5978,60.37,4.4,6.03,98,manana,seco,3,43.47,0
C,1804,71.28,3.48,7.13,115,manana,humedo,2,48.85,0
B,7069,60.65,4.41,6.1,116,tarde,seco,3,40.14,0
B,4257,75.02,4.91,,30,tarde,polvoriento,0,45.93,0
A,1522,65.61,4.22,7.04,80,manana,seco,1,49.51,0
A,7397,59.36,3.81,6.11,118,noche,seco,2,43.66,0
A,4309,69.78,2.66,5.56,238,manana,humedo,1,35.39,0
B,6912,76.83,4.54,6.29,37,noche,polvoriento,1,42.59,0
C,3188,70.8,4.26,7.57,79,noche,humedo,2,47.96,0
B,2591,66.27,3.81,5.35,106,tarde,polvoriento,3,51.72,0
C,5230,79.98,4.85,6.05,75,noche,seco,4,50.02,0
C,4207,57.01,5.64,7.03,129,tarde,humedo,4,60.84,0
B,4548,60.18,6.01,5.41,40,noche,seco,3,47.12,0
A,5192,68.1,3.69,5.75,11,noche,humedo,2,48.29,0
A,6361,82.01,3.15,6.22,198,noche,seco,6,48.35,0
A,7107,78.93,3.59,5.34,85,manana,polvoriento,5,37.73,0
B,9463,56.14,,6.8,54,noche,seco,4,51.47,0
A,3313,63.58,0.46,6.03,76,noche,polvoriento,6,50.21,0
B,5378,68.8,4.07,6.69,123,manana,humedo,4,41.93,0
B,2715,73.58,2.11,6.48,183,tarde,polvoriento,2,34.39,0
B,8289,77.83,3.62,7.31,24,tarde,polvoriento,5,38.75,0
A,4081,65.9,4.82,6.19,71,noche,seco,1,43.67,0
B,4161,71.78,2.36,7.9,68,manana,seco,3,46.48,0
B,3094,64.63,3.43,5.58,86,tarde,polvoriento,4,32.19,0
B,2597,72.72,1.9,5.12,86,tarde,humedo,2,42.54,0
C,5139,82.42,3.62,,172,tarde,seco,0,40.37,0
C,7657,81.92,4.95,6.43,112,tarde,humedo,9,49.27,0
C,5477,71.6,5.92,7.23,134,tarde,seco,1,42.55,1
B,5276,64.58,3.82,,88,noche,humedo,1,41.17,0
B,7491,73.36,5.19,5.43,183,manana,seco,2,45.46,0
B,2598,67.14,4.52,6.07,24,tarde,seco,1,35.52,0
B,5215,59.22,4.61,7.53,127,tarde,humedo,1,53.41,0
C,5962,78.5,6.31,6.73,178,tarde,humedo,2,49.44,0
C,6687,58.36,5.04,5.3,52,noche,seco,2,57.79,0
A,10745,64.52,4.07,7.14,158,tarde,humedo,7,45.55,0
A,5058,69.79,4.64,6.04,25,noche,humedo,2,44.82,0
A,3787,74.32,3.21,5.72,218,manana,humedo,2,51.53,0
A,6404,69.85,5.33,,52,noche,seco,2,35.11,1
A,8947,73.92,4.68,8.0,69,tarde,seco,5,51.55,0
A,5235,74.7,3.92,6.61,140,manana,humedo,3,50.31,0
A,7090,67.15,4.62,6.04,114,manana,humedo,1,51.32,0
A,5582,52.68,2.86,5.53,116,manana,humedo,3,44.94,0
B,4201,72.73,7.09,6.02,102,manana,polvoriento,2,43.34,0
A,8052,59.78,4.96,6.81,42,manana,,0,44.12,1
B,5251,70.06,3.37,5.65,126,tarde,seco,3,48.69,0
A,4633,61.95,3.03,5.98,61,tarde,humedo,3,52.93,0
A,8613,55.73,4.46,5.18,49,manana,seco,4,55.1,0
A,7452,62.88,3.94,5.81,48,manana,polvoriento,0,49.24,0
B,6305,82.88,5.88,7.19,61,tarde,seco,1,48.26,0
B,1470,73.9,3.05,5.97,98,tarde,polvoriento,1,42.42,0
A,5922,67.27,4.1,8.26,48,manana,seco,1,38.95,0
A,3930,66.9,4.74,7.46,126,manana,seco,3,55.9,0
A,7323,64.77,6.02,5.89,139,tarde,humedo,0,47.09,0
B,6715,67.14,5.05,6.62,166,noche,polvoriento,3,51.25,0
A,5264,74.25,3.94,6.64,137,manana,humedo,3,50.02,0
A,3633,74.23,4.38,7.16,63,noche,humedo,4,50.22,0
B,4593,64.09,2.74,5.37,19,noche,polvoriento,7,40.19,0
B,1276,64.31,2.6,5.94,87,manana,seco,1,48.85,0
B,5062,78.11,3.45,6.65,51,noche,humedo,1,48.18,0
A,7184,78.46,4.9,7.04,89,noche,seco,2,52.62,0
C,8075,83.02,4.23,6.0,141,tarde,seco,3,47.63,0
A,2764,59.75,3.24,7.58,60,manana,humedo,1,47.27,0
B,7833,65.85,4.24,5.57,133,tarde,seco,1,51.27,0
A,5634,73.07,4.97,7.17,16,tarde,seco,1,35.38,0
A,4201,67.36,3.55,7.89,13,manana,seco,6,41.08,0
A,5978,65.54,3.91,6.38,87,noche,polvoriento,4,47.78,0
A,6660,75.69,3.73,5.68,139,manana,seco,4,46.57,0
B,4920,79.24,5.79,6.53,46,tarde,seco,1,52.11,0
B,6290,68.08,3.58,7.61,64,tarde,seco,3,44.62,0
B,2679,69.24,3.63,6.14,205,tarde,seco,3,42.19,0
C,6001,78.56,6.24,6.69,179,tarde,humedo,2,49.4,0
A,6724,63.27,3.5,6.78,19,tarde,seco,2,52.3,1
A,200,58.02,3.49,5.64,28,manana,seco,1,50.1,0
A,6501,61.21,3.77,6.37,103,tarde,seco,0,39.12,0
A,4684,61.64,3.72,6.62,82,tarde,seco,1,42.43,0
B,7101,68.94,3.63,7.43,58,noche,seco,13,45.37,0
A,5014,70.94,1.51,7.34,68,tarde,humedo,1,44.49,0
A,4407,65.84,2.97,6.62,61,tarde,seco,1,49.05,0
B,217,67.24,3.55,5.32,100,noche,seco,2,45.64,0
B,5472,66.65,4.57,6.47,124,noche,humedo,1,41.75,0
A,4186,63.89,3.49,6.41,138,tarde,seco,4,51.25,0
A,4217,50.78,4.83,6.71,32,tarde,seco,2,51.35,0
B,5549,62.76,,5.28,76,manana,seco,6,41.46,0
A,2639,69.15,4.68,7.31,55,noche,seco,0,38.61,0
B,8099,62.13,4.14,6.35,31,manana,humedo,4,45.84,0
B,7657,69.17,4.17,7.25,33,manana,,4,43.42,0
C,3597,73.11,3.19,5.89,106,tarde,seco,0,54.78,0
A,5702,61.28,4.03,7.22,101,tarde,seco,1,28.7,1
C,4388,85.06,1.15,6.56,113,manana,humedo,0,40.91,0
C,3438,58.57,4.42,7.37,43,manana,seco,1,53.86,0
B,2073,55.89,3.01,6.22,28,tarde,polvoriento,0,52.71,0
A,2305,72.89,3.78,6.09,88,manana,seco,3,39.58,0
C,4474,82.73,3.58,6.43,50,tarde,polvoriento,4,67.66,0
A,5044,71.74,3.81,6.03,102,noche,polvoriento,4,34.62,1
A,5933,80.9,5.0,6.8,85,manana,polvoriento,1,49.78,0
A,5564,71.08,4.52,6.67,144,manana,seco,1,47.38,0
A,6964,63.66,2.74,5.82,88,noche,humedo,1,53.86,0
C,7313,77.11,4.42,6.04,148,tarde,polvoriento,3,65.35,0
A,5683,71.51,2.41,7.0,47,tarde,,2,48.2,0
A,9583,59.0,3.76,5.57,50,manana,,4,36.41,0
C,2477,59.67,3.97,7.31,23,tarde,humedo,1,50.75,0
C,8514,78.09,4.83,6.05,237,tarde,seco,3,44.81,1
A,10102,59.73,4.79,5.59,47,tarde,seco,2,54.95,0
A,7023,56.48,3.9,5.38,18,noche,seco,4,44.26,0
A,5207,67.85,3.37,6.07,188,tarde,seco,0,43.39,0
A,7250,74.88,3.35,5.52,168,manana,seco,3,56.24,1
A,200,74.95,2.34,7.14,80,tarde,polvoriento,2,52.24,0
B,3624,66.42,3.8,6.87,71,tarde,seco,2,41.63,0
A,5582,81.69,2.72,5.6,170,tarde,humedo,1,45.17,0
A,2286,71.95,4.36,8.04,98,manana,humedo,1,31.17,0
A,2821,67.08,3.49,7.08,95,tarde,polvoriento,2,45.05,0
C,971,66.66,4.17,7.44,195,manana,seco,2,50.35,0
B,4558,69.82,4.41,6.27,81,tarde,polvoriento,1,58.52,0
A,4452,72.45,4.12,7.63,154,tarde,seco,2,44.02,1
B,6096,72.45,2.95,6.06,53,noche,polvoriento,7,29.17,1
A,3005,79.03,4.59,6.73,42,tarde,humedo,1,52.67,0
A,8861,64.72,3.05,7.08,50,manana,seco,2,40.12,0
B,11349,75.58,5.16,5.46,126,noche,humedo,5,35.45,1
A,8190,71.83,3.84,6.04,42,noche,humedo,3,50.47,0
A,881,45.37,2.33,6.5,83,tarde,seco,1,40.53,0
B,7685,65.74,4.44,4.83,84,tarde,polvoriento,6,44.39,1
B,313,73.0,2.67,5.76,94,manana,seco,0,40.53,0
C,5738,69.16,3.93,6.11,62,manana,seco,1,59.28,0
A,2569,79.08,4.84,6.26,80,tarde,seco,1,45.2,0
C,3481,58.43,4.41,7.4,42,manana,seco,1,53.65,0
A,807,69.11,2.57,5.96,95,manana,seco,1,46.76,0
C,958,76.87,4.48,7.38,128,tarde,seco,0,44.29,0
B,5603,70.3,3.94,6.05,49,tarde,humedo,4,35.8,0
A,7489,82.63,5.56,7.49,61,manana,seco,2,36.23,0
A,2644,77.06,2.46,6.07,42,manana,humedo,0,49.02,0
A,2828,66.16,1.1,5.42,74,manana,humedo,3,45.57,0
B,3540,58.02,4.24,5.58,168,manana,seco,3,43.24,0
B,6450,57.17,3.96,6.91,35,manana,seco,2,49.44,0
A,6548,78.79,,6.13,79,noche,polvoriento,0,41.28,0
A,5439,68.2,4.29,6.88,173,tarde,seco,2,58.7,0
B,6448,58.38,2.31,6.72,122,manana,humedo,0,35.5,0
A,3813,85.29,2.99,6.55,129,noche,seco,1,51.56,0
A,2891,57.62,3.71,5.71,32,manana,seco,5,38.47,0
B,7602,68.93,4.98,6.06,44,tarde,seco,1,49.88,0
B,4093,55.18,3.3,7.27,117,tarde,seco,2,44.67,0
B,2676,72.95,2.19,6.48,186,tarde,polvoriento,2,34.91,0
C,5714,76.5,4.56,5.56,34,manana,polvoriento,2,35.87,0
B,2640,77.47,1.91,6.53,83,tarde,seco,1,42.09,0
A,5574,83.09,2.77,7.26,120,noche,seco,4,46.95,0
A,6579,88.3,2.22,5.74,70,tarde,humedo,6,41.7,0
A,1931,69.07,2.26,8.07,69,tarde,seco,2,42.68,0
A,4036,68.35,1.55,6.08,92,noche,seco,1,40.68,0
B,4738,86.81,4.1,6.57,80,noche,polvoriento,0,41.94,0
B,5765,73.08,5.45,5.49,16,tarde,seco,0,50.83,0
A,6621,59.22,6.21,6.81,80,noche,seco,4,49.64,0
A,5759,71.48,2.81,6.09,199,noche,seco,1,40.78,1
C,7603,82.02,4.99,6.43,111,tarde,humedo,9,49.44,0
A,5627,67.12,2.91,6.78,36,manana,seco,1,49.54,0
B,5157,85.14,2.82,5.85,111,manana,humedo,3,38.33,0
A,5961,52.6,,,69,manana,humedo,3,43.55,0
C,4945,68.07,4.22,6.12,84,manana,seco,4,48.51,0
A,5019,69.58,3.71,6.57,179,manana,polvoriento,2,43.95,0
C,6293,70.1,4.75,5.51,54,manana,humedo,2,59.05,0
A,3499,65.97,2.56,7.16,67,manana,seco,3,35.19,0
B,5306,81.66,5.07,6.33,68,manana,humedo,2,49.23,0
B,7158,73.95,3.32,5.33,62,manana,humedo,0,35.85,0
A,2201,84.12,3.82,5.94,79,manana,seco,1,40.35,0
A,3014,74.41,2.81,7.32,158,noche,humedo,3,45.55,0
A,3515,47.28,3.3,4.98,92,tarde,seco,0,43.34,0
A,2311,83.61,4.02,6.81,72,manana,seco,1,38.95,0
C,5045,72.29,4.25,6.34,37,noche,polvoriento,2,55.66,0
B,4857,67.68,4.48,4.66,32,noche,seco,3,43.79,0
A,2498,64.9,4.63,7.37,33,manana,seco,3,53.19,0
B,6192,69.78,5.05,5.9,178,tarde,seco,2,40.43,1
C,7050,74.89,4.4,6.29,160,manana,polvoriento,0,59.18,0
A,3861,68.32,3.3,6.68,114,noche,polvoriento,0,30.35,0
A,7419,64.08,3.78,6.23,49,noche,humedo,2,43.7,0
B,5774,58.51,4.67,4.46,19,noche,seco,3,57.65,0
A,7119,75.83,4.23,6.43,110,tarde,,1,52.51,0
B,8950,66.79,2.47,6.93,27,noche,polvoriento,2,41.53,0
A,6580,67.76,3.74,5.43,50,noche,polvoriento,3,37.34,0
C,5592,92.19,5.34,6.27,69,manana,polvoriento,1,58.22,0
A,4611,67.27,2.87,6.5,31,noche,humedo,2,49.04,0
B,1546,79.17,4.18,6.16,150,noche,seco,1,50.15,0
A,2027,64.52,2.77,7.12,228,noche,seco,3,47.9,0
B,3399,59.91,4.81,5.94,56,tarde,seco,4,46.17,0
A,5687,86.39,4.38,6.7,65,manana,seco,2,51.63,1
B,4402,45.56,3.01,6.2,41,manana,seco,2,49.75,0
A,7802,65.15,3.07,5.92,22,tarde,seco,2,36.11,0
C,1261,74.44,4.83,6.81,196,noche,seco,1,48.92,1
A,5863,73.39,0.89,6.76,64,tarde,seco,1,47.23,0
B,4807,57.48,4.74,6.5,105,tarde,seco,1,29.23,0
C,6942,75.61,3.12,8.29,85,tarde,polvoriento,2,55.15,0
C,6348,74.17,4.14,6.33,17,noche,seco,0,50.31,0
B,4747,72.86,3.39,6.46,74,tarde,seco,2,48.4,0
A,5229,75.6,4.07,,111,noche,humedo,3,36.46,1
B,1648,63.29,3.06,4.88,208,manana,seco,3,45.24,0
A,3995,65.0,2.74,6.85,67,manana,polvoriento,1,54.62,0
C,3621,67.38,4.79,6.83,31,manana,polvoriento,3,59.87,0
B,6045,68.01,3.25,5.13,109,manana,seco,1,35.84,0
A,8384,70.7,4.51,,46,tarde,seco,0,29.46,0
A,5359,81.72,1.4,6.02,79,noche,seco,2,48.68,0
C,2373,67.46,5.18,8.6,151,manana,seco,0,48.78,0
A,1986,71.21,2.25,,86,tarde,seco,1,35.25,0
A,5416,82.96,2.83,7.27,121,noche,seco,4,47.33,0
B,6168,57.81,3.08,6.26,162,noche,seco,3,38.42,0
A,1976,81.11,,4.51,35,noche,seco,0,54.99,0
A,4282,56.76,4.0,5.77,45,tarde,polvoriento,1,33.62,0
B,5233,62.32,5.83,5.69,91,manana,seco,2,46.44,0
A,11247,70.37,3.7,5.75,101,tarde,polvoriento,3,41.14,0
B,8157,71.19,,6.29,36,noche,seco,1,34.94,0
A,2676,75.77,4.15,6.96,13,tarde,seco,1,50.48,0
C,8655,98.75,5.33,5.5,146,manana,humedo,1,49.71,0
C,7606,81.69,4.98,6.46,111,tarde,humedo,9,49.59,0
A,4114,67.13,3.53,7.9,12,manana,seco,6,40.86,0
B,4367,74.56,3.48,5.32,88,manana,seco,0,37.98,0
C,6352,66.5,4.67,7.48,74,manana,polvoriento,2,66.2,0
B,7546,69.63,3.63,6.58,66,manana,seco,5,46.81,1
C,2774,66.02,3.53,6.66,103,tarde,seco,6,51.62,0
A,3068,74.46,2.87,7.3,157,noche,humedo,3,45.92,0
C,444,69.91,3.98,6.24,66,noche,polvoriento,1,48.73,0
A,5358,64.91,3.68,5.76,104,tarde,seco,3,59.47,0
A,1416,65.12,4.95,7.08,68,manana,seco,0,55.08,0
A,4556,62.83,3.0,,25,noche,polvoriento,3,54.6,0
A,4732,67.59,3.65,5.8,90,manana,seco,2,48.9,0
B,5139,68.66,5.96,6.27,126,tarde,seco,3,51.11,0
B,3587,60.74,4.22,5.7,36,tarde,seco,1,57.02,0
A,7148,78.81,3.53,5.37,85,manana,polvoriento,5,38.08,0
A,2720,65.94,1.08,5.43,73,manana,humedo,3,45.33,0
A,3865,70.52,4.36,6.72,147,manana,polvoriento,2,52.72,0
A,200,64.02,2.05,6.75,93,noche,seco,1,43.98,0
A,6951,78.61,3.5,5.35,86,manana,polvoriento,5,37.84,0
A,4860,56.19,3.39,6.38,137,manana,seco,2,39.88,0
C,6251,72.1,4.07,5.7,16,noche,seco,1,55.29,0
A,7202,64.34,4.79,6.0,64,manana,polvoriento,3,37.34,0
A,5234,59.64,5.2,6.35,47,noche,polvoriento,0,43.43,0
B,5094,63.85,2.85,5.59,79,noche,seco,0,32.44,0
C,5082,81.94,3.67,,172,tarde,seco,0,40.41,0
B,6205,69.12,4.97,5.02,119,manana,humedo,2,40.27,0
C,2458,68.05,2.52,6.83,11,tarde,seco,4,52.1,0
B,5676,89.28,3.63,6.11,118,tarde,seco,1,45.3,0
A,2024,68.67,3.32,7.23,122,tarde,seco,3,43.18,0
B,7235,76.5,4.82,6.21,69,tarde,polvoriento,0,42.96,0
C,4680,56.76,3.77,6.95,21,tarde,seco,1,60.51,0
A,5441,63.74,4.49,5.75,85,manana,seco,2,58.08,0
B,2282,68.68,3.84,5.72,90,noche,polvoriento,0,40.85,0
C,2763,54.64,5.33,5.86,65,tarde,seco,1,50.21,0
A,4936,76.68,3.53,6.82,59,manana,humedo,3,35.04,0
A,3173,62.97,4.08,5.82,49,manana,seco,1,51.9,0
A,2940,78.0,4.52,6.52,47,tarde,polvoriento,0,44.91,0
A,200,55.33,2.73,6.19,234,tarde,seco,1,41.53,1
C,6579,67.05,2.77,6.47,172,tarde,seco,2,49.94,0
C,4493,83.21,3.4,7.65,44,noche,seco,1,49.74,0
C,7928,65.4,5.38,7.19,32,noche,humedo,2,56.39,0
C,7608,70.09,3.33,6.91,77,noche,seco,1,57.38,0
A,3781,63.71,3.83,6.8,92,noche,humedo,5,41.52,0
C,4654,85.35,4.75,5.39,88,manana,seco,2,55.53,0
A,4201,63.99,3.5,6.41,137,tarde,seco,4,50.89,0
A,5312,67.68,3.65,5.81,77,noche,humedo,1,45.35,0
A,2113,66.92,3.58,,101,manana,seco,1,42.61,0
C,7472,77.24,4.43,6.01,145,tarde,polvoriento,3,65.13,0
A,6041,69.64,2.51,7.33,140,tarde,seco,3,42.07,0
A,5628,71.62,2.39,7.07,48,tarde,,2,48.87,0
A,2800,58.67,5.86,5.45,35,noche,polvoriento,3,47.05,0
A,2147,61.23,3.11,5.99,81,tarde,humedo,3,41.31,0
B,4568,64.12,2.66,5.34,20,noche,polvoriento,7,40.3,0
B,2365,71.08,4.0,5.12,104,tarde,humedo,0,55.97,0
A,6863,74.42,4.25,6.01,49,tarde,,2,54.44,0
A,4581,67.85,3.68,5.39,94,manana,seco,1,48.14,0
B,5248,62.78,5.87,5.71,92,manana,seco,2,46.27,0
C,5852,78.77,,6.8,133,tarde,polvoriento,1,48.87,0
B,1393,71.31,1.17,6.46,60,tarde,seco,0,40.43,0
B,1551,66.6,5.01,6.83,90,tarde,seco,0,51.67,0
B,2519,63.47,4.23,5.88,235,noche,polvoriento,0,51.74,0
C,6303,60.81,5.69,,29,manana,seco,3,55.88,0
C,8263,66.69,4.91,4.49,91,tarde,seco,2,58.33,0
B,8006,75.05,3.71,6.25,122,manana,humedo,6,37.47,0
A,200,67.16,3.02,7.24,69,noche,humedo,2,41.23,0
C,5142,58.9,5.06,6.19,34,tarde,polvoriento,1,65.76,0
A,8466,52.62,4.68,6.44,152,tarde,seco,1,40.27,0
B,4811,71.13,2.93,6.43,106,manana,seco,1,53.24,0
B,6569,56.08,3.2,5.09,50,manana,humedo,3,44.87,0
B,6551,69.04,3.45,5.0,78,tarde,seco,4,48.12,0
A,2352,68.25,4.19,7.44,71,manana,polvoriento,0,52.27,0
B,3241,60.51,2.28,5.92,94,tarde,seco,4,41.28,0
B,7085,71.42,3.31,6.85,55,noche,seco,0,46.25,0
C,9626,71.84,5.29,6.49,137,tarde,seco,2,50.07,1
C,4298,82.41,4.35,6.82,44,tarde,humedo,3,39.66,0
B,5942,85.18,4.51,,86,manana,seco,4,47.04,0
B,5458,72.49,3.24,7.13,82,noche,seco,2,58.91,0
A,2512,61.92,4.43,6.37,68,tarde,humedo,3,55.58,0
C,4922,66.2,3.8,5.66,80,manana,polvoriento,3,40.1,0
C,7074,77.73,3.4,6.62,53,manana,seco,0,53.79,0
B,7527,63.43,4.41,6.75,38,manana,polvoriento,1,42.27,0
B,7243,58.86,2.2,5.57,127,tarde,humedo,0,37.79,0
A,3316,63.08,3.43,,94,manana,seco,1,35.98,0
B,4349,64.6,1.88,6.19,31,tarde,seco,1,42.49,0
A,7036,71.47,3.37,6.15,104,noche,seco,3,47.23,0
A,5602,53.61,2.29,6.85,111,manana,polvoriento,2,32.94,0
A,4396,75.59,3.44,6.94,128,noche,humedo,1,48.75,0
B,3904,61.97,2.87,6.46,52,noche,seco,2,42.01,0
B,5960,60.12,4.6,5.84,165,noche,polvoriento,1,52.29,0
C,1468,70.53,3.59,,39,noche,humedo,5,42.64,0
B,4915,57.33,5.19,7.88,25,noche,seco,3,49.31,0
A,5485,68.43,4.41,6.8,54,tarde,humedo,3,37.83,0
B,3928,53.6,3.42,7.6,61,noche,seco,3,35.15,0
A,7524,75.65,3.42,5.47,57,tarde,polvoriento,1,55.44,0
A,1236,60.66,5.0,,54,manana,seco,0,26.69,0
A,4674,48.46,3.0,6.29,34,manana,seco,3,47.73,0
A,3946,72.83,1.98,5.46,92,manana,seco,3,48.03,0
C,5420,78.36,4.55,6.77,73,noche,seco,1,60.99,0
B,6393,63.09,3.8,6.21,78,tarde,seco,4,42.96,0
C,2192,90.16,5.47,6.06,90,noche,seco,1,46.53,0
B,6154,57.18,3.08,6.28,162,noche,seco,3,38.47,0
B,5109,69.62,5.35,5.47,94,tarde,humedo,2,44.65,0
C,6173,85.88,5.29,7.02,77,manana,seco,2,50.76,0
A,5993,87.34,3.45,7.24,77,tarde,polvoriento,1,32.0,0
A,4394,74.89,4.28,7.15,74,noche,humedo,5,39.39,0
A,1972,71.62,3.76,5.95,48,noche,humedo,0,54.76,0
B,4415,73.61,3.37,5.95,75,manana,seco,2,49.08,0
C,5298,67.98,3.54,6.47,101,manana,polvoriento,1,53.08,0
B,4965,69.8,3.89,,32,manana,polvoriento,5,44.07,0
A,3276,48.18,3.83,5.14,63,manana,polvoriento,3,45.73,0
A,3649,71.94,3.83,6.49,54,manana,seco,1,51.64,0
A,5906,74.12,4.52,5.52,100,tarde,seco,4,41.99,0
B,11734,66.23,2.2,6.69,300,tarde,seco,7,40.87,0
A,5001,69.0,3.6,6.18,91,manana,polvoriento,5,34.37,0
B,200,67.49,3.56,5.34,99,noche,seco,2,45.69,0
A,5731,71.23,2.43,7.09,49,tarde,,2,48.84,0
A,7317,72.49,4.09,7.28,83,manana,polvoriento,2,47.97,0
A,3886,72.69,3.48,7.25,53,noche,seco,2,47.79,0
B,7205,66.66,5.32,7.32,133,tarde,seco,3,45.18,0
C,5297,81.78,4.66,5.41,90,manana,humedo,4,46.24,0
B,6660,68.67,3.31,6.0,67,tarde,polvoriento,3,45.17,0
B,1138,58.25,1.8,5.77,118,noche,polvoriento,3,57.4,0
A,3803,49.41,2.75,5.89,29,manana,seco,3,31.81,0
A,6062,74.38,3.67,5.31,67,manana,seco,1,57.3,0
A,3475,65.48,4.44,7.4,71,manana,seco,2,53.17,0
C,8265,70.32,3.69,5.25,65,noche,seco,3,56.68,0
B,7509,76.86,3.82,5.6,193,tarde,humedo,7,51.14,0
A,5705,71.05,4.52,6.64,147,manana,seco,1,47.36,0
A,2938,65.94,3.13,5.37,83,manana,seco,3,32.8,0
B,3713,70.09,3.82,6.0,100,noche,humedo,2,44.4,0
C,933,62.62,5.2,7.45,65,manana,seco,3,51.82,0
B,1531,71.5,4.11,6.53,113,manana,seco,3,41.74,0
B,2430,64.6,3.47,5.65,102,tarde,seco,3,56.25,0
A,1024,78.12,4.2,6.68,12,noche,seco,2,44.09,0
B,7015,61.04,4.42,6.06,115,tarde,seco,3,40.19,0
B,7480,48.51,5.17,5.91,156,manana,polvoriento,1,53.88,0
A,1656,68.43,3.88,6.98,11,noche,humedo,2,37.28,0
B,2351,53.43,3.89,6.58,65,manana,humedo,3,41.33,0
A,3475,68.36,3.01,6.34,81,tarde,seco,1,38.55,0
A,5546,64.75,2.52,6.48,39,tarde,humedo,4,50.36,0
A,8054,59.43,3.96,6.04,28,tarde,humedo,2,53.5,0
B,3284,70.52,4.25,6.63,20,manana,seco,2,41.05,0
B,7246,69.74,3.7,5.11,166,manana,polvoriento,2,44.82,0
A,2652,62.03,2.36,5.94,111,tarde,polvoriento,3,44.01,1
B,9018,57.43,3.66,4.94,50,noche,humedo,2,56.95,0
A,3212,68.53,3.81,6.96,88,manana,seco,1,45.59,0
B,6109,53.19,4.81,6.15,68,tarde,seco,2,50.47,1
A,6385,58.69,4.88,6.96,70,tarde,humedo,4,53.65,0
B,6889,67.98,4.3,5.77,47,noche,seco,0,49.05,0
A,4975,63.94,3.4,6.28,83,manana,humedo,1,41.93,0
C,9308,71.06,3.4,,42,noche,seco,3,57.78,0
B,7795,80.41,4.33,6.09,82,tarde,seco,5,57.63,0
A,9237,81.09,5.45,5.29,95,noche,seco,6,42.12,1
A,2956,66.01,1.06,5.39,75,manana,humedo,3,45.42,0
B,5638,60.17,3.67,6.52,161,manana,seco,1,42.44,0
B,6619,68.92,3.49,4.99,77,tarde,seco,4,47.82,0
C,7077,70.43,3.9,6.36,67,tarde,humedo,2,47.9,0
B,1922,65.52,3.52,7.6,94,manana,seco,2,44.49,0
C,1986,62.4,,6.28,162,manana,humedo,1,41.36,0
B,4844,67.04,6.5,5.65,130,manana,seco,1,36.17,0
A,4848,69.28,3.61,6.18,92,manana,polvoriento,5,34.41,0
A,11142,70.12,3.63,5.75,102,tarde,polvoriento,3,41.44,0
A,5286,52.83,4.9,6.62,117,tarde,seco,3,49.65,0
B,6459,63.13,4.54,6.12,80,manana,humedo,3,50.27,0
B,4576,84.13,4.22,6.38,55,tarde,seco,3,44.08,0
B,8643,81.36,3.51,5.89,80,noche,humedo,1,58.25,0
B,4611,68.99,3.98,6.4,50,noche,humedo,3,39.85,0
A,5034,57.83,3.96,5.23,157,manana,seco,2,45.02,0
A,4391,75.03,5.88,6.8,79,manana,seco,2,45.61,1
B,5904,75.28,1.61,6.71,39,manana,seco,2,45.72,0
C,4881,61.66,3.19,6.23,180,manana,polvoriento,1,47.51,0
A,7831,72.75,3.55,5.69,55,noche,seco,0,39.18,0
B,6822,62.44,1.22,7.12,128,manana,seco,3,31.18,0
B,4712,71.6,1.89,6.41,120,noche,polvoriento,2,51.74,0
A,3913,49.19,2.73,5.94,30,manana,seco,3,31.81,0
C,8579,73.76,3.7,7.31,94,tarde,polvoriento,2,40.51,0
B,5567,68.31,4.64,5.23,201,tarde,humedo,2,43.24,0
B,200,60.11,2.72,5.98,42,manana,seco,2,41.09,0
C,8038,74.37,4.24,7.11,54,noche,seco,2,45.58,0
C,6901,89.56,4.86,6.2,160,tarde,humedo,6,52.26,0
C,5214,76.58,3.9,7.07,57,tarde,humedo,1,42.14,0
C,4339,68.16,4.56,6.2,94,manana,seco,1,49.54,0
A,4813,56.19,4.24,5.94,193,manana,humedo,3,48.73,0
A,959,77.79,4.16,6.64,12,noche,seco,2,44.01,0
C,200,77.1,2.55,6.01,29,tarde,humedo,2,53.82,0
A,6392,68.25,2.71,,123,manana,seco,2,48.71,0
C,200,78.56,2.17,6.54,120,noche,seco,1,51.15,0
B,5147,75.12,2.42,7.53,109,noche,seco,0,45.45,0
B,8162,53.07,4.69,5.44,59,noche,seco,1,33.33,0
C,2803,70.66,4.69,5.73,99,manana,humedo,2,64.03,0
A,3803,70.17,3.52,6.8,61,manana,humedo,1,35.16,0
A,6686,70.74,6.05,5.26,56,noche,humedo,4,35.73,0
A,8079,54.49,4.51,7.04,118,manana,humedo,4,44.54,0
A,4662,66.59,4.35,7.18,84,manana,seco,1,48.35,0
A,4449,66.18,2.25,5.67,37,manana,seco,1,48.82,0
B,4376,55.71,3.06,5.95,48,manana,seco,7,46.24,0
A,5659,63.41,5.47,5.74,21,manana,seco,1,50.17,0
A,6009,64.74,3.13,5.45,39,manana,seco,1,46.88,0
B,8310,47.45,2.33,5.4,25,manana,seco,2,40.54,0
B,2734,55.1,2.78,6.0,163,noche,seco,0,46.91,0
A,2526,68.14,4.21,7.58,15,manana,seco,0,40.31,0
C,3280,75.99,2.85,6.8,97,tarde,humedo,2,51.82,0
B,4580,60.54,5.98,5.41,37,noche,seco,3,47.16,0
A,8669,66.91,2.95,6.1,165,noche,humedo,4,45.16,0
B,8067,75.21,3.75,6.23,122,manana,humedo,6,37.26,0
A,4372,59.89,4.56,6.75,97,tarde,seco,2,53.93,0
C,2010,74.21,2.16,6.14,70,noche,seco,3,52.4,0
A,3792,74.44,3.22,5.7,218,manana,humedo,2,51.84,0
A,4144,64.75,4.24,6.26,115,tarde,seco,3,57.74,0
B,7836,64.85,3.89,6.38,53,tarde,seco,3,42.31,0
A,6009,65.49,3.64,6.4,67,tarde,humedo,3,33.95,0
A,2913,67.84,3.9,5.66,56,noche,polvoriento,0,37.7,0
C,4858,68.34,4.35,6.86,70,tarde,polvoriento,3,58.27,0
A,5626,64.46,,6.22,89,tarde,,4,37.51,0
B,5408,66.34,2.49,5.82,55,manana,humedo,1,52.49,0
B,5867,78.63,2.99,5.14,93,noche,humedo,3,45.89,0
B,1253,71.43,1.15,6.44,60,tarde,seco,0,40.56,0
B,9545,49.54,3.62,6.47,115,manana,seco,1,35.82,0
B,4771,63.08,2.05,5.21,16,manana,seco,4,53.01,0
A,6457,67.9,3.69,5.46,50,noche,polvoriento,3,36.94,0
B,4940,73.23,5.23,6.38,22,tarde,humedo,0,37.64,0
A,6149,72.64,2.55,5.95,101,tarde,humedo,1,38.31,0
A,2391,66.8,3.35,6.54,135,noche,seco,1,50.7,0
C,3195,70.34,3.45,7.19,53,manana,polvoriento,0,55.49,0
B,7822,76.72,3.56,6.13,136,tarde,humedo,2,38.78,0
A,6307,70.49,3.9,7.14,211,tarde,humedo,1,48.31,0
A,4761,56.11,4.25,5.94,192,manana,humedo,3,48.65,0
B,5908,69.29,4.17,5.91,95,noche,seco,3,33.75,0
A,4494,65.64,3.15,6.16,74,tarde,seco,3,43.38,1
B,2978,58.52,4.59,7.11,116,manana,humedo,1,41.07,0
B,8134,60.92,4.2,,125,manana,humedo,1,50.89,0
B,5867,66.61,4.61,6.09,221,manana,humedo,2,48.15,0
B,5149,64.61,,6.2,45,tarde,seco,0,49.69,0
A,2901,75.43,5.86,6.45,165,tarde,humedo,2,42.65,0
B,4638,66.14,3.47,6.3,282,tarde,seco,2,53.35,0
C,4431,73.33,,5.52,80,tarde,seco,2,56.0,0
A,5880,74.12,0.86,6.8,65,tarde,seco,1,47.08,0
A,5980,66.09,3.75,7.07,119,manana,seco,1,43.17,0
A,4762,74.24,4.42,,53,manana,humedo,1,50.2,0
C,4314,78.36,3.83,7.5,116,manana,seco,2,41.53,0
A,200,83.39,3.88,6.88,70,manana,humedo,0,40.84,0
B,304,73.58,2.14,7.12,198,manana,humedo,1,40.58,0
C,4741,58.94,4.75,7.56,117,manana,seco,1,48.6,0
B,2668,69.26,3.71,6.17,207,tarde,seco,3,42.54,0
C,7151,64.27,5.17,6.46,59,manana,seco,4,67.63,0
B,5362,72.4,2.62,7.13,28,noche,seco,3,48.2,0
A,2457,66.25,3.33,6.54,138,noche,seco,1,50.62,0
B,8263,65.86,3.45,5.9,51,tarde,seco,1,47.97,0
A,8399,49.1,4.53,6.98,146,manana,seco,2,40.6,0
B,8083,60.71,3.85,7.07,93,tarde,seco,4,34.69,1
B,422,63.27,5.01,5.98,180,tarde,seco,1,54.65,0
C,6162,79.78,2.66,6.52,61,manana,seco,1,49.03,0
B,1809,59.73,3.16,7.2,34,noche,humedo,3,40.42,0
A,7592,62.31,2.92,6.75,61,noche,humedo,4,50.1,0
C,7390,74.4,3.5,6.71,120,manana,seco,6,55.5,0
A,5450,73.19,4.57,7.02,70,tarde,seco,1,45.81,0
A,4660,67.12,2.91,6.48,33,noche,humedo,2,48.93,0
A,8264,71.53,3.75,6.09,41,noche,humedo,3,49.84,0
B,2203,69.75,2.85,5.81,48,manana,humedo,1,47.61,0
C,2070,81.03,4.57,5.24,87,tarde,seco,2,71.35,0
A,3200,60.61,3.06,7.16,132,tarde,seco,0,31.19,0
A,2678,73.58,3.59,6.04,67,manana,humedo,0,56.8,0
C,3655,79.13,6.37,5.56,38,noche,seco,2,40.99,0
A,2823,72.93,3.33,5.07,128,noche,seco,2,36.86,0
A,10017,79.2,6.2,6.92,70,tarde,humedo,3,59.7,1
C,4761,58.93,4.7,7.56,115,manana,seco,1,48.68,0
A,7773,69.39,4.47,7.34,64,tarde,seco,0,53.72,0
C,3581,67.22,4.73,6.84,31,manana,polvoriento,3,59.88,0
B,5919,60.97,5.07,7.08,166,manana,seco,0,46.73,0
A,2493,64.02,4.1,5.16,55,noche,polvoriento,4,45.38,0
B,5401,50.69,4.39,4.92,157,manana,seco,4,40.73,0
A,7743,78.23,2.55,6.36,79,tarde,seco,0,41.46,0
A,3000,64.04,4.06,5.89,47,noche,seco,3,36.45,0
B,9149,66.64,2.5,6.96,28,noche,polvoriento,2,41.79,0
C,7504,80.51,3.32,,110,noche,humedo,5,58.04,0
A,974,77.01,2.79,7.23,185,manana,seco,3,32.64,0
B,5274,73.71,4.15,5.16,124,manana,seco,3,39.22,0
B,2929,58.2,4.63,7.08,115,manana,humedo,1,41.43,0
B,4712,74.87,2.0,6.57,68,tarde,humedo,3,44.14,0
A,4670,66.97,2.98,6.5,33,noche,humedo,2,48.77,0
A,4675,48.1,3.03,6.33,39,manana,seco,3,47.24,0
C,3261,71.75,3.48,4.98,80,manana,seco,1,48.64,0
A,4281,51.02,4.81,6.68,32,tarde,seco,2,51.31,0
A,5221,73.86,3.99,6.14,49,manana,polvoriento,2,50.15,0
B,1597,69.46,1.8,6.29,38,manana,humedo,0,42.22,0
C,6695,67.76,5.45,6.52,218,noche,seco,4,50.73,1
C,6504,78.29,5.39,6.56,68,manana,seco,2,48.51,0
A,6915,65.15,6.23,7.74,41,tarde,,3,42.83,0
A,8500,76.06,3.08,5.66,27,tarde,seco,4,49.39,0
B,3351,60.71,3.46,6.61,125,tarde,seco,0,61.01,0
C,5056,67.81,4.7,7.47,66,manana,seco,1,54.41,0
B,3849,74.89,3.49,6.85,55,noche,humedo,3,34.44,0
A,4405,53.22,4.56,5.91,33,tarde,humedo,2,32.48,0
C,8646,64.4,5.18,6.28,72,noche,seco,5,52.98,0
A,8086,56.18,3.56,6.4,76,noche,seco,2,53.55,0
A,1001,77.27,2.81,7.2,186,manana,seco,3,32.68,0
A,9204,81.27,5.46,5.29,97,noche,seco,6,41.62,1
A,9840,72.84,3.1,6.67,131,manana,seco,3,40.41,0
A,3621,86.59,2.92,7.68,186,manana,seco,2,43.18,0
A,7001,64.37,2.74,5.82,86,noche,humedo,1,53.65,0
A,2759,61.37,3.88,7.31,51,tarde,seco,0,47.49,0
B,7207,68.01,2.77,,101,manana,seco,1,29.71,0
A,6943,65.07,6.25,7.77,38,tarde,,3,42.55,0
B,3237,59.21,5.27,4.86,58,noche,humedo,1,43.82,1
B,5376,62.57,4.65,5.41,84,manana,humedo,1,32.87,0
A,9457,62.39,2.65,,55,manana,humedo,3,41.47,0
A,5721,86.47,3.25,5.78,102,tarde,seco,1,54.04,0
B,2625,68.31,3.03,7.13,119,noche,seco,3,47.49,0
A,8146,59.07,5.02,6.85,45,manana,,0,44.63,1
A,6502,71.21,4.42,7.41,145,tarde,seco,4,59.17,0
A,2468,81.99,3.08,6.57,61,manana,seco,2,44.57,0
B,7107,62.87,1.78,6.52,43,tarde,seco,2,49.23,0
B,6543,79.09,2.51,5.75,50,manana,humedo,3,47.03,1
C,1714,79.88,3.56,6.52,39,manana,seco,0,50.81,0
B,7932,61.9,4.65,,68,noche,seco,2,43.9,0
B,8294,66.16,3.42,5.91,54,tarde,seco,1,47.94,0
B,7773,62.26,4.95,5.7,96,noche,seco,3,45.07,0
A,1075,73.82,4.24,6.55,195,manana,seco,1,50.31,0
C,2493,59.92,3.91,7.3,25,tarde,humedo,1,50.74,0
A,3166,69.0,3.78,6.97,89,manana,seco,1,46.24,0
A,5090,61.95,3.08,6.4,88,manana,humedo,2,42.14,0
C,4514,79.91,4.66,7.34,133,manana,seco,4,52.83,0
A,4794,56.11,4.26,5.93,192,manana,humedo,3,48.71,0
C,3743,77.59,5.61,5.2,41,tarde,seco,2,45.69,0
B,5547,78.87,2.87,7.81,36,manana,polvoriento,3,35.17,0
A,3611,84.65,5.63,7.05,77,noche,seco,1,39.2,0
B,4564,60.61,6.0,5.41,38,noche,seco,3,47.14,0
C,5456,68.35,4.82,6.53,82,tarde,seco,5,50.16,0
A,7390,85.67,3.63,5.64,30,noche,humedo,1,56.4,0
A,9372,76.77,4.57,6.56,72,manana,seco,3,44.06,0
B,5643,64.94,3.92,5.89,148,noche,polvoriento,2,44.59,0
C,5732,69.35,3.96,6.16,61,manana,seco,1,58.88,0
C,200,75.0,2.9,6.89,51,manana,seco,2,47.48,0
B,4750,71.76,1.94,6.47,119,noche,polvoriento,2,52.56,0
B,5183,58.55,2.57,5.72,89,manana,polvoriento,4,47.66,0
A,5322,61.94,4.69,6.27,135,manana,seco,2,41.93,0
A,8600,61.29,3.98,6.91,93,manana,seco,3,40.59,0
B,6132,69.18,4.98,5.01,118,manana,humedo,2,40.17,0
B,7673,71.69,5.01,5.06,287,noche,seco,1,46.63,1
A,3928,72.6,3.6,7.26,56,noche,seco,2,47.88,0
B,2619,73.14,2.16,6.49,184,tarde,polvoriento,2,34.55,0
B,7236,75.22,6.14,5.47,91,tarde,humedo,1,60.55,0
B,2788,62.91,3.14,5.39,52,noche,humedo,3,52.08,1
A,8005,59.38,4.98,6.83,45,manana,,0,43.97,1
B,2010,68.18,3.2,6.36,145,tarde,polvoriento,1,43.86,0
A,4146,69.08,2.79,5.13,69,manana,polvoriento,1,41.52,0
C,923,62.52,5.16,7.5,66,manana,seco,3,52.1,0
A,2706,57.68,3.62,5.66,34,manana,seco,5,38.71,0
B,4724,71.63,1.92,6.44,119,noche,polvoriento,2,52.16,0
A,5890,75.0,3.02,6.95,71,manana,seco,5,56.28,0
C,1123,68.69,4.62,7.25,142,manana,humedo,0,58.22,0
B,5211,63.02,3.09,5.99,85,tarde,seco,1,46.26,0
A,4218,72.7,2.63,7.43,146,tarde,polvoriento,5,63.61,0
C,2462,79.79,4.68,5.97,48,manana,humedo,1,43.73,0
B,6309,68.11,4.41,6.46,21,tarde,seco,2,55.7,0
B,4199,69.14,1.66,5.72,59,tarde,humedo,0,40.78,0
B,5502,67.93,4.62,5.25,201,tarde,humedo,2,43.16,0
A,6059,48.82,6.06,5.26,153,manana,seco,2,50.2,0
A,5434,63.65,4.41,5.71,86,manana,seco,2,58.16,0
B,709,75.34,3.35,6.56,45,manana,humedo,2,42.14,0
A,4814,72.57,3.07,5.7,38,manana,seco,2,52.39,0
C,5676,64.1,4.03,5.15,65,tarde,humedo,2,52.56,0
A,8920,73.03,4.68,6.68,83,manana,seco,5,43.98,0
A,3040,66.19,2.35,5.3,114,tarde,seco,2,37.52,0
B,4167,58.65,4.73,5.29,20,tarde,seco,1,47.84,0
B,4668,86.82,4.14,6.59,80,noche,polvoriento,0,42.08,0
C,4263,82.57,3.56,6.01,48,noche,humedo,0,48.54,0
A,5281,75.34,4.54,6.16,99,manana,seco,5,47.8,0
B,4604,56.75,4.42,6.97,82,noche,seco,1,32.53,0
B,7271,76.63,4.77,6.21,68,tarde,polvoriento,0,42.81,0
A,7321,78.24,5.0,7.01,88,noche,seco,2,52.76,0
A,7189,85.42,3.02,5.82,57,noche,polvoriento,3,49.19,0
A,3800,67.76,4.88,6.08,35,manana,humedo,2,55.32,0
A,2613,68.07,4.17,7.59,15,manana,seco,0,40.61,0
B,7115,76.7,4.85,6.19,68,tarde,polvoriento,0,43.0,0
C,3972,81.58,3.8,6.77,21,noche,seco,3,67.54,0
B,5619,68.99,3.17,5.84,110,manana,humedo,6,52.05,0
C,6327,60.26,5.67,,27,manana,seco,3,55.85,0
B,7985,66.88,5.2,5.76,72,tarde,seco,2,32.06,0
A,4132,78.79,2.88,6.92,139,manana,seco,1,38.74,0
C,6958,84.52,4.13,5.57,59,manana,,3,52.42,0
A,850,45.37,2.35,6.47,80,tarde,seco,1,40.82,0
A,3472,70.31,5.53,6.94,108,manana,polvoriento,1,43.33,0
B,6966,63.0,1.26,7.09,127,manana,seco,3,30.84,0
B,4555,71.59,2.93,6.23,103,noche,seco,1,46.05,0
A,5809,73.65,4.34,4.94,91,manana,seco,2,41.49,0
B,5133,73.86,4.05,5.92,45,manana,seco,1,38.39,0
A,2330,73.22,3.78,6.11,86,manana,seco,3,39.34,0
B,7555,75.88,3.34,5.13,108,manana,polvoriento,5,42.44,0
A,4253,72.88,3.72,6.82,112,tarde,seco,0,49.27,0
C,3846,64.08,5.76,,62,tarde,seco,2,53.4,1
C,4756,84.53,4.71,5.41,89,manana,seco,2,55.84,0
A,6984,57.5,2.29,6.25,52,tarde,polvoriento,6,45.71,0
C,3839,81.21,3.78,6.75,20,noche,seco,3,67.67,0
B,4165,74.78,3.0,4.44,165,noche,seco,2,48.13,0
B,8173,71.14,,6.31,37,noche,seco,1,35.05,0
B,5620,61.7,4.53,5.73,106,noche,polvoriento,6,45.7,0
A,5200,57.89,6.0,6.47,32,tarde,polvoriento,1,50.88,1
A,8438,52.77,4.66,6.41,153,tarde,seco,1,40.33,0
B,215,67.79,3.6,5.31,99,noche,seco,2,45.63,0
A,5827,71.13,2.81,6.07,200,noche,seco,1,40.84,1
B,8601,76.18,3.83,6.24,100,tarde,polvoriento,0,37.26,0
B,7717,67.02,5.81,6.87,105,noche,seco,3,55.56,1
A,2119,71.07,3.3,6.66,44,manana,humedo,2,37.52,0
B,200,72.75,2.7,5.74,94,manana,seco,0,40.44,0
B,4343,73.75,3.34,5.97,73,manana,seco,2,49.04,0
A,2727,61.71,3.87,7.29,52,tarde,seco,0,47.4,0
A,5076,68.38,3.66,5.87,95,tarde,seco,0,46.66,1
A,4561,64.28,3.14,5.92,98,noche,seco,2,51.5,0
A,4978,52.61,2.56,6.83,246,manana,polvoriento,1,53.54,0
B,4870,73.28,5.3,6.41,21,tarde,humedo,0,37.42,0
A,1900,75.45,3.1,6.0,78,noche,seco,2,49.53,0
C,6327,91.45,4.57,5.76,184,noche,polvoriento,3,45.19,1
B,2763,73.43,3.75,6.79,135,tarde,humedo,0,44.92,0
C,4454,82.88,3.44,7.65,47,noche,seco,1,49.66,0
A,7764,71.48,4.74,6.22,153,tarde,polvoriento,0,56.01,1
B,4218,52.55,1.82,6.33,213,tarde,polvoriento,1,43.25,0
A,2802,66.16,0.53,6.74,83,manana,seco,2,54.18,0
A,8543,76.05,3.04,5.7,26,tarde,seco,4,49.87,0
A,6728,75.03,4.16,5.16,151,manana,humedo,2,44.36,0
B,7848,73.78,3.31,6.31,109,manana,humedo,3,53.0,0
B,6224,88.21,4.39,6.08,51,manana,humedo,1,41.31,0
C,4668,65.89,4.13,5.5,77,manana,,0,55.48,0
B,5048,78.4,3.46,6.68,51,noche,humedo,1,48.08,0
C,5708,64.34,3.96,5.12,65,tarde,humedo,2,52.77,0
C,4354,62.05,3.8,5.4,158,tarde,seco,2,50.86,1
A,4171,68.96,2.78,5.1,67,manana,polvoriento,1,41.56,0
B,3653,70.82,3.41,7.71,90,manana,polvoriento,3,56.73,0
B,5566,69.89,3.94,5.49,57,noche,seco,2,42.26,0
C,6009,60.23,5.17,6.43,129,manana,polvoriento,5,43.78,0
C,6964,78.57,3.94,6.52,99,tarde,humedo,4,56.58,0
C,3387,65.63,1.8,6.06,143,tarde,seco,2,49.03,0
B,2419,71.75,4.9,4.69,170,manana,seco,0,50.67,0
B,6758,73.26,2.63,6.09,124,tarde,seco,5,47.09,0
A,4122,79.09,4.19,6.1,154,manana,polvoriento,2,40.73,0
B,4878,63.25,1.93,5.24,18,manana,seco,4,52.92,0
C,5234,60.14,2.97,6.1,67,tarde,humedo,1,44.95,0
B,6596,79.1,2.51,5.78,47,manana,humedo,3,46.77,1
A,6177,58.35,5.66,6.33,65,noche,humedo,2,52.61,0
A,5709,61.94,5.23,5.53,35,tarde,polvoriento,2,47.92,1
A,6678,76.21,4.83,7.09,59,manana,seco,4,43.84,1
C,9619,71.84,5.28,6.52,137,tarde,seco,2,50.26,1
B,5693,63.89,4.36,8.18,44,tarde,seco,1,48.52,0
C,2912,71.35,3.21,9.24,42,noche,seco,3,57.14,0
B,2510,62.86,3.01,4.75,131,manana,,1,46.29,0
A,6457,82.61,1.73,5.77,55,tarde,humedo,1,45.32,0
C,4413,62.36,3.82,5.42,157,tarde,seco,2,50.73,1
A,3019,52.73,2.6,6.68,102,manana,polvoriento,3,39.71,0
A,5018,69.91,3.4,7.23,300,noche,seco,4,50.59,0
B,6662,63.23,3.88,5.23,78,noche,polvoriento,4,39.82,0
B,6896,66.49,,6.18,51,manana,humedo,4,47.16,0
A,4198,66.96,3.62,7.89,123,manana,humedo,4,47.05,0
A,4546,73.41,4.12,6.26,90,noche,seco,3,55.65,0
A,5371,52.9,4.9,6.63,118,tarde,seco,3,49.64,0
A,200,74.58,5.04,6.22,142,manana,seco,1,47.98,0
A,5644,72.96,4.95,7.18,16,tarde,seco,1,34.88,0
B,3916,59.46,5.18,6.51,41,manana,seco,0,47.72,0
B,3529,57.56,4.29,5.62,167,manana,seco,3,43.25,0
A,7048,77.28,3.53,6.94,23,manana,humedo,4,53.16,0
A,4553,77.14,4.26,6.14,106,manana,seco,2,50.11,0
B,8971,76.04,5.38,6.29,93,manana,polvoriento,3,48.8,1
C,7060,75.9,5.3,6.3,243,tarde,humedo,2,59.34,0
A,5694,79.8,3.95,6.2,49,manana,seco,1,45.58,0
A,637,76.61,3.24,5.75,114,manana,seco,4,35.0,0
A,1939,74.42,4.64,5.91,116,noche,humedo,3,61.06,0
C,4207,71.27,4.38,7.86,54,noche,seco,1,41.92,0
A,4706,60.67,2.69,6.59,96,noche,seco,3,47.55,1
A,4141,65.12,4.23,6.23,113,tarde,seco,3,57.59,0
B,6370,76.93,4.0,7.25,108,tarde,seco,1,51.97,0
A,7955,54.68,4.51,7.04,118,manana,humedo,4,44.44,0
A,3851,70.75,4.37,6.72,141,manana,polvoriento,2,53.11,0
A,4211,58.35,3.16,6.84,39,tarde,seco,1,49.41,0
B,3619,60.7,3.46,6.05,169,noche,seco,3,39.26,0
A,9511,61.98,2.66,,53,manana,humedo,3,41.09,0
A,7279,72.24,4.07,7.29,84,manana,polvoriento,2,48.4,0
A,2423,68.34,4.23,7.34,71,manana,polvoriento,0,52.1,0
A,5622,76.25,3.92,6.31,109,manana,polvoriento,4,54.88,0
B,6761,68.04,4.28,5.74,45,noche,seco,0,49.32,0
B,6745,67.84,4.28,5.74,46,noche,seco,0,49.22,0
A,4190,75.2,4.11,6.93,183,manana,seco,0,55.84,0
B,7287,70.8,4.92,6.49,32,tarde,seco,1,50.09,0
A,5377,73.2,4.56,7.06,69,tarde,seco,1,46.12,0
C,8477,77.95,4.84,6.07,239,tarde,seco,3,44.95,1
B,4906,59.3,5.81,6.38,77,manana,,1,35.37,0
C,7848,91.5,5.56,6.09,34,manana,humedo,1,44.27,0
B,4430,56.87,3.32,6.9,94,tarde,seco,1,51.72,0
A,7120,86.67,3.57,5.43,184,noche,seco,2,56.92,0
A,5612,64.5,,6.22,88,tarde,,4,37.65,0
A,5085,78.62,5.19,6.73,66,noche,seco,3,49.76,1
A,923,61.96,4.85,6.96,128,tarde,polvoriento,2,37.42,1
A,2886,67.47,3.49,7.08,93,tarde,polvoriento,2,45.35,0
A,5330,62.04,3.92,6.72,112,noche,seco,1,41.35,0
A,2035,66.21,4.05,6.77,87,tarde,seco,1,40.19,0
C,354,81.6,3.8,5.78,134,tarde,humedo,0,46.6,0
C,2726,65.99,3.59,6.66,102,tarde,seco,6,51.69,0
C,1918,71.33,3.54,7.11,115,manana,humedo,2,48.77,0
A,6857,56.05,2.65,7.3,58,noche,polvoriento,2,38.32,0
A,3055,66.47,2.36,5.3,113,tarde,seco,2,38.1,0
A,5556,69.3,3.16,6.89,86,manana,polvoriento,0,49.19,0
C,9440,78.96,3.91,6.09,20,tarde,polvoriento,3,57.97,0
A,2500,70.84,3.58,6.15,59,tarde,seco,3,31.8,0
C,5760,46.01,2.81,6.47,93,manana,seco,2,46.74,0
A,3987,69.74,3.32,6.57,98,manana,humedo,2,33.27,0
C,5050,73.97,4.36,6.61,91,noche,polvoriento,2,41.28,0
B,7681,56.79,2.16,7.15,7,tarde,seco,3,37.48,0
A,5415,74.66,4.78,6.43,33,manana,seco,3,50.81,0
C,4666,68.53,3.43,5.54,86,manana,seco,4,52.64,0
A,8496,76.98,3.89,5.73,81,noche,seco,0,43.02,0
B,7116,62.44,1.74,6.51,45,tarde,seco,2,49.08,0
A,10259,69.03,4.36,5.93,57,tarde,seco,3,40.31,0
C,5669,74.5,3.78,6.67,96,tarde,humedo,0,37.16,0
A,6111,74.66,3.7,5.33,63,manana,seco,1,57.74,0
A,5622,67.66,2.29,6.69,72,noche,seco,3,40.1,0
A,5775,68.39,2.95,7.43,81,manana,humedo,3,45.87,0
B,5576,59.91,3.73,5.43,44,tarde,seco,1,45.66,0
B,4937,59.56,5.8,6.36,78,manana,,1,35.69,0
C,5219,76.6,3.83,7.02,57,tarde,humedo,1,41.86,0
C,4813,61.32,3.12,6.27,183,manana,polvoriento,1,47.48,0
C,4010,81.38,3.82,6.74,25,noche,seco,3,67.78,0
B,7110,75.56,6.14,5.48,87,tarde,humedo,1,60.65,0
A,4551,60.88,2.72,6.01,28,tarde,seco,2,36.9,0
A,5283,52.79,4.83,6.65,118,tarde,seco,3,49.76,0
A,2232,73.52,3.79,6.09,86,manana,seco,3,39.59,0
A,4289,58.39,2.78,6.09,30,noche,seco,4,49.44,0
B,4095,72.5,5.38,7.92,186,tarde,seco,4,58.27,1
A,1993,69.66,3.42,5.74,47,manana,seco,2,38.61,0
A,8924,58.79,5.62,5.89,154,noche,seco,4,45.14,0
C,6696,68.76,3.81,6.35,142,tarde,humedo,3,48.97,1
B,9418,67.31,3.72,,58,tarde,seco,2,52.09,0
B,4887,80.2,3.72,5.15,28,noche,seco,3,50.63,0
C,6258,73.75,4.0,6.23,52,noche,seco,0,42.95,0
A,6793,57.03,6.5,5.54,85,manana,seco,4,51.72,1
B,3067,67.2,3.56,6.34,144,manana,seco,3,50.73,0
C,2921,70.6,4.67,5.74,101,manana,humedo,2,63.24,0
C,4193,57.05,5.63,7.06,131,tarde,humedo,4,60.81,0
A,6189,58.61,4.82,6.79,24,manana,seco,0,52.32,0
A,6219,50.81,3.71,5.36,58,tarde,polvoriento,0,51.34,0
A,6025,65.77,3.79,7.03,122,manana,seco,1,42.84,0
B,4356,69.27,5.43,5.54,79,tarde,humedo,2,53.24,0
B,6189,70.24,3.3,5.87,95,noche,polvoriento,3,41.63,0
B,5358,67.65,4.04,6.34,56,manana,polvoriento,0,53.39,0
B,4133,52.54,1.81,6.32,211,tarde,polvoriento,1,43.47,0
A,8080,59.37,4.95,6.81,45,manana,,0,44.6,1
A,6958,73.81,2.39,7.85,75,manana,seco,1,55.27,0
B,7227,67.69,2.8,,102,manana,seco,1,29.89,0
B,8748,76.51,3.79,6.27,99,tarde,polvoriento,0,36.94,0
C,4585,72.2,4.8,5.28,121,tarde,seco,3,55.59,1
B,4866,75.64,4.54,,70,tarde,humedo,3,30.6,1
C,7605,82.17,5.0,6.42,108,tarde,humedo,9,49.31,0
B,4187,52.74,1.77,6.34,213,tarde,polvoriento,1,42.9,0
C,6140,70.92,6.18,6.79,72,manana,seco,1,60.62,1
A,9079,66.75,5.19,5.9,84,tarde,seco,1,43.68,0
A,5334,81.79,1.41,6.03,80,noche,seco,2,48.9,0
A,6520,78.46,,6.15,83,noche,polvoriento,0,41.3,0
A,2122,71.29,3.51,7.09,137,tarde,humedo,5,37.7,0
C,9085,74.75,4.44,6.09,100,manana,seco,1,42.81,0
A,7478,74.99,3.42,5.47,57,tarde,polvoriento,1,55.53,0
A,2630,73.81,3.66,6.03,66,manana,humedo,0,56.76,0
C,5482,68.43,4.75,6.53,81,tarde,seco,5,50.33,0
B,4208,66.4,2.31,6.73,78,noche,humedo,3,45.85,0
A,5208,67.43,3.18,6.68,70,noche,humedo,1,41.74,0
A,5936,71.39,3.2,6.06,96,manana,seco,3,43.06,1
A,5919,71.02,3.25,6.02,98,manana,seco,3,43.32,1
B,4346,56.68,3.22,6.91,89,tarde,seco,1,52.54,0
A,2650,72.83,4.68,6.68,78,manana,seco,5,40.98,0
B,3642,64.9,3.16,6.68,121,tarde,,3,47.23,0
C,3216,75.13,5.21,4.95,87,tarde,seco,0,62.41,1
C,5727,69.32,2.5,6.63,34,tarde,humedo,4,55.27,0
B,5323,74.97,4.46,6.17,129,manana,seco,2,54.75,0
A,4118,78.47,4.18,6.34,91,manana,seco,5,39.45,0
C,7983,78.98,6.78,6.57,96,noche,seco,3,47.35,0
B,5634,67.4,3.27,5.13,224,manana,seco,4,47.79,0
B,2764,72.17,3.87,5.64,124,tarde,seco,0,41.05,0
A,2909,79.1,2.36,6.29,80,manana,seco,1,48.73,0
B,5049,75.15,2.43,7.56,108,noche,seco,0,45.42,0
A,1302,77.07,2.49,7.7,69,tarde,humedo,3,47.85,0
A,7102,75.88,4.17,6.44,108,tarde,,1,52.68,0
B,6666,66.97,5.07,6.61,165,noche,polvoriento,3,50.67,0
A,4094,80.77,4.36,6.98,50,manana,humedo,3,41.09,0
A,4834,73.29,4.96,6.22,130,manana,seco,1,46.03,0
B,7056,68.56,4.3,5.19,29,manana,humedo,3,40.22,1
A,7114,79.43,4.63,5.8,104,manana,seco,2,32.82,1
C,6389,91.02,4.53,5.73,184,noche,polvoriento,3,45.63,1
B,4182,73.6,3.31,6.0,71,manana,seco,2,48.92,0
B,4429,61.99,3.14,5.78,52,manana,polvoriento,4,40.59,0
C,4720,88.03,3.22,6.37,67,manana,seco,3,49.96,0
C,3879,58.55,5.0,6.64,46,tarde,humedo,0,45.2,0
C,2849,70.6,4.67,5.73,99,manana,humedo,2,63.64,0
A,5038,61.47,3.02,6.36,93,manana,humedo,2,42.11,0
C,1111,71.59,3.37,6.07,74,tarde,seco,3,50.25,0
B,6054,73.32,3.41,5.65,160,tarde,humedo,2,31.23,0
B,6486,76.45,2.76,6.46,155,manana,humedo,1,55.63,0
A,4236,63.86,3.44,6.41,138,tarde,seco,4,51.32,0
A,8261,64.7,4.82,6.32,42,noche,humedo,0,43.5,0
B,5527,71.96,2.61,7.15,24,noche,seco,3,48.11,0
B,6625,63.06,3.0,7.15,23,manana,seco,4,34.95,0
A,6730,68.04,6.03,6.6,143,tarde,seco,3,46.03,0
B,5375,59.25,3.61,6.48,107,manana,seco,1,47.29,0
A,2637,74.42,4.76,6.59,206,noche,seco,3,39.57,1
A,4846,67.81,4.92,5.97,147,noche,seco,3,46.14,0
A,6629,65.93,3.96,6.05,62,tarde,seco,4,45.74,0
B,6749,66.85,1.87,6.53,30,noche,seco,3,29.77,0
B,5500,73.04,3.15,7.19,82,noche,seco,2,58.85,0
A,2593,76.98,2.46,6.04,43,manana,humedo,0,48.63,0
A,7529,83.05,5.59,7.45,59,manana,seco,2,36.97,0
A,5281,71.39,4.23,6.64,71,manana,humedo,1,47.55,1
C,5253,71.83,4.52,6.58,80,manana,seco,2,50.68,0
A,4281,62.36,1.37,7.42,58,tarde,seco,0,32.1,0
A,5819,57.84,3.65,7.56,48,tarde,seco,3,44.74,0
A,3869,85.61,2.98,6.55,126,noche,seco,1,51.43,0
A,3406,73.84,4.09,6.37,50,tarde,seco,0,48.92,0
B,2386,69.19,3.19,6.5,20,tarde,humedo,3,40.96,0
B,7258,59.12,5.57,6.46,32,manana,seco,2,48.69,0
A,4053,71.87,4.09,6.3,94,manana,humedo,0,42.98,0
A,3649,71.65,3.83,6.5,55,manana,seco,1,51.71,0
B,7703,66.79,5.83,6.82,105,noche,seco,3,55.0,1
A,905,69.29,3.41,6.33,25,manana,polvoriento,1,44.65,0
A,8101,63.48,4.35,6.11,117,tarde,seco,3,51.98,1
C,398,70.1,3.96,6.24,65,noche,polvoriento,1,48.45,0
B,9475,67.4,3.73,,55,tarde,seco,2,52.24,0
B,4280,79.45,3.2,5.99,74,tarde,seco,2,31.44,0
C,987,66.13,4.13,7.43,194,manana,seco,2,50.58,0
B,5540,76.33,2.37,6.26,41,tarde,humedo,3,45.57,0
A,4858,62.31,2.45,6.8,38,noche,polvoriento,2,38.94,0
B,9087,52.96,4.63,5.78,21,noche,seco,2,52.95,0
A,4899,63.24,3.79,7.37,12,manana,polvoriento,4,41.83,0
B,6714,67.23,4.59,5.54,76,noche,polvoriento,0,42.76,1
C,4083,63.14,3.63,7.74,16,manana,humedo,3,51.05,0
C,2692,54.88,5.33,5.88,65,tarde,seco,1,50.28,0
A,5573,52.76,2.84,5.55,116,manana,humedo,3,45.31,0
A,1405,70.66,3.86,6.55,104,manana,polvoriento,1,46.44,0
A,5886,72.48,3.78,6.39,106,manana,polvoriento,1,47.94,1
A,4095,57.19,2.91,6.84,138,manana,polvoriento,1,41.78,0
A,2475,79.25,4.82,6.26,78,tarde,seco,1,45.37,0
B,3466,73.95,2.25,6.09,89,tarde,polvoriento,2,58.15,0
B,5560,58.8,3.58,6.53,109,manana,seco,1,47.43,0
A,4417,64.56,4.55,,54,manana,seco,0,52.85,0
C,2040,79.96,2.72,5.31,106,tarde,polvoriento,0,52.11,0
C,7045,75.31,5.22,6.33,243,tarde,humedo,2,59.4,0
C,6684,78.07,3.35,5.46,147,tarde,humedo,2,50.79,0
B,8688,79.21,4.82,6.75,80,noche,seco,1,55.7,0
C,1145,71.25,3.7,7.03,197,tarde,seco,0,48.96,0
A,4844,71.97,4.93,6.53,78,tarde,humedo,2,41.11,0
C,4001,75.9,2.27,7.76,107,manana,seco,0,48.67,0
C,6926,65.33,3.57,5.93,105,noche,humedo,2,55.74,0
A,4703,67.77,3.67,5.77,90,manana,seco,2,49.13,0
B,3337,71.23,5.69,6.28,31,tarde,seco,1,38.97,0
B,7330,69.92,4.72,6.19,63,noche,humedo,2,46.13,0
A,6087,70.2,2.54,7.33,139,tarde,seco,3,42.45,0
B,4173,75.1,4.9,,31,tarde,polvoriento,0,45.45,0
B,6767,73.35,2.63,6.1,124,tarde,seco,5,46.75,0
B,2344,68.72,3.19,6.5,19,tarde,humedo,3,40.8,0
A,1726,76.09,4.82,6.94,163,manana,humedo,4,51.83,0
C,1780,73.78,2.42,6.18,132,manana,seco,3,41.44,0
A,3366,54.83,3.78,5.89,139,manana,seco,3,53.89,0
B,6643,59.87,4.67,7.1,54,manana,seco,2,37.41,0
A,6957,56.34,2.58,6.04,60,manana,seco,2,39.46,0
C,6759,68.35,5.3,6.28,14,tarde,humedo,4,47.92,0
B,9459,64.02,4.22,5.8,103,tarde,seco,2,48.15,0
A,5403,73.87,3.01,7.31,39,tarde,seco,3,33.32,0
B,7255,59.32,5.63,6.45,33,manana,seco,2,48.91,0
A,5702,67.78,4.86,6.81,49,noche,seco,1,55.1,0
B,5899,69.3,2.01,6.44,58,manana,polvoriento,3,46.32,0
A,3964,85.44,2.96,6.55,127,noche,seco,1,51.84,0
C,3477,84.06,4.92,,97,noche,polvoriento,2,61.92,0
A,2837,72.63,3.37,5.04,129,noche,seco,2,37.33,0
C,9472,80.72,4.95,6.86,78,noche,humedo,2,61.61,0
A,4179,72.76,4.73,6.76,68,manana,humedo,0,39.32,0
C,6946,75.17,1.7,4.82,92,tarde,humedo,2,56.13,0
A,2736,57.71,3.64,5.68,33,manana,seco,5,38.58,0
B,6529,70.57,2.82,6.77,92,tarde,seco,6,49.39,0
B,5675,68.87,4.05,6.23,18,manana,seco,2,51.52,0
C,4899,61.03,3.13,6.23,183,manana,polvoriento,1,47.45,0
A,5160,68.31,3.64,5.86,94,tarde,seco,0,46.67,1
B,4142,76.37,4.47,5.06,83,noche,humedo,2,39.79,0
B,4525,63.77,3.85,5.56,163,manana,seco,0,51.83,0
B,7287,76.11,3.93,6.0,88,manana,seco,3,36.21,1
B,6381,57.72,3.86,6.43,78,manana,humedo,1,43.21,0
B,4820,64.58,2.7,4.33,36,tarde,humedo,3,48.18,0
C,5744,85.03,4.98,5.54,117,manana,humedo,0,60.85,0
A,6231,71.92,4.16,7.04,110,tarde,polvoriento,1,45.72,1
A,10117,70.05,2.91,6.27,102,tarde,seco,2,33.97,0
C,5711,86.2,6.14,7.29,37,tarde,humedo,0,40.04,0
B,1049,57.04,2.28,5.81,251,noche,polvoriento,2,43.91,0
A,5910,79.85,3.16,6.65,86,tarde,seco,2,50.2,0
B,7856,62.6,4.71,5.64,134,tarde,humedo,2,43.58,0
C,5473,91.78,5.31,6.3,65,manana,polvoriento,1,58.29,0
A,4962,73.34,4.96,6.21,132,manana,seco,1,46.24,0
B,5471,81.52,5.12,6.33,69,manana,humedo,2,49.3,0
A,1963,63.94,2.76,7.13,226,noche,seco,3,48.09,0
B,7706,71.28,4.99,5.08,283,noche,seco,1,46.73,1
B,8880,68.41,3.36,5.74,57,tarde,seco,4,35.46,0
B,5622,63.45,4.4,8.19,42,tarde,seco,1,48.05,0
B,2483,67.0,4.53,6.07,22,tarde,seco,1,35.79,0
